TIME, VerticalSpeed, RadarAltitude, TargetVerticalSpeed, TargetThrottle, Latitude, Longitude, XError, YError, TargetXSpeed, CurrentXSpeed, TargetXPitch, TargetYSpeed, CurrentYSpeed, TargetYPitch, TotalTargetPitch, TotalTargetHeading
47483.4488679137, -0.426726674936869, 544.383239746094, -15, 0.01, 28.6083564758301, -80.5997543334961, -317.387403716685, -90.0816976476447, 15, -0.0640190220491672, 15, 7.20653581181158, -0.315930001629133, 9.02695897612885, 17.4531580368754, 58.775259033057
47483.5088679137, -0.685751205995803, 544.347290039063, -15, 0.01, 28.6083564758301, -80.5997543334961, -317.387403716685, -90.0816976476447, 15, -0.0639074166763343, 15, 7.20653581181158, -0.316823517842071, 9.04148037331226, 17.4605000732732, 58.7347567356042
47483.5688679137, -0.94430792216346, 544.295776367188, -15, 0.01, 28.6083564758301, -80.5997543334961, -317.387403716685, -90.0816976476447, 15, -0.0638245984410044, 15, 7.20653581181158, -0.317714583905876, 9.0470397013342, 17.4633131815329, 58.7192605852922
47483.6288679136, -1.20245344733516, 544.228759765625, -15, 0.01, 28.6083564758301, -80.5997543334961, -317.387403716685, -90.0816976476447, 15, -0.0642211156433927, 15, 7.20653581181158, -0.318659892830986, 9.05323161807953, 17.4664478910452, 58.7020074225812
47483.6888679136, -1.46089909103212, 544.146301269531, -15, 0.01, 28.6083564758301, -80.5997543334961, -317.387403716685, -90.0816976476447, 15, -0.0682791682587509, 15, 7.20653581181158, -0.319968088021201, 9.06294621729859, 17.4713691742884, 58.6749519779577
47483.7488679136, -1.71981274059756, 544.048278808594, -15, 0.01, 28.6083564758301, -80.5997543334961, -317.387403716685, -90.0816976476447, 15, -0.0848431900650978, 15, 7.20653581181158, -0.322501762706825, 9.08275884442138, 17.4814180310446, 58.6198236640162
47483.8088679136, -1.97893478333284, 543.934753417969, -15, 0.01, 28.6083564758301, -80.5997543334961, -317.387403716685, -90.0816976476447, 15, -0.111042352523253, 15, 7.20653581181158, -0.325984363276601, 9.10094673605249, 17.4906570479134, 58.5692757249799
47483.8688679136, -2.23864278677912, 543.805603027344, -15, 0.01, 28.6083545684814, -80.5997543334961, -317.387403716685, -90.2937851389559, 15, -0.142804603479419, 15, 7.4355903024616, -0.330014752549505, 9.39078584202441, 17.6397074584487, 57.7714368221328
47483.9288679136, -2.49878136286769, 543.660827636719, -15, 0.01, 28.6083545684814, -80.5997543334961, -317.387403716685, -90.2937851389559, 15, -0.177768323622499, 15, 7.22350281111647, -0.334357454857277, 9.13980475796941, 17.5104414960445, 58.461472200499
47483.9888679136, -2.75926704770077, 543.500549316406, -15, 0.01, 28.6083545684814, -80.5997619628906, -318.23575368193, -90.2937851389559, 15, -0.214504651072018, 15, 7.22350281111647, -0.338867491401621, 9.16228432214057, 17.521915134721, 58.3992260857853
47484.0488679136, -3.01947105880235, 543.324584960938, -15, 0.01, 28.6083545684814, -80.5997619628906, -318.23575368193, -90.2937851389559, 15, -0.264704382682941, 15, 7.22350281111647, -0.344985622163571, 9.19024811429278, 17.5362167495183, 58.3219155567925
47484.1088679136, -3.27979201516657, 543.065612792969, -15, 0.01, 28.6083545684814, -80.5997619628906, -318.23575368193, -90.2937851389559, 15, -0.302557598061062, 15, 7.22350281111647, -0.349581241585229, 9.1850815946243, 17.5335720168923, 58.3361891151251
47484.1688679136, -3.54012029073817, 542.853149414063, -15, 0.01, 28.6083545684814, -80.5997619628906, -318.23575368193, -90.2937851389559, 15, -0.340233728495582, 15, 7.22350281111647, -0.35414739838339, 9.19481294667205, 17.5385543846435, 58.3093081053385
47484.2288679136, -3.80058722548857, 542.625, -15, 0.01, 28.6083545684814, -80.5997619628906, -318.23575368193, -90.2937851389559, 15, -0.377526124745053, 15, 7.22350281111647, -0.358663725042338, 9.20428353719155, 17.5434069489179, 58.283163052146
47484.2888679135, -4.06093825738899, 542.381286621094, -15, 0.01, 28.6083545684814, -80.5997619628906, -318.23575368193, -90.2937851389559, 15, -0.414213520367742, 15, 7.22350281111647, -0.363108291057836, 9.21345137663611, 17.5481078664914, 58.2578684963401
47484.3488679135, -4.32113279071383, 542.121826171875, -15, 0.01, 28.6083545684814, -80.5997619628906, -318.23575368193, -90.2937851389559, 15, -0.450236913348884, 15, 7.22350281111647, -0.367475745099633, 9.22247578888213, 17.5527385786584, 58.2329837908396
47484.4088679135, -4.66762875705478, 541.846801757813, -15, 0.01, 28.6083545684814, -80.5997619628906, -318.23575368193, -90.2937851389559, 15, -0.485393681003997, 15, 7.22350281111647, -0.371746789561792, 9.23119409619986, 17.5572153618375, 58.2089564748215
47484.4688679135, -4.92755799434694, 541.556091308594, -15, 0.01, 28.6083526611328, -80.5997619628906, -318.23575368193, -90.5058726302671, 15, -0.51963056199298, 15, 7.45255730176651, -0.37591647441938, 9.5147465950281, 17.7044865277569, 57.4346159435868
47484.5288679135, -5.1872510730825, 541.154602050781, -15, 0.01, 28.6083526611328, -80.5997619628906, -318.23575368193, -90.5058726302671, 15, -0.552799783684196, 15, 7.24046981042137, -0.379970054455929, 9.26851711716541, 17.5764153044831, 58.1062434883429
47484.5888679135, -5.4471660178948, 540.714782714844, -15, 0.01, 28.6083526611328, -80.5997619628906, -318.23575368193, -90.5058726302671, 15, -0.584866649238178, 15, 7.24046981042137, -0.383904332980431, 9.27661986075946, 17.5805910238839, 58.083976382183
47484.6488679135, -5.70645766049479, 540.593505859375, -15, 0.01, 28.6083526611328, -80.5997619628906, -318.23575368193, -90.5058726302671, 15, -0.615723970496206, 15, 7.24046981042137, -0.387709974951968, 9.28447717346593, 17.5846427974004, 58.0623945240861
47484.7088679135, -5.96589639232225, 540.033935546875, -15, 0.01, 28.6083526611328, -80.5997619628906, -318.23575368193, -90.5058726302671, 15, -0.645249243169804, 15, 7.24046981042137, -0.391375824693107, 9.29205737823144, 17.5885540397627, 58.0415838634378
47484.7688679135, -6.22534701040717, 539.91259765625, -15, 0.01, 28.6083526611328, -80.5997619628906, -318.23575368193, -90.5058726302671, 15, -0.673350212160328, 15, 7.24046981042137, -0.394891286406065, 9.29935326866229, 17.5923207732153, 58.0215630864511
47484.8288679135, -6.48462803979949, 539.471130371094, -15, 0.01, 28.6083526611328, -80.5997619628906, -318.23575368193, -90.5058726302671, 15, -0.700011145341608, 15, 7.24046981042137, -0.398256301860326, 9.30647006028684, 17.595997111425, 58.0020425924263
47484.8888679134, -6.74377439952853, 538.91162109375, -15, 0.01, 28.6083526611328, -80.5997619628906, -318.23575368193, -90.5058726302671, 15, -0.725059115523483, 15, 7.24046981042137, -0.401455247146871, 9.31323324798708, 17.5994926810159, 57.9835000573602
47484.9488679134, -7.00257766582085, 538.352111816406, -15, 0.01, 28.6083526611328, -80.5997619628906, -318.23575368193, -90.5058726302671, 15, -0.747377546200688, 15, 7.24046981042137, -0.405400261422796, 9.33001547705554, 17.6081745787532, 57.9375224085492
47485.0088679134, -7.26077684204665, 538.230712890625, -15, 0.01, 28.6083526611328, -80.5997619628906, -318.23575368193, -90.5058726302671, 15, -0.763005855162058, 15, 7.24046981042137, -0.413263612843011, 9.3832271102622, 17.635777271275, 57.7920603315504
47485.0688679134, -7.5187688923909, 537.669555664063, -15, 0.01, 28.6083507537842, -80.5997619628906, -318.23575368193, -90.7179601215783, 15, -0.769319932552405, 15, 7.46952430107139, -0.427166899269679, 9.73991380754788, 17.8237057275092, 56.8295267746369
47485.1288679134, -7.77703866821293, 537.109985351563, -15, 0.01, 28.6083507537842, -80.5997619628906, -318.23575368193, -90.7179601215783, 15, -0.764725818974855, 15, 7.25743680972626, -0.448344228551866, 9.5881855102614, 17.7431515159883, 57.2363123694958
47485.1888679134, -8.0359658818352, 536.550476074219, -15, 0.01, 28.6083507537842, -80.5997619628906, -318.23575368193, -90.7179601215783, 15, -0.749785778709988, 15, 7.25743680972626, -0.476322494567746, 9.69440905241011, 17.7994523980451, 56.9511131622008
47485.2488679134, -8.29580995659961, 536.427429199219, -15, 0.01, 28.6083507537842, -80.5997619628906, -318.23575368193, -90.7179601215783, 15, -0.727679230941545, 15, 7.25743680972626, -0.508363766346018, 9.77814811651936, 17.8441461673926, 56.7276394727301
47485.3088679134, -8.55622777092264, 535.867919921875, -15, 0.01, 28.6083507537842, -80.5997619628906, -318.23575368193, -90.7179601215783, 15, -0.70054026706778, 15, 7.25743680972626, -0.542618944728999, 9.8460734300815, 17.8805990417629, 56.5472449157356
47485.3688679134, -8.8172268482756, 535.308288574219, -15, 0.01, 28.6083507537842, -80.5997619628906, -318.23575368193, -90.7179601215783, 15, -0.669625220645547, 15, 7.25743680972626, -0.577958345017594, 9.90402416657778, 17.9118392012256, 56.3939606598315
47485.4288679134, -9.07830858085017, 534.748718261719, -15, 0.01, 28.6083507537842, -80.5997619628906, -318.23575368193, -90.7179601215783, 15, -0.635691176580758, 15, 7.25743680972626, -0.613662166271344, 9.95523562111925, 17.9395532525498, 56.2589768133345
47485.4888679134, -9.33990027390585, 534.189086914063, -15, 0.01, 28.6083507537842, -80.5997619628906, -318.23575368193, -90.7179601215783, 15, -0.599236060572255, 15, 7.25743680972626, -0.649223937942687, 10.0012332477484, 17.9645308550472, 56.1381146465213
47485.5488679133, -9.601353012754, 533.509765625, -15, 0.01, 28.6083507537842, -80.5997619628906, -318.23575368193, -90.7179601215783, 15, -0.560473699094864, 15, 7.25743680972626, -0.684391836094324, 10.0442610875194, 17.9879684120688, 56.025380097482
47485.6088679133, -9.86310791289457, 532.94873046875, -15, 0.01, 28.6083488464355, -80.5997619628906, -318.23575368193, -90.9300476128895, 15, -0.519542960743043, 15, 7.48649130037629, -0.718967053069757, 10.3596131999183, 18.1618588788043, 55.2086771014034
47485.6688679133, -10.1252197534032, 532.389099121094, -15, 0.01, 28.6083488464355, -80.5997619628906, -318.23575368193, -90.9300476128895, 15, -0.476620756114413, 15, 7.27440380903116, -0.752718571987278, 10.1421893258525, 18.0415707491421, 55.7699710237457
47485.7288679133, -10.3868536996074, 531.829528808594, -15, 0.01, 28.6083488464355, -80.5997619628906, -318.23575368193, -90.9300476128895, 15, -0.431679403008222, 15, 7.27440380903116, -0.785584963652936, 10.1776137165941, 18.0610493222891, 55.6779783592956
47485.7888679133, -10.6492406963138, 531.151794433594, -15, 0.01, 28.6083488464355, -80.5997619628906, -318.23575368193, -90.9300476128895, 15, -0.384897842601663, 15, 7.27440380903116, -0.817353976147711, 10.2096177945476, 18.0786874419864, 55.5950495993562
47485.8488679133, -10.911582003214, 530.592163085938, -15, 0.01, 28.6083488464355, -80.5997619628906, -318.23575368193, -90.9300476128895, 15, -0.336194842939743, 15, 7.27440380903116, -0.84800032653247, 10.2400402363879, 18.0954892067081, 55.5163789924959
47485.9088679133, -11.1740295149312, 529.594299316406, -15, 0.01, 28.6083488464355, -80.5997619628906, -318.23575368193, -90.9300476128895, 15, -0.285600110056341, 15, 7.27440380903116, -0.877421654416544, 10.2679867001173, 18.1109537845425, 55.4442482690381
47485.9688679133, -11.4363769482105, 528.915100097656, -15, 0.01, 28.6083469390869, -80.5997619628906, -318.23575368193, -91.1421351042007, 15, -0.233129788971001, 15, 7.5034582996812, -0.905523197674872, 10.5684214834453, 18.2790133327209, 54.677080525179
47486.0288679133, -11.6993526861486, 528.35693359375, -15, 0.01, 28.6083469390869, -80.5997619628906, -318.23575368193, -91.1421351042007, 15, -0.178839314916214, 15, 7.29137080833605, -0.932191535949722, 10.3365205873297, 18.1490001462749, 55.267915334785
47486.0888679133, -11.9623276389868, 527.677673339844, -15, 0.01, 28.6083469390869, -80.5997619628906, -318.23575368193, -91.1421351042007, 15, -0.122722703618234, 15, 7.29137080833605, -0.957349078849552, 10.3565509169884, 18.1601525721929, 55.2165274710601
47486.1488679132, -12.2250092907857, 527.11962890625, -15, 0.01, 28.6083469390869, -80.5997619628906, -318.23575368193, -91.1421351042007, 15, -0.0647096291243022, 15, 7.29137080833605, -0.980942332705132, 10.3741833190539, 18.169982071653, 55.1713471319202
47486.2088679132, -12.4884286906264, 526.002136230469, -15, 0.01, 28.6083469390869, -80.5997619628906, -318.23575368193, -91.1421351042007, 15, -0.00494909859626236, 15, 7.29137080833605, -1.00282880734015, 10.3883558161762, 18.1778910420289, 55.1350700131732
47486.2688679132, -12.7516282561907, 525.324279785156, -15, 0.01, 28.6083469390869, -80.5997619628906, -318.23575368193, -91.1421351042007, 15, 0.0566339747370461, 15, 7.29137080833605, -1.02295432218138, 10.3998854311225, 18.1843305716198, 55.1055826393744
47486.3488679132, -13.015332861363, 524.766296386719, -15, 0.01, 28.6083469390869, -80.5997619628906, -318.23575368193, -91.1421351042007, 15, 0.12034960075023, 15, 7.29137080833605, -1.04082348597897, 10.4037642338154, 18.186498055916, 55.095667472797
47486.4088679132, -13.2789579976797, 523.650268554688, -15, 0.01, 28.6083450317383, -80.5997619628906, -318.23575368193, -91.3542225955118, 15, 0.187886778215183, 15, 7.52042529898606, -1.05426383083389, 10.6556146604645, 18.3284002084428, 54.4572488727303
47486.4688679132, -13.5434109434004, 523.090515136719, -15, 0.01, 28.6083450317383, -80.5997619628906, -318.23575368193, -91.3542225955118, 15, 0.259886204429109, 15, 7.30833780764095, -1.06074972316386, 10.3443696689034, 18.1533685781479, 55.2477704826588
47486.5288679132, -13.8086370756658, 521.976196289063, -15, 0.01, 28.6083450317383, -80.5997619628906, -318.23575368193, -91.3542225955118, 15, 0.336050261649563, 15, 7.30833780764095, -1.05831351214903, 10.2572451730144, 18.1050063836531, 55.4719569653924
47486.5888679132, -14.0751501478775, 521.29833984375, -15, 0.01, 28.6083450317383, -80.5997619628906, -318.23575368193, -91.3542225955118, 15, 0.41567301736274, 15, 7.30833780764095, -1.04835236823217, 10.1750564853866, 18.0596416252971, 55.6846120829437
47486.6488679132, -14.3421094805536, 520.620544433594, -15, 0.01, 28.6083450317383, -80.5997543334961, -317.387403716685, -91.3542225955118, 15, 0.495306693015097, 15, 7.30833780764095, -1.02888926042407, 10.0616834533292, 17.9974783914325, 55.9798219210522
47486.7088679132, -14.6099748207502, 519.624328613281, -15, 0.0660409696287959, 28.6083450317383, -80.5997543334961, -317.387403716685, -91.3542225955118, 15, 0.577332688988844, 15, 7.30833780764095, -0.995950010843989, 9.89237750878206, 17.9055503723894, 56.4247211896143
47486.7688679131, -14.8795552614454, 518.509948730469, -15, 0.174941062106938, 28.6083431243896, -80.5997543334961, -317.387403716685, -91.566310086823, 15, 0.663540746144672, 15, 7.53739229829099, -0.950320765856046, 9.99068047731533, 17.9587933949807, 56.1658111512932
47486.8288679131, -15.1444342177924, 517.833923339844, -15, 0.27740804367489, 28.6083431243896, -80.5997543334961, -317.387403716685, -91.566310086823, 15, 0.751950580624111, 15, 7.32530480694584, -0.892826841250622, 9.55346686096898, 17.7248459009318, 57.3299464621352
47486.8888679131, -15.394711300026, 516.718017578125, -15, 0.366534782038527, 28.6083431243896, -80.5997543334961, -317.387403716685, -91.566310086823, 15, 0.843658890189607, 15, 7.32530480694584, -0.821559315551023, 9.33509793763838, 17.6108061095998, 57.9236077262638
47486.9488679131, -15.621012521788, 516.042114257813, -15, 0.438938424578838, 28.6083431243896, -80.5997543334961, -317.387403716685, -91.566310086823, 15, 0.942057934677231, 15, 7.32530480694584, -0.737612139839727, 9.11240257681486, 17.4964833183679, 58.5374668235044
47487.0088679131, -15.8182350794875, 514.927978515625, -15, 0.455780135059425, 28.6083431243896, -80.5997543334961, -317.387403716685, -91.566310086823, 15, 1.04717004237412, 15, 7.32530480694584, -0.638840573557891, 8.85041127877506, 17.3645958190909, 59.2705874105471
47487.0688679131, -15.9823676346509, 513.8154296875, -15, 0.537893290771121, 28.6083431243896, -80.5997543334961, -317.387403716685, -91.566310086823, 15, 1.16037960677386, 15, 7.32530480694584, -0.525607403792794, 8.57462598752686, 17.2288783323104, 60.0551190214945
47487.1288679131, -16.1180273248758, 513.259216308594, -15, 0.571783861382505, 28.6083431243896, -80.5997543334961, -317.387403716685, -91.566310086823, 15, 1.28187083416785, 15, 7.32530480694584, -0.400502419633389, 8.31041734690871, 17.1019225952464, 60.8190588939033
47487.1888679131, -16.224584122051, 512.146850585938, -15, 0.593827921739661, 28.6083431243896, -80.5997543334961, -317.387403716685, -91.566310086823, 15, 1.4137903319583, 14.9924083493339, 7.32530480694584, -0.263544968145979, 8.03209704168913, 16.9648398290454, 61.6250114331894
47487.2488679131, -16.3028578669023, 511.032653808594, -15, 0.605476783006475, 28.6083431243896, -80.5997467041016, -316.53905375144, -91.566310086823, 15, 1.55651104586199, 14.7211974248709, 7.32530480694584, -0.116574905323072, 7.76007198075728, 16.6011985007978, 62.0159358705946
47487.3088679131, -16.3572696460238, 509.921722412109, -15, 0.611428332147845, 28.6083431243896, -80.5997467041016, -316.53905375144, -91.566310086823, 15, 1.71018479094019, 14.4352325081387, 7.32530480694584, 0.0384602278326191, 7.49775122437647, 16.2294905085404, 62.3704052238319
47487.3688679131, -16.3904166453448, 508.809234619141, -15, 0.611137731975086, 28.6083431243896, -80.5997467041016, -316.53905375144, -91.566310086823, 15, 1.87521028873296, 14.1315592574489, 7.32530480694584, 0.199723912957249, 7.24622463106327, 15.8473514251068, 62.6779881769474
47487.428867913, -16.4079244284551, 508.136474609375, -15, 0.609331938326171, 28.6083450317383, -80.5997467041016, -316.53905375144, -91.3542225955118, 15, 2.05308531235726, 13.7973821195753, 7.0962503162958, 0.363126047408389, 6.75793206223401, 15.3346135468315, 63.7374256076915
47487.488867913, -16.4134559767415, 507.145202636719, -15, 0.605804729882143, 28.6083450317383, -80.5997467041016, -316.53905375144, -91.3542225955118, 15, 2.24478263369574, 13.4367754872238, 7.30833780764095, 0.526100025058375, 7.23401058109581, 15.228720817382, 61.5468098061387
47487.548867913, -16.410771433965, 506.034240722656, -15, 0.602116484519222, 28.6083450317383, -80.599739074707, -315.690703786196, -91.3542225955118, 15, 2.44751390922889, 13.0906899062729, 7.30833780764095, 0.687994846441702, 6.64706561969004, 14.6552878481423, 62.9299239835297
47487.608867913, -16.4026243336653, 504.924896240234, -15, 0.598513386129582, 28.6083450317383, -80.599739074707, -315.690703786196, -91.3542225955118, 15, 2.73707046623002, 11.8823269807717, 7.30833780764095, 0.89857218144595, 5.9113935407729, 13.252603427984, 63.4262319235824
47487.668867913, -16.3927675139261, 503.818664550781, -15, 0.597324194575181, 28.6083469390869, -80.599739074707, -315.690703786196, -91.1421351042007, 15, 2.97239758261644, 12.1494454087913, 7.07928331699094, 1.04678153190003, 6.08597627812001, 13.5680101613873, 63.2632517672932
47487.728867913, -16.3825200116674, 502.710845947266, -15, 0.59704718493979, 28.6083469390869, -80.599739074707, -315.690703786196, -91.1421351042007, 15, 3.21927152616223, 11.7447968420074, 7.29137080833605, 1.18915432076637, 6.23166086687314, 13.2750886225713, 61.9303229468526
47487.788867913, -16.3721820344978, 501.722808837891, -15, 0.596953144415609, 28.6083469390869, -80.5997314453125, -314.842353820951, -91.1421351042007, 15, 3.47563848839815, 11.3491409173136, 7.29137080833605, 1.32648208438792, 6.12089673621718, 12.875431134345, 61.5494869841362
47487.848867913, -16.3627412615179, 500.615081787109, -15, 0.598012729165853, 28.6083488464355, -80.5997314453125, -314.842353820951, -90.9300476128895, 15, 3.73881981281752, 10.9719364142761, 7.06231631768601, 1.46234035703474, 5.70105631558638, 12.3485587693686, 62.4385662431404
47487.908867913, -16.3497350192319, 499.628662109375, -15, 0.593888212886141, 28.6083488464355, -80.5997314453125, -314.842353820951, -90.9300476128895, 15, 4.00680635130395, 10.6088963436023, 7.27440380903116, 1.59698622117313, 5.80951680387288, 12.0794170385297, 61.1977221685615
47487.968867913, -16.3342508833918, 498.962127685547, -15, 0.589632399904367, 28.6083507537842, -80.599723815918, -313.994003855706, -90.7179601215783, 15, 4.27507272621856, 10.2906132857857, 7.04534931838113, 1.73135759841185, 5.37933902643505, 11.5983621344507, 62.3098892426092
47488.0288679129, -16.3248277763464, 497.975646972656, -15, 0.594888497744249, 28.6083507537842, -80.599723815918, -313.994003855706, -90.7179601215783, 15, 4.54226156225858, 9.98703671434699, 7.25743680972626, 1.86711777086199, 5.46027804841538, 11.3689398156513, 61.2471476028364
47488.0888679129, -16.3169193197556, 496.872711181641, -15, 0.596938081779008, 28.6083526611328, -80.599723815918, -313.994003855706, -90.5058726302671, 15, 4.80883811310481, 9.67938240240155, 7.02838231907624, 2.00520876891429, 4.9994091100769, 10.8832985084952, 62.6019514418744
47488.1488679129, -16.3050540048224, 495.887786865234, -15, 0.592809735866951, 28.6083545684814, -80.5997161865234, -313.145653890461, -90.2937851389559, 15, 5.07247940989392, 9.39832189918365, 7.06443719260762, 2.14767907179496, 4.83086760143911, 10.5572701887096, 62.7191809078147
47488.2088679129, -16.2921006873205, 494.784820556641, -15, 0.590598042120185, 28.6083545684814, -80.5997161865234, -313.145653890461, -90.2937851389559, 15, 5.33128366960699, 9.14192838809338, 7.22350281111647, 2.29418691452261, 4.80851912343769, 10.319887132091, 62.1837012559513
47488.2688679129, -16.2806551059884, 493.802978515625, -15, 0.591118221713001, 28.6083564758301, -80.5997085571289, -312.297303925217, -90.0816976476447, 15, 5.582186244579, 8.92551283380261, 6.99444832046645, 2.44634591688335, 4.29728019692654, 9.89857162604225, 64.2213140725029
47488.3288679129, -16.2679967462158, 492.821197509766, -15, 0.588848219341539, 28.6083583831787, -80.5997085571289, -312.297303925217, -89.8696101563335, 15, 5.82648704038461, 8.70387377828534, 6.97748132116154, 2.60392263431936, 4.03627472128776, 9.58766801354432, 65.0551371459662
47488.3888679129, -16.2544152507372, 491.719818115234, -15, 0.586409587146446, 28.6083583831787, -80.5997085571289, -312.297303925217, -89.8696101563335, 15, 6.06374734716793, 8.49492805197034, 7.18956881250668, 2.76706930462351, 4.04195767755098, 9.40113277497661, 64.4913878800448
47488.4488679129, -16.2394101098354, 491.177703857422, -15, 0.582939389928553, 28.6083602905273, -80.5997009277344, -311.448953959972, -89.6575226650224, 15, 6.29129810920089, 8.32418780618352, 6.96051432185666, 2.93705647412033, 3.49711676814538, 9.02417521748308, 67.1526081826372
47488.5088679129, -16.2240980307465, 490.197570800781, -15, 0.580231070561982, 28.608362197876, -80.5997009277344, -311.448953959972, -89.4454351737112, 15, 6.51051985193502, 8.14950559599225, 6.94354732255175, 3.1124038695928, 3.21503592071878, 8.75677355286463, 68.4146369666016
47488.5688679129, -16.2102117335797, 489.218841552734, -15, 0.579495338497347, 28.6083641052246, -80.5996932983398, -310.600603994727, -89.2333476824, 15, 6.72156812031655, 8.51222583401449, 6.92658032324688, 3.29127493186984, 2.94697476200361, 9.0043682517871, 70.8464223367058
47488.6288679128, -16.1963988450776, 488.240234375, -15, 0.577620553518465, 28.6083660125732, -80.5996932983398, -310.600603994727, -89.0212601910888, 15, 6.92393769247058, 7.83339427606406, 6.90961332394196, 3.47539186398579, 2.65527587877685, 8.26852862507998, 71.2268276423517
47488.6888679128, -16.1809494153016, 487.261474609375, -15, 0.573619845458277, 28.6083679199219, -80.5996856689453, -309.752254029482, -88.8091726997776, 15, 7.11691449639145, 7.70047964500691, 6.89264632463708, 3.66523003373379, 2.35183374935782, 8.04954420635818, 72.9728290734165
47488.7488679128, -16.1647273473046, 486.1630859375, -15, 0.569981335116456, 28.6083698272705, -80.5996780395508, -308.903904064238, -88.5970852084664, 15, 7.30083861115152, 7.57491709575006, 6.87567932533217, 3.85963976966649, 2.05427562895157, 7.84696116370839, 74.7875230853941
47488.8088679128, -16.1496184645898, 485.185943603516, -15, 0.568314291825777, 28.6083717346191, -80.5996780395508, -308.903904064238, -88.3849977171552, 15, 7.48135653779642, 7.39686865100985, 6.85871232602729, 4.05283132544635, 1.81595069298032, 7.61531356181282, 76.1718433329714
47488.8688679128, -16.135129399299, 484.21044921875, -15, 0.566440568427013, 28.6083736419678, -80.5996704101563, -308.055554098993, -88.172910225844, 15, 7.65923378927218, 7.21422716066028, 6.84174532672238, 4.24453215496994, 1.58201488885395, 7.384754822572, 77.6011322405149
47488.9288679128, -16.1199639631873, 483.233245849609, -15, 0.563170643520388, 28.6083755493164, -80.5996704101563, -308.055554098993, -87.9608227345329, 15, 7.83526546795055, 7.02574371494165, 6.8247783274175, 4.43355822431858, 1.36300554028516, 7.15608397021669, 78.9950323024122
47488.9888679128, -16.1053093026818, 482.257598876953, -15, 0.561050353564352, 28.608377456665, -80.5996627807617, -307.207204133748, -87.7487352432217, 15, 8.01106310029756, 6.82132038157837, 6.80781132811261, 4.61853765934573, 1.16244972650916, 6.91919869052821, 80.3070939024015
47489.0488679128, -16.091369991443, 481.401794433594, -15, 0.55934486343161, 28.6083812713623, -80.5996551513672, -306.358854168503, -87.3245602605993, 15, 8.18759970634368, 6.60617415750621, 6.56178983815769, 4.7981517674843, 0.706398460533524, 6.64366785551638, 83.8832640713447
47489.1088679128, -16.0764808231877, 480.427825927734, -15, 0.555827091084585, 28.6083831787109, -80.5996551513672, -306.358854168503, -87.1124727692881, 15, 8.365861899566, 6.37898413673432, 6.75691033019791, 4.97158303417912, 0.795325141772877, 6.42816964472632, 82.8787691544273
47489.1688679128, -16.0623256277799, 479.453735351563, -15, 0.553963633844022, 28.6083850860596, -80.5996475219727, -305.510504203259, -86.900385277977, 15, 8.54520498919774, 6.15683634208627, 6.73994333089303, 5.13855971507065, 0.640099413749777, 6.18989359611238, 84.053298153409
47489.2288679128, -16.0481595357753, 478.479675292969, -15, 0.551432595151789, 28.6083889007568, -80.5996398925781, -304.662154238014, -86.4762102953546, 15, 8.72560582332106, 5.93354253272604, 6.49392184093809, 5.29871829888677, 0.221581418114632, 5.93766365383332, 87.8575292696751
47489.2888679127, -16.0351409320095, 477.505737304688, -15, 0.550286816640045, 28.6083908081055, -80.5996398925781, -304.662154238014, -86.2641228040434, 15, 8.90926779617829, 5.6841912172749, 6.68904233297833, 5.45014688059068, 0.362055068925588, 5.69567233368948, 86.3495187284993
47489.3488679127, -16.0207386768631, 476.652954101563, -15, 0.546435087794249, 28.6083946228027, -80.5996322631836, -303.813804272769, -85.839947821421, 15, 9.09519342561313, 5.44198678011733, 6.44302084302342, 5.59426241407251, -0.032469621908686, 5.44208335282467, 90.3423657960451
47489.4088679127, -16.0062552698531, 475.680450439453, -15, 0.543592864246264, 28.6083965301514, -80.5996246337891, -302.965454307524, -85.6278603301098, 15, 9.28148073081108, 5.21825636780906, 6.63814133506364, 5.73150025135338, 0.106310510473294, 5.21933618178345, 88.8312718678814
47489.4688679127, -15.9932448457986, 474.709655761719, -15, 0.542595914957866, 28.6084003448486, -80.5996246337891, -302.965454307524, -85.2036853474875, 15, 9.46870113991101, 4.98757961718345, 6.39211984510874, 5.86068354846962, -0.263070970574904, 4.99449515743135, 93.0230793464409
47489.5288679127, -15.9783801370368, 473.737091064453, -15, 0.538039934607514, 28.6084022521973, -80.5996170043945, -302.11710434228, -84.9915978561763, 15, 9.6560198117819, 4.76502097134108, 6.58724033714897, 5.9833048459856, -0.110089579838168, 4.76628960703552, 91.3250341643406
47489.5888679127, -15.963919875694, 472.886016845703, -15, 0.535484629212807, 28.6084060668945, -80.599609375, -301.268754377035, -84.5674228735539, 15, 9.84258593587949, 4.55176154859605, 6.34121884719404, 6.09893988723698, -0.474069487252517, 4.57633063423941, 95.9521088859002
47489.6488679127, -15.950947315609, 471.916595458984, -15, 0.534388198173553, 28.6084079742432, -80.5996017456055, -300.42040441179, -84.3553353822427, 15, 10.0263705907471, 4.3620188327048, 6.53633933923427, 6.20877353827679, -0.313514836446488, 4.37324934983592, 94.1149355882467
47489.7088679127, -15.9367333337938, 471.065185546875, -15, 0.530478287339748, 28.6084117889404, -80.5996017456055, -300.42040441179, -83.9311603996204, 15, 10.2080255746096, 4.16820474677808, 6.29031784927937, 6.31337459822061, -0.681949819406128, 4.22352526328231, 99.2995434660966
47489.7688679127, -15.9212570899675, 470.096008300781, -15, 0.525999676069338, 28.6084136962891, -80.5995941162109, -299.572054446546, -83.7190729083092, 15, 10.3847592550308, 4.00810650914087, 6.4854383413196, 6.41372558034975, -0.525682601702513, 4.04237666012742, 97.4778957596705
47489.8288679127, -15.9069985789376, 474.296752929688, -15, 0.524032044724264, 28.6084175109863, -80.5995864868164, -298.723704481301, -83.2948979256868, 15, 10.5563592306826, 3.85618977052192, 6.23941685136467, 6.50989157403918, -0.894619982505663, 3.95845116529953, 103.070339275612
47489.9088679126, -15.8907947143826, 468.815979003906, -15, 0.518601755107061, 28.6084213256836, -80.5995788574219, -297.875354516056, -82.8707229430644, 15, 10.7212440555441, 3.72804674216797, 6.20548285275488, 6.60319650376899, -1.01893468510284, 3.86459503529747, 105.296026135634
47489.9688679126, -15.8745029409528, 467.324371337891, -15, 0.514635297161962, 28.6084251403809, -80.5995712280273, -297.027004550811, -82.446547960442, 15, 10.8773984620214, 3.63043919917298, 6.17154885414509, 6.69174929604809, -1.11870957991998, 3.79867404776458, 107.136302823716
47490.0288679126, -15.8576110248078, 467.010620117188, -15, 0.509951244848522, 28.6084270477295, -80.5995712280273, -297.027004550811, -82.2344604691309, 15, 11.0216560335305, 3.57868546944288, 6.36666934618536, 6.77644008771429, -0.947819795780758, 3.70191619153884, 104.842847098574
47490.0888679126, -15.8381475986857, 470.224884033203, -15, 0.502537392213999, 28.6084308624268, -80.5995635986328, -296.178654585567, -81.8102854865085, 15, 11.1522790504849, 3.56059202723634, 6.12064785623041, 6.85496103202108, -1.27601283119623, 3.78205337568942, 109.726417185763
47490.1488679126, -15.8189736865268, 469.376586914063, -15, 0.497566010045793, 28.608434677124, -80.5995559692383, -295.330304620322, -81.3861105038861, 15, 11.2678913620137, 3.57420357286428, 6.08671385762062, 6.92547430905901, -1.32177614554294, 3.81047981761169, 110.305336265748
47490.2088679126, -15.7989043776107, 468.410125732422, -15, 0.491188835647277, 28.6084384918213, -80.5995483398438, -294.481954655077, -80.9619355212638, 15, 11.369094336161, 3.59903192112331, 6.05277985901083, 6.98507981501165, -1.32550522012098, 3.83505975684878, 110.229062520906
47490.2688679126, -15.7785375301119, 465.330841064453, -15, 0.485129760418755, 28.6084403991699, -80.5995407104492, -293.633604689832, -80.7498480299526, 15, 11.454469078803, 3.65699186358313, 6.24790035105108, 7.03611487924555, -1.06737121826907, 3.8093730813573, 106.2805887991
47490.3288679126, -15.757557047167, 464.874114990234, -15, 0.4784988755101, 28.6084461212158, -80.5995330810547, -292.785254724588, -80.113585556019, 15, 11.52364285341, 3.7380788287193, 5.77282437044612, 7.07794376430138, -1.59637833690282, 4.06423918223799, 113.1373248805
47490.3888679126, -15.7363618293046, 464.297698974609, -15, 0.472050928088105, 28.6084499359131, -80.5995254516602, -291.936904759343, -79.6894105733966, 15, 11.5768885755782, 3.83551835338406, 5.95097786318146, 7.1079540647502, -1.3011148457908, 4.04988533760781, 108.749895304822
47490.4488679126, -15.716956098405, 463.841094970703, -15, 0.467930743159139, 28.6084518432617, -80.5995178222656, -291.088554794098, -79.4773230820855, 15, 11.6155816143241, 3.93664419216768, 6.14609835522171, 7.12378560336906, -0.944767095711507, 4.0482523821119, 103.504999850919
47490.5088679125, -15.699337644476, 463.936676025391, -15, 0.46447077199631, 28.608455657959, -80.5995101928711, -290.240204828853, -79.0531480994631, 15, 11.6385657919347, 4.06816865093634, 5.90007686526677, 7.13027953461016, -1.15514764895582, 4.22872546794848, 105.86341613795
47490.5688679125, -15.6835956008274, 463.089813232422, -15, 0.461788416572886, 28.6084594726563, -80.5995025634766, -289.391854863609, -78.6289731168407, 15, 11.6511258610843, 4.15934697706717, 5.86614286665698, 7.1266953241419, -1.09154230909032, 4.29994629298989, 104.716125604624
47490.6288679125, -15.6696284694189, 462.123260498047, -15, 0.463268990464283, 28.6084632873535, -80.5995025634766, -289.391854863609, -78.2047981342184, 15, 11.6584769776012, 4.20462007739545, 5.83220886804721, 7.11309430815479, -1.01654236429681, 4.32554420782593, 103.602539941632
47490.6888679125, -15.65739093226, 460.839752197266, -15, 0.458877657894864, 28.6084671020508, -80.599494934082, -288.543504898364, -77.780623151596, 15, 11.6601207014019, 4.26172546358472, 5.7982748694374, 7.09276642229787, -0.966377695823072, 4.36972159888227, 102.787000572451
47490.7488679125, -15.6444412728434, 459.992980957031, -15, 0.45503768273162, 28.608470916748, -80.5994873046875, -287.695154933119, -77.3564481689736, 15, 11.6576368215579, 4.30798757375762, 5.76434087082762, 7.0661221131035, -0.912742158482184, 4.40344009169431, 101.97293205354
47490.8088679125, -15.6333421589804, 459.026519775391, -15, 0.454040184957933, 28.6084728240967, -80.599479675293, -286.846804967874, -77.1443606776624, 15, 11.6527416961292, 4.3399825351042, 5.95946136286786, 7.0328705011283, -0.573266651327598, 4.3776082840341, 97.5316107965299
47490.8688679125, -15.6248697318258, 458.181243896484, -15, 0.454714728882086, 28.6084766387939, -80.5994720458984, -285.99845500263, -76.72018569504, 15, 11.6463570719209, 4.36455125771009, 5.71343987291293, 6.99306861845859, -0.755995250361491, 4.42941650550503, 99.8358925496347
47490.9288679125, -15.6179381714368, 457.216430664063, -15, 0.455079974878586, 28.6084804534912, -80.5994644165039, -285.150105037385, -76.2960107124177, 15, 11.6394039354328, 4.38059650193242, 5.67950587430314, 6.94644381421531, -0.673297230618535, 4.43193763606355, 98.7461648549596
47490.9888679125, -15.6114507692344, 456.369598388672, -15, 0.454689498127322, 28.6084842681885, -80.5994567871094, -284.30175507214, -75.8718357297953, 15, 11.6338686141527, 4.37508041421824, 5.64557187569337, 6.89157957877687, -0.566534239081089, 4.41153778293548, 97.3852172611209
47491.0488679125, -15.6049055556533, 455.404815673828, -15, 0.453837953212537, 28.6084880828857, -80.5994491577148, -283.453405106895, -75.4476607471729, 15, 11.6276704605602, 4.39116991937732, 5.61163787708356, 6.830792039121, -0.475808440139096, 4.41682278308122, 96.1901393568224
47491.1088679125, -15.5990247535579, 454.558135986328, -15, 0.453836382872962, 28.6084899902344, -80.5994415283203, -282.605055141651, -75.2355732558618, 15, 11.6207912308183, 4.40826328182404, 5.80675836912381, 6.76436112339931, -0.272356361691633, 4.41665220777914, 93.5388877794044
47491.1688679124, -15.5939390379791, 453.59326171875, -15, 0.454246485852383, 28.6084938049316, -80.5994338989258, -281.756705176406, -74.8113982732394, 15, 11.6110328413032, 4.4507983272731, 5.56073687916889, 6.66714005602842, 0.0223980951735635, 4.45085457134078, 89.711378296137
47491.2288679124, -15.5887542683213, 452.748229980469, -15, 0.453856295728176, 28.6084976196289, -80.5994338989258, -281.756705176406, -74.387223290617, 15, 11.603256636051, 4.44234597696215, 5.52680288055907, 6.58807477910955, -0.105639038543796, 4.4435993310272, 91.363602067358
47491.2888679124, -15.5847513587657, 451.354614257813, -15, 0.454994269400527, 28.6085014343262, -80.5994262695313, -280.908355211161, -73.9630483079946, 15, 11.5957119618613, 4.45112684818651, 5.49286888194931, 6.50368608396505, 0.00753428924157251, 4.45113321188175, 89.9029196202216
47491.3488679124, -15.5820813789969, 450.509582519531, -15, 0.456783296452279, 28.6085033416748, -80.5994186401367, -280.060005245916, -73.7509608166835, 15, 11.5876770157066, 4.46771889701368, 5.68798937398955, 6.41460985170119, 0.395009757321018, 4.48511186916543, 84.9423206968057
47491.4088679124, -15.5785679331752, 449.543182373047, -15, 0.456410733545276, 28.6085071563721, -80.5994110107422, -279.211655280672, -73.3267858340611, 15, 11.5770272341096, 4.50870077301601, 5.44196788403461, 6.32286980152407, 0.235981667574102, 4.51485935713246, 87.0008398564885
47491.4688679124, -15.5747277075479, 448.698181152344, -15, 0.456326509911966, 28.6085109710693, -80.5994033813477, -278.363305315427, -72.9026108514387, 15, 11.5644436507832, 4.54520042411403, 5.40803388542484, 6.22840684508276, 0.335353255842411, 4.55752923116737, 85.7758688648345
47491.5288679124, -15.5696413766618, 447.733551025391, -15, 0.454962480638094, 28.608512878418, -80.5993957519531, -277.514955350182, -72.6905233601275, 15, 11.5499022671355, 4.58429814634741, 5.60315437746506, 6.13139498890849, 0.711084126666757, 4.6390031966647, 81.1739026364725
47491.5888679124, -15.5667146117905, 446.767181396484, -15, 0.457291556870662, 28.6085166931152, -80.5993881225586, -276.666605384937, -72.2663483775052, 15, 11.5308586699831, 4.65425408278115, 5.35713288751015, 6.03444477639474, 0.531175769998768, 4.68440048365608, 83.4821665374517
47491.6488679124, -15.563906931547, 445.922180175781, -15, 0.457959442757547, 28.6085205078125, -80.5993804931641, -275.818255419693, -71.8421733948828, 15, 11.5081092506619, 4.72070674211065, 5.32319888890035, 5.93718371126593, 0.609908385079353, 4.75985485682624, 82.6301435507335
47491.7088679124, -15.5601936737684, 444.957458496094, -15, 0.457400072721065, 28.6085224151611, -80.5993728637695, -274.969905454448, -71.6300859035716, 15, 11.4819947782279, 4.78780544329768, 5.51831938094058, 5.83910659691353, 0.969713532658199, 4.88479636228303, 78.5378504427602
47491.7688679123, -15.5567542008777, 444.110961914063, -15, 0.457922700240388, 28.6085262298584, -80.599365234375, -274.121555489203, -71.2059109209492, 15, 11.4505010290372, 4.88152040928327, 5.37834163665823, 5.74288534199898, 0.898428424812077, 4.96331150796922, 79.5596644132661
47491.8288679123, -15.5529105041305, 443.146209716797, -15, 0.457707099839826, 28.608528137207, -80.599365234375, -274.121555489203, -70.9938234296381, 15, 11.4147210054074, 4.96947034943403, 5.46741838302593, 5.64725667517248, 1.11404113678852, 5.09250522331699, 77.3499300362328
47491.8888679123, -15.5489703311254, 442.179870605469, -15, 0.457697544749317, 28.6085319519043, -80.5993576049805, -273.273205523959, -70.5696484470157, 15, 11.3763672592721, 5.04340624949961, 5.221396893071, 5.55135839650201, 0.936391424785223, 5.12937712225162, 79.4690312912053
47491.9488679123, -15.5451366354104, 441.334930419922, -15, 0.457888207444416, 28.6085357666016, -80.5993499755859, -272.424855558714, -70.1454734643933, 15, 11.3347976615505, 5.12764740403674, 5.18746289446118, 5.45602704592936, 1.00423782767064, 5.22480311591295, 78.9051249468132
47492.0088679123, -15.5407669387889, 439.932037353516, -15, 0.457315962189712, 28.6085376739502, -80.5993423461914, -271.576505593469, -69.9333859730821, 15, 11.2889127037522, 5.22808960654498, 5.38258338650144, 5.36213987469373, 1.33661749633627, 5.39578595016842, 75.6410567680501
47492.0688679123, -15.5361459801966, 438.965789794922, -15, 0.456866631717509, 28.6085395812988, -80.5993347167969, -270.728155628224, -69.7212984817709, 15, 11.2379526812323, 5.34224950918524, 5.36561638719653, 5.27114771593896, 1.39655424406565, 5.52126236783479, 75.3308258047966
47492.1288679123, -15.5331404787346, 438.119201660156, -15, 0.458610066844118, 28.6085433959961, -80.5993270874023, -269.87980566298, -69.2971234991486, 15, 11.1839563073655, 5.30547057156298, 5.11959489724161, 5.18151564271562, 1.19524893622399, 5.43806513161425, 77.287333849729
47492.1888679123, -15.5296003222243, 437.154541015625, -15, 0.458337259332684, 28.6085453033447, -80.5993194580078, -269.031455697735, -69.0850360078374, 15, 11.1288783181217, 5.51969392012519, 5.31471538928188, 5.09118204500117, 1.5449432088484, 5.73118500962167, 74.3420292437645
47492.2488679123, -15.5257703373842, 436.188262939453, -15, 0.45814105280035, 28.608549118042, -80.5993118286133, -268.18310573249, -68.660861025215, 15, 11.0724940972234, 5.60277380529231, 5.06869389932693, 5.00108276126853, 1.35553398824602, 5.76391238224379, 76.3795550459312
47492.3088679123, -15.5222366718415, 435.221984863281, -15, 0.45854122934645, 28.6085510253906, -80.5993041992188, -267.334755767245, -68.4487735339038, 15, 11.015009768622, 5.68514707078438, 5.26381439136718, 4.9111357268848, 1.69630413366406, 5.93202283067193, 73.3627379487267
47492.3688679123, -15.5181704772041, 434.375518798828, -15, 0.458025488677211, 28.6085548400879, -80.5993041992188, -267.334755767245, -68.0245985512814, 15, 10.9569826609994, 5.7626332005475, 5.01779290141223, 4.82096604854448, 1.51162649540449, 5.95694935798217, 75.2795006823313
47492.4288679122, -15.5143682099789, 433.847412109375, -15, 0.458267625926945, 28.6085567474365, -80.5992965698242, -266.486405802001, -67.8125110599703, 15, 10.8985401240501, 5.83937941407931, 5.21291339345249, 4.73096072300993, 1.85242312003853, 6.12518844222108, 72.3737020359621
47492.4888679122, -15.5104286001668, 432.882751464844, -15, 0.458108615646686, 28.6085586547852, -80.5992889404297, -265.638055836756, -67.6004235686591, 15, 10.8411731203309, 5.89995978236737, 5.1959463941476, 4.63993353763712, 1.95184754941804, 6.21335321657882, 71.6676350858775
47492.5488679122, -15.5061042526161, 431.916564941406, -15, 0.457576574601793, 28.6085624694824, -80.5992813110352, -264.789705871511, -67.1762485860367, 15, 10.7846333418283, 5.96206448439728, 4.94992490419268, 4.54844624310232, 1.7712484937313, 6.2186977420115, 73.4282657415704
47492.6088679122, -15.5013309069404, 431.068450927734, -15, 0.456797063947811, 28.6085643768311, -80.5992736816406, -263.941355906266, -66.9641610947255, 15, 10.7310125679363, 5.99978075941629, 5.1450453962329, 4.45455143581129, 2.14255627687106, 6.3695465787203, 70.3190963229502
47492.6688679122, -15.4969713587732, 430.102203369141, -15, 0.456888990014193, 28.6085662841797, -80.5992660522461, -263.093005941022, -66.7520736034143, 15, 10.6798581726643, 6.03909433263377, 5.12807839692802, 4.35954188327177, 2.24781591514742, 6.4424071502248, 69.5542835846644
47492.7288679122, -15.4934567262572, 429.135955810547, -15, 0.45766760356239, 28.6085681915283, -80.5992584228516, -262.244655975777, -66.5399861121032, 15, 10.6303844249285, 6.08427812389763, 5.11111139762311, 4.26399467373584, 2.34799700742383, 6.52002987792276, 68.8669770831354
47492.7888679122, -15.4896320327461, 428.169738769531, -15, 0.457348238093398, 28.6085720062256, -80.599250793457, -261.396306010532, -66.1158111294808, 15, 10.5845307198493, 6.10575142498791, 4.86508990766819, 4.16634690236669, 2.19137340925962, 6.4856861166376, 70.226707726355
47492.8488679122, -15.4849075984703, 427.203521728516, -15, 0.456163403207509, 28.6085739135742, -80.599250793457, -261.396306010532, -65.9037236381696, 15, 10.5419386156772, 6.12692077774833, 5.06021039970844, 4.06721568097611, 2.55990576242443, 6.63831867804905, 67.2921103180021
47492.9088679122, -15.4802660531795, 426.235626220703, -15, 0.455816657404712, 28.6085758209229, -80.5992431640625, -260.547956045287, -65.6916361468584, 15, 10.5013862052848, 6.15788590069578, 5.04324340040354, 3.96827350277754, 2.65703052711492, 6.7046373962611, 66.6278787526777
47492.9688679122, -15.4763394176968, 425.269409179688, -15, 0.456270779637895, 28.6085777282715, -80.599235534668, -259.699606080043, -65.4795486555472, 15, 10.4618487538551, 6.19790414353025, 5.02627640109865, 3.87053058786612, 2.7426624404571, 6.77545903393488, 66.0966291512892
47493.0288679121, -15.4729604082135, 424.30322265625, -15, 0.456794412068689, 28.6085796356201, -80.5992279052734, -258.851256114798, -65.2674611642361, 15, 10.4255157923396, 6.21220348872535, 5.00930940179375, 3.77230116026562, 2.84578468624823, 6.83068065864265, 65.3540621900012
47493.0888679121, -15.4683859879864, 423.335388183594, -15, 0.455373626321562, 28.6085815429688, -80.5992202758789, -258.002906149553, -65.0553736729249, 15, 10.3917448015674, 6.22987392333391, 4.99234240248884, 3.67417989574445, 2.9428790712182, 6.88750342029838, 64.6808973282972
47493.1488679121, -15.4638782709978, 422.369049072266, -15, 0.455017760370884, 28.6085834503174, -80.5992126464844, -257.154556184308, -64.8432861816137, 15, 10.3598740997712, 6.25189995126639, 4.97537540318397, 3.57721092901265, 3.02819735291936, 6.9440480163372, 64.1219336142756
47493.2088679121, -15.4588773941205, 421.401245117188, -15, 0.453983075228223, 28.6085872650146, -80.5992050170898, -256.306206219064, -64.4191111989913, 15, 10.3295868969602, 6.27521185264519, 4.72935391322903, 3.48195266282303, 2.83092291972652, 6.88188444696419, 65.684304750776
47493.2688679121, -15.4538733414677, 420.434936523438, -15, 0.453340427711712, 28.6085891723633, -80.5992050170898, -256.306206219064, -64.2070237076801, 15, 10.3005135253355, 6.30078127861569, 4.92447440526927, 3.38906680505194, 3.15372769987106, 7.04313207936502, 63.3760023483217
47493.3288679121, -15.4491681061731, 419.467102050781, -15, 0.453054852377371, 28.6085910797119, -80.5991973876953, -255.457856253819, -63.9949362163689, 15, 10.271363347086, 6.33936674075366, 4.90750740596439, 3.300067510591, 3.20226528488768, 7.09930884670438, 63.1647751276855
47493.3888679121, -15.4437520238154, 418.939025878906, -15, 0.451627302952805, 28.6085929870605, -80.5991897583008, -254.609506288574, -63.7828487250577, 15, 10.2413018841378, 6.38740856214845, 4.89054040665948, 3.21574992477257, 3.23727377656017, 7.15789558579922, 63.0875455823751
47493.4488679121, -15.4383234447386, 417.97119140625, -15, 0.450760427723573, 28.6085948944092, -80.5991821289063, -253.761156323329, -63.5707612337466, 15, 10.2122782337769, 6.41473144976766, 4.8735734073546, 3.13477117310448, 3.28174281922774, 7.20233082973046, 62.870087895242
47493.5288679121, -15.4327256587108, 417.003265380859, -15, 0.449678484495773, 28.6085968017578, -80.5991744995117, -252.912806358085, -63.3586737424354, 15, 10.1839268255393, 6.44492036232163, 4.85660640804969, 3.05760159380659, 3.31697359439967, 7.24519558502993, 62.7305384409009
47493.5888679121, -15.4274391984265, 416.036956787109, -15, 0.449105656096783, 28.6085987091064, -80.5991668701172, -252.06445639284, -63.1465862511242, 15, 10.1560929216012, 6.47605234829816, 4.83963940874481, 2.98483360060213, 3.34103180962245, 7.28382873733257, 62.6740223616459
47493.648867912, -15.4213252575877, 415.069061279297, -15, 0.447234488404946, 28.6086006164551, -80.5991668701172, -252.06445639284, -62.934498759813, 15, 10.1295903147717, 6.49746475121668, 4.8226724094399, 2.91729478392652, 3.35056945174555, 7.30720110122836, 62.6842892400466
47493.708867912, -15.4147608835601, 414.101196289063, -15, 0.445477660453739, 28.6086025238037, -80.5991592407227, -251.216106427595, -62.7224112685018, 15, 10.1063436484337, 6.49573753971289, 4.80570541013502, 2.85695735237807, 3.33176936798914, 7.29710092955833, 62.8092087068503
47493.768867912, -15.4082727626858, 413.134735107422, -15, 0.444170774686169, 28.6086025238037, -80.5991516113281, -250.367756462351, -62.7224112685018, 15, 10.0878416275654, 6.47344080507224, 5.01779290148015, 2.8052840342039, 3.56296871097581, 7.38553351453467, 61.1357745421959
47493.828867912, -15.401813874164, 412.166809082031, -15, 0.442817021193633, 28.6086044311523, -80.5991439819336, -249.519406497106, -62.5103237771906, 15, 10.0752513200914, 6.43238688929644, 4.78873841083012, 2.76314142136559, 3.24458276242133, 7.20129460137252, 63.1968880688488
47493.888867912, -15.3950606908085, 411.200469970703, -15, 0.441055684228848, 28.6086082458496, -80.5991363525391, -248.671056531861, -62.0861487945683, 15, 10.069849643565, 6.36994068185381, 4.54271692087518, 2.73079029248389, 2.89135064552864, 6.99296612416662, 65.5511373985649
47493.948867912, -15.3884272123529, 410.670745849609, -15, 0.439667328566709, 28.6086101531982, -80.5991287231445, -247.822706566616, -61.8740613032571, 15, 10.0737308119154, 6.27541059256387, 4.73783741291544, 2.7065196023251, 3.07503446761153, 6.9856113976346, 63.8601039281903
47494.008867912, -15.3822520805134, 409.702789306641, -15, 0.438725987585764, 28.6086101531982, -80.59912109375, -246.974356601372, -61.8740613032571, 15, 10.0858846244449, 6.18104804494747, 4.94992490426057, 2.69349485847768, 3.23406354473816, 6.97308448070113, 62.347239448755
47494.068867912, -15.377806794144, 408.736419677734, -15, 0.439522831312243, 28.6086120605469, -80.5991134643555, -246.126006636127, -61.6619738119459, 15, 10.1053417497852, 6.08760316137016, 4.72087041361053, 2.69509524004224, 2.81224190904142, 6.70356843118534, 65.1725399962348
47494.128867912, -15.373958037107, 407.768402099609, -15, 0.439602310385634, 28.6086139678955, -80.5991134643555, -246.126006636127, -61.4498863206347, 15, 10.1350502293946, 5.95235841299341, 4.70390341430565, 2.70742975688349, 2.67093662107622, 6.52217648183602, 65.8025451177366
47494.188867912, -15.370295479463, 406.682312011719, -15, 0.440536668249117, 28.6086158752441, -80.5991058349609, -245.277656670882, -61.2377988293235, 15, 10.1765710176631, 5.7873044378503, 4.68693641500075, 2.72762673345025, 2.54889083857124, 6.32199529302929, 66.2009720456589
47494.2488679119, -15.3683379080096, 405.714508056641, -15, 0.441516442374789, 28.6086177825928, -80.5990982055664, -244.429306705637, -61.0257113380123, 15, 10.2289249681189, 5.61901072043073, 4.66996941569585, 2.75796913882935, 2.39181246497679, 6.10538238798634, 66.9151524218911
47494.3088679119, -15.3671295036654, 404.748107910156, -15, 0.442758775072344, 28.6086196899414, -80.5990905761719, -243.580956740393, -60.8136238467012, 15, 10.28857398825, 5.47730805511548, 4.65300241639096, 2.79795395731813, 2.2281591815874, 5.9118916049174, 67.8381555045341
47494.3688679119, -15.3664836316475, 403.781707763672, -15, 0.444068654098505, 28.60862159729, -80.5990829467773, -242.732606775148, -60.60153635539, 15, 10.3540284820287, 5.34349550900744, 4.63603541708607, 2.84437371808958, 2.08882064367796, 5.7361535533853, 68.6251437481497
47494.4288679119, -15.3658917252884, 403.253662109375, -15, 0.444974538113002, 28.6086235046387, -80.5990753173828, -241.884256809903, -60.3894488640788, 15, 10.4244891255139, 5.21162654627481, 4.61906841778117, 2.89533684062627, 1.96290511875457, 5.56807101698774, 69.3392563831215
47494.4888679119, -15.3658331430745, 402.287353515625, -15, 0.446493041444197, 28.6086254119873, -80.5990676879883, -241.035906844658, -60.1773613727676, 15, 10.4988883030098, 5.08566286018516, 4.60210141847626, 2.94979209806854, 1.84326844718868, 5.40857440511775, 70.0562992263575
47494.5488679119, -15.365319362755, 401.321014404297, -15, 0.447004155649823, 28.6086273193359, -80.5990600585938, -240.187556879414, -59.9652738814564, 15, 10.5767802092005, 4.95991921767682, 4.58513441917138, 3.0071181819907, 1.72635529225487, 5.2510620297519, 70.7894385990905
47494.6088679119, -15.3629839204654, 400.354797363281, -15, 0.445640878853126, 28.6086292266846, -80.5990600585938, -240.187556879414, -59.7531863901452, 15, 10.6580973675306, 4.83069124785952, 4.56816741986647, 3.0669316158679, 1.61024601436414, 5.09139697237398, 71.5467707226029
47494.6688679119, -15.3619196505259, 399.390045166016, -15, 0.447360240120721, 28.6086311340332, -80.5990524291992, -239.339206914169, -59.541098898834, 15, 10.7419333850806, 4.70745427456545, 4.55120042056159, 3.12845541960051, 1.65390105751912, 4.98892336971591, 70.6240752458897
47494.7288679119, -15.3617068904115, 398.423767089844, -15, 0.449069848267, 28.6086330413818, -80.5990447998047, -238.490856948924, -59.3290114075229, 15, 10.8284387672866, 4.57945710609401, 4.5342334212567, 3.19174222017404, 1.38696251461731, 4.78445338632911, 73.1348352861669
47494.7888679119, -15.3614775762997, 397.459075927734, -15, 0.450048760353187, 28.6086349487305, -80.5990371704102, -237.642506983679, -59.1169239162117, 15, 10.9475040848272, 4.11341086919486, 4.5172664219518, 3.27821257935475, 1.03174553063124, 4.24061531861568, 75.9083968127316
47494.8488679119, -15.3611991864982, 396.384185791016, -15, 0.450980105583816, 28.6086368560791, -80.5990295410156, -236.794157018435, -58.9048364249005, 15, 11.0399586886823, 4.27094850625269, 4.50029942264691, 3.34410854583206, 1.13874761328534, 4.41988059962758, 75.0584604408781
47494.9088679118, -15.36069468775, 395.419586181641, -15, 0.451671966025317, 28.6086387634277, -80.5990219116211, -235.94580705319, -58.6927489335893, 15, 11.1342757303926, 4.14146311220718, 4.48333242334202, 3.41158595409598, 1.02224295421574, 4.26554530943774, 76.123847528559
47494.9688679118, -15.3587056163183, 394.454864501953, -15, 0.450715310398315, 28.6086406707764, -80.5990142822266, -235.097457087945, -58.4806614422781, 15, 11.2303368424715, 4.01101087191727, 4.46636542403711, 3.47995558564592, 0.911508610231103, 4.11311298601224, 77.1872898089826
47495.0288679118, -15.3575354244288, 393.490234375, -15, 0.452002239534196, 28.608642578125, -80.599006652832, -234.2491071227, -58.2685739509669, 15, 11.3270992575987, 3.89008668372616, 4.44939842473222, 3.54982913495503, 0.792800515874057, 3.96992959281326, 78.4725995641332
47495.0888679118, -15.3571905380543, 392.527160644531, -15, 0.453623611194366, 28.6086444854736, -80.5989990234375, -233.400757157456, -58.0564864596557, 15, 11.424301024548, 3.77119646455097, 4.43243142542733, 3.62113599844314, 0.67302551598623, 3.83069599528269, 79.8743229523475
47495.1488679118, -15.355174251106, 391.682220458984, -15, 0.452489785356456, 28.6086463928223, -80.598991394043, -232.552407192211, -57.8443989683446, 15, 11.5222007844262, 3.64882350293438, 4.41546442612244, 3.69414983191899, 0.548411605525647, 3.68975087860174, 81.446959277465
47495.2088679118, -15.3530347369615, 390.71923828125, -15, 0.452590394579192, 28.6086483001709, -80.5989837646484, -231.704057226966, -57.6323114770334, 15, 11.6199580060357, 3.53496824488771, 4.39849742681753, 3.76851658627024, 0.425659880886392, 3.56047143958898, 83.1295868746369
47495.2688679118, -15.3517444653075, 389.756164550781, -15, 0.45383722138893, 28.6086502075195, -80.5989837646484, -231.704057226966, -57.4202239857222, 15, 11.7175338412687, 3.42166058606792, 4.38153042751263, 3.84425903196579, 0.300973996277984, 3.43485644523588, 84.9701711644522
47495.3288679118, -15.3498625169466, 388.793090820313, -15, 0.45364096567275, 28.6086521148682, -80.5989761352539, -230.855707261721, -57.208136494411, 15, 11.8146860808424, 3.3112250435241, 4.41758530104403, 3.92124485160378, 0.239720925793144, 3.31988153703751, 85.8569276017527
47495.3888679118, -15.3476239793498, 387.829986572266, -15, 0.453491264875221, 28.6086540222168, -80.5989685058594, -230.007357296477, -56.9960490030998, 15, 11.9112123386798, 3.20350662407912, 4.34759642890286, 3.99937998950664, 0.0506878609535493, 3.20390718840848, 89.0930341454755
47495.4488679118, -15.3456673715133, 386.866943359375, -15, 0.453980565321971, 28.6086559295654, -80.5989608764648, -229.159007331232, -56.7839615117886, 15, 12.0071891229443, 3.09562490521823, 4.33062942959795, 4.07827571247431, -0.0718018441926794, 3.09645669130924, 91.3293616909344
47495.5088679117, -15.3432705975926, 386.342224121094, -15, 0.453684862476013, 28.6086597442627, -80.5989532470703, -228.310657365987, -56.3597865291663, 15, 12.1027465764427, 2.98688762073556, 4.08460793964303, 4.15777589802041, -0.468516381354253, 3.02337665099318, 98.9185223181112
47495.5688679117, -15.341054228472, 385.380645751953, -15, 0.453971814846608, 28.6086616516113, -80.5989456176758, -227.462307400743, -56.1476990378551, 15, 12.1970559545105, 2.88787888778957, 4.27972843168328, 4.23789567552827, -0.336686343880271, 2.90742259648971, 96.6526203576669
47495.6288679117, -15.3386446404241, 384.419128417969, -15, 0.453862897775606, 28.60866355896, -80.5989379882813, -226.613957435498, -55.9356115465439, 15, 12.2898015327729, 2.79384831101128, 4.26276143237838, 4.31921586897983, -0.466669007288885, 2.83252461820111, 99.486413379243
47495.6888679117, -15.3350642240408, 383.456115722656, -15, 0.452460233614779, 28.6086654663086, -80.5989303588867, -225.765607470253, -55.7235240552327, 15, 12.3802528848575, 2.93647312823031, 4.24579443307348, 4.40181401641859, -0.599020335005242, 2.9968959882495, 101.534461560748
47495.7488679117, -15.3323713496641, 382.614318847656, -15, 0.45311981625176, 28.6086673736572, -80.5989227294922, -224.917257505008, -55.5114365639215, 15, 12.4703043943454, 2.60779917992811, 4.22882743376859, 4.48351249622749, -0.708575044679317, 2.70228577423727, 105.205694555054
47495.8088679117, -15.3294090091911, 381.652862548828, -15, 0.452698552009658, 28.6086711883545, -80.5989151000977, -224.068907539764, -55.0872615812991, 15, 12.5592350348045, 2.51375556064587, 3.98280594381364, 4.56501597957964, -1.10000437410128, 2.74375657696381, 113.639357541153
47495.8688679117, -15.3251962732485, 380.692901611328, -15, 0.450947050227515, 28.6086730957031, -80.5989074707031, -223.220557574519, -54.875174089988, 15, 12.6464928901951, 2.42718608913104, 4.17792643585391, 4.64657855209182, -0.964606953537811, 2.61173165018013, 111.678707030417
47495.9288679117, -15.321198743998, 379.731384277344, -15, 0.450490973669151, 28.6086750030518, -80.5988998413086, -222.372207609274, -54.6630865986768, 15, 12.7331384013007, 2.33069503561309, 4.16095943654901, 4.72648558774275, -1.0646397425603, 2.56222010381702, 114.555204662082
47495.9888679117, -15.3181248998768, 378.771514892578, -15, 0.45098554832805, 28.608678817749, -80.5988922119141, -221.523857644029, -54.2389116160544, 15, 12.8183854487743, 2.24369218369819, 3.91493794659409, 4.80540958709005, -1.44527824966923, 2.66869180423001, 122.791581462876
47496.0488679117, -15.314417830076, 377.929748535156, -15, 0.449918285831432, 28.6086807250977, -80.5988845825195, -220.675507678785, -54.0268241247432, 15, 12.9040224816308, 2.13828547695197, 4.11005843863433, 4.88145109159449, -1.27402135178483, 2.48890368037628, 120.790868697604
47496.1088679117, -15.3100581256227, 376.969787597656, -15, 0.448560716216279, 28.6086826324463, -80.598876953125, -219.82715771354, -53.814736633432, 15, 12.9897929903112, 2.03523223250126, 4.09309143932943, 4.9549972447338, -1.35820076454571, 2.4466515060314, 123.720026905094
47496.1688679116, -15.3061175077631, 376.009887695313, -15, 0.448252060423755, 28.6086864471436, -80.5988693237305, -218.978807748295, -53.3905616508097, 15, 13.0739752450007, 1.95125168163865, 3.8470699493745, 5.02642569675242, -1.71867129715194, 2.60001385565212, 131.374976526458
47496.2288679116, -15.3021329302016, 375.049865722656, -15, 0.447527995104648, 28.6086883544922, -80.5988616943359, -218.13045778305, -53.1784741594985, 15, 13.1583314079228, 1.84939020496151, 4.04219044141475, 5.0944836972865, -1.53312316844723, 2.40206044757239, 129.659869300567
47496.2888679116, -15.2981113302928, 374.209686279297, -15, 0.446782837175765, 28.6086902618408, -80.5988540649414, -217.282107817806, -52.9663866681873, 15, 13.240813823006, 1.77020429695902, 4.02522344210984, 5.15915073776818, -1.59785477203896, 2.38452315145517, 132.07146891036
47496.3488679116, -15.294330855754, 373.249694824219, -15, 0.446354577735734, 28.6086940765381, -80.5988388061523, -215.585407887316, -52.5422116855649, 15, 13.3202651235024, 1.70618172316163, 3.77920195215493, 5.22035294643368, -1.93273958281258, 2.57787394215276, 138.56142512852
47496.4088679116, -15.2892035724955, 372.289794921875, -15, 0.444048934549835, 28.6086959838867, -80.5988311767578, -214.737057922071, -52.3301241942537, 15, 13.3971445790849, 1.64060653885824, 3.97432244419517, 5.27460539159142, -1.69498046123311, 2.35876308815026, 135.933641030577
47496.4688679116, -15.2829888696789, 371.331298828125, -15, 0.44150583706686, 28.6086978912354, -80.5988235473633, -213.888707956827, -52.1180367029426, 15, 13.4694295230949, 1.60072806406448, 3.95735544489027, 5.3227777290013, -1.71316584117296, 2.34446237900639, 136.942713925126
47496.5288679116, -15.2771935293472, 370.491119384766, -15, 0.440368750259444, 28.6087017059326, -80.5988159179688, -213.040357991582, -51.6938617203202, 15, 13.5357492620561, 1.58167497825155, 3.71133395493534, 5.36539306632885, -2.00495246854636, 2.55352871224349, 141.728508080498
47496.5888679116, -15.2715979078874, 369.532623291016, -15, 0.439111727792415, 28.6087036132813, -80.5988082885742, -212.192008026337, -51.481774229009, 15, 13.5970414785543, 1.55924131820509, 3.90645444697559, 5.39910866754886, -1.72316483100455, 2.32374642038304, 137.858199917081
47496.6488679116, -15.2644542746152, 368.574188232422, -15, 0.435757627463431, 28.6087074279785, -80.5988006591797, -211.343658061092, -51.0575992463866, 15, 13.6519217264882, 1.55831355330072, 3.66043295702066, 5.42537028796003, -1.97642371774204, 2.51667013090461, 141.743856320087
47496.7088679116, -15.2571286586408, 367.735382080078, -15, 0.433447114797496, 28.6087093353271, -80.5987930297852, -210.495308095848, -50.8455117550754, 15, 13.6986457805018, 1.58458744023249, 3.85555344906091, 5.44516249250235, -1.70228937947149, 2.32550372956091, 137.050304743786
47496.7688679115, -15.2514260003201, 366.776977539063, -15, 0.433272794181732, 28.6087131500244, -80.5987854003906, -209.646958130603, -50.4213367724531, 15, 13.7381897316904, 1.6096928132283, 3.60953195910597, 5.45698232939506, -1.93308376540188, 2.51534103419208, 140.213967747364
47496.8288679115, -15.2459637168362, 365.818481445313, -15, 0.432026084302566, 28.608715057373, -80.5987777709961, -208.798608165358, -50.2092492811419, 15, 13.7700486958268, 1.64904989758138, 3.80465245114621, 5.46223250672652, -1.64053734016151, 2.32593746754776, 134.85177516088
47496.8888679115, -15.2401574628714, 364.979766845703, -15, 0.43013741303774, 28.6087169647217, -80.5987701416016, -207.950258200113, -49.9971617898307, 15, 13.7937071489542, 1.70338863964196, 3.78768545184133, 5.45868500639928, -1.5696665620661, 2.316173567832, 132.661091901786
47496.9488679115, -15.2340354459468, 364.021240234375, -15, 0.428127576805702, 28.6087207794189, -80.598762512207, -207.101908234869, -49.5729868072083, 15, 13.8089110254422, 1.77040440764895, 3.5416639618864, 5.44710916363872, -1.77186118147426, 2.50456074378565, 135.023555658817
47497.0088679115, -15.2290639168558, 363.062744140625, -15, 0.427784896781359, 28.6087226867676, -80.5987548828125, -206.253558269624, -49.3608993158972, 15, 13.8166427561136, 1.83655780336752, 3.73678445392664, 5.42561287014767, -1.41372982856535, 2.31751850377657, 127.589983144184
47497.0888679115, -15.2246140021017, 362.224029541016, -15, 0.427113451500013, 28.6087265014648, -80.598747253418, -205.405208304379, -48.9367243332748, 15, 13.8162787474015, 1.91866224042047, 3.49076296397172, 5.39629985262174, -1.59675607725196, 2.4959850981128, 129.769646244076
47497.1488679115, -15.220372354559, 361.265472412109, -15, 0.426251465555988, 28.6087284088135, -80.5987396240234, -204.556858339134, -48.7246368419636, 15, 13.8078011963379, 2.01068604450797, 3.68588345601194, 5.36060038910959, -1.25691250087634, 2.37108388661263, 122.013392841453
47497.2088679115, -15.2166753504246, 360.307006835938, -15, 0.425876559460433, 28.6087322235107, -80.5987243652344, -202.860158408645, -48.3004618593412, 14.5321127419305, 13.7930452809378, 1.53015551715513, 3.43986196605703, 5.31841870086886, -1.43782514967791, 2.09957746495721, 133.218568539115
47497.2688679115, -15.2129535803774, 359.468231201172, -15, 0.425006073921851, 28.6087341308594, -80.5987167358398, -202.0118084434, -48.08837436803, 15, 13.7724057344578, 2.17596054998387, 3.63498245809727, 5.2730295844186, -1.1181221656645, 2.44630340813114, 117.200587023127
47497.3288679115, -15.2113256316148, 358.509765625, -15, 0.42673372238241, 28.608736038208, -80.5987091064453, -201.163458478156, -47.8762868767188, 15, 13.749354737014, 2.22848664371414, 3.61801545879237, 5.22354262287611, -1.03908307634889, 2.45871955473068, 115.002697763169
47497.3888679114, -15.2094353906784, 357.551391601563, -15, 0.426387355368201, 28.6087398529053, -80.5987014770508, -200.315108512911, -47.4521118940965, 15, 13.7257663583858, 2.26293105009845, 3.37199396883746, 5.16948145239295, -1.22477186279086, 2.57296384797996, 118.428102345749
47497.4488679114, -15.2078228913975, 356.592803955078, -15, 0.426597275709524, 28.6087436676025, -80.5986938476563, -199.466758547666, -47.0279369114741, 15, 13.6998179054324, 2.31845004615557, 3.33805997022766, 5.11337560439846, -1.17878405779307, 2.60076603498223, 116.955118810755
47497.5088679114, -15.2051270587761, 356.192352294922, -15, 0.425231546053418, 28.6087455749512, -80.5986862182617, -198.618408582421, -46.8158494201629, 15, 13.6714769802232, 2.37718099277955, 3.5331804622679, 5.05573382622594, -0.86102356377316, 2.52822578181165, 109.915143882412
47497.5688679114, -15.2029724313145, 355.235504150391, -15, 0.425429616662421, 28.6087474822998, -80.5986785888672, -197.770058617177, -46.6037619288517, 14.9732547239936, 13.6404021780074, 2.41051490582791, 3.516213462963, 4.9976565197815, -0.808224778319716, 2.54232648332642, 108.540379047634
47497.6288679114, -15.2014308478853, 354.277069091797, -15, 0.425928145861364, 28.6087512969971, -80.5986633300781, -196.073358686687, -46.1795869462294, 13.9891687641739, 13.6059874671317, 1.30453840247929, 3.27019197300807, 4.94014138680552, -1.04105611102814, 1.66896104732668, 128.591668465217
47497.6888679114, -15.1999535135728, 353.318634033203, -15, 0.425990613607625, 28.6087532043457, -80.5986557006836, -195.225008721442, -45.9674994549182, 14.7696507323349, 13.570823264815, 2.29152801794226, 3.46531246504832, 4.88102786817467, -0.720840870913251, 2.4021730022767, 107.465835630003
47497.7488679114, -15.1981215615655, 352.479919433594, -15, 0.426136460973384, 28.6087551116943, -80.5986480712891, -194.376658756198, -45.755411963607, 14.7017827351153, 13.5356486715033, 2.25309952364233, 3.44834546574343, 4.82059214734137, -0.656279731061446, 2.34668670984678, 106.243341534597
47497.8088679114, -15.1958077141216, 351.519927978516, -15, 0.425015108939283, 28.6087589263916, -80.5986404418945, -193.528308790953, -45.3312369809846, 14.6339147378957, 13.5026498415979, 2.19017764773643, 3.2023239757885, 4.76065859215562, -0.885541910030405, 2.36234641963212, 112.018734100975
47497.8688679114, -15.1934895082983, 350.5615234375, -15, 0.424664663151922, 28.6087608337402, -80.5986328125, -192.679958825708, -45.1191494896734, 14.5660467406761, 13.4704205761177, 2.14037290109394, 3.39744446782875, 4.69704612276384, -0.539052975238569, 2.20717898776897, 104.138919797797
47497.9288679114, -15.1927635631306, 349.603057861328, -15, 0.426279459654046, 28.6087627410889, -80.5986251831055, -191.831608860463, -44.9070619983623, 14.4981787434565, 13.4392791283718, 2.08605820414942, 3.38047746852384, 4.63014714538272, -0.447019323454511, 2.13339560393948, 102.097411715627
47497.9888679114, -15.1926824965885, 348.764404296875, -15, 0.427362479381573, 28.6087665557861, -80.5986175537109, -190.983258895219, -44.4828870157399, 14.430310746237, 13.4081565043759, 2.04238881132626, 3.13445597856892, 4.56309589359792, -0.661118049170452, 2.14668208821065, 107.939868804187
47498.0488679113, -15.1911096879549, 347.805999755859, -15, 0.426063566582147, 28.6087684631348, -80.5986099243164, -190.134908929974, -44.2707995244287, 14.3624427490174, 13.3786138512868, 1.98118898663832, 3.32957647060916, 4.49327454692212, -0.316185112642522, 2.00625097594984, 99.0693044426699
47498.1088679113, -15.1888754366474, 346.847595214844, -15, 0.425185290140682, 28.6087703704834, -80.5986022949219, -189.286558964729, -44.0587120331175, 14.2945747517978, 13.3512452180781, 1.9114155487369, 3.31260947130427, 4.42127315042901, -0.229008536047337, 1.92508047945106, 96.8333332832429
47498.1688679113, -15.1878973722631, 345.889221191406, -15, 0.42640457893977, 28.608772277832, -80.5985946655273, -188.438208999484, -43.8466245418063, 14.2267067545782, 13.3246639377621, 1.85453918521545, 3.29564247199936, 4.35093208671516, -0.182196160320623, 1.86346436425152, 95.6118885515607
47498.2288679113, -15.1878579519789, 344.92919921875, -15, 0.427734588098856, 28.6087760925293, -80.5985870361328, -187.58985903424, -43.422449559184, 14.1588387573587, 13.3002059520549, 1.78172940499219, 3.04962098204445, 4.27994364335576, -0.564217386334522, 1.86890296955179, 107.573740089201
47498.2888679113, -15.1864466458374, 344.090484619141, -15, 0.42658616736508, 28.6087779998779, -80.5985794067383, -186.741509068995, -43.2103620678728, 14.0909707601391, 13.2781191564704, 1.7035677727609, 3.24474147408468, 4.20874864547563, -0.06568054909834, 1.70483307675843, 92.2082527244051
47498.3488679113, -15.1833676355391, 343.132141113281, -15, 0.424514912688077, 28.6087799072266, -80.5985717773438, -185.89315910375, -42.9982745765616, 14.0231027629195, 13.2507455223031, 1.70830633727897, 3.2277744747798, 4.11842369275938, 0.213114153856516, 1.72154428507391, 82.8879639573444
47498.4088679113, -15.1808248547438, 342.184692382813, -15, 0.424487132853352, 28.6087818145752, -80.5985641479492, -185.044809138505, -42.7861870852504, 13.9552347656999, 13.229365941786, 1.59301522201924, 3.2108074754749, 4.0589954010814, -0.0454078184832118, 1.59366208345541, 91.6329453265624
47498.4688679113, -15.1777446060906, 341.226348876953, -15, 0.423340377328533, 28.6087837219238, -80.5985488891602, -183.348109208016, -42.5740995939392, 12.9711488058802, 13.2092871031461, 0.423056374850323, 3.19384047617, 4.00204510568228, -0.0226927487404223, 0.423664546295957, 93.0704315105202
47498.5288679113, -15.175438186322, 340.267974853516, -15, 0.423588981383999, 28.6087875366211, -80.5985412597656, -182.499759242771, -42.1499246113168, 13.7516307740412, 13.1929232210328, 1.34245705443924, 2.94781898621508, 3.94608430223384, -0.261259451246049, 1.36763845841949, 101.013786170651
47498.5888679113, -15.1722946242762, 339.308013916016, -15, 0.422150821873977, 28.6087894439697, -80.5985336303711, -181.651409277526, -41.9378371200057, 13.6837627768216, 13.1821618532099, 1.21820491680489, 3.14293947825532, 3.89482160049162, -0.013031765050138, 1.21827460805696, 90.6129452384298
47498.6488679112, -15.16869805909, 338.349487304688, -15, 0.420840787359512, 28.6087913513184, -80.5985260009766, -180.803059312282, -41.7257496286945, 13.615894779602, 13.1805899503849, 1.04701613643493, 3.12597247895042, 3.84760169912955, -0.0175892639215183, 1.04716385428511, 90.9624988784151
47498.7088679112, -15.1658004699513, 337.391082763672, -15, 0.42076163315364, 28.608793258667, -80.598518371582, -179.954709347037, -41.5136621373833, 13.5480267823824, 13.1772163293229, 0.987862553690264, 3.10900547964553, 3.80938284660119, -0.0825177548249611, 0.991302643048554, 94.7751577196067
47498.7688679112, -15.1631527012556, 336.431091308594, -15, 0.420400167481445, 28.6087951660156, -80.5985107421875, -179.106359381792, -41.3015746460721, 13.4801587851628, 13.1746802226372, 0.901272428423618, 3.09203848034063, 3.77708022155352, -0.123688303794671, 0.909719475923895, 97.8146227780163
47498.8288679112, -15.1605960338737, 335.472717285156, -15, 0.419935206391839, 28.6087970733643, -80.598503112793, -178.258009416548, -41.0894871547609, 13.4122907879433, 13.1734866217284, 0.807981377577843, 3.07507148103574, 3.75066250600906, -0.171601893963638, 0.826001915551867, 101.990879819661
47498.8888679112, -15.1572631846746, 334.514251708984, -15, 0.41842703808501, 28.6087989807129, -80.5984954833984, -177.409659451303, -40.8773996634497, 13.3444227907237, 13.1725904003054, 0.724744551198347, 3.11112635456713, 3.73060616117952, -0.16825382697381, 0.744017812231365, 103.070353177329
47498.9488679112, -15.1551153276594, 333.554260253906, -15, 0.419020734748564, 28.6088008880615, -80.5984878540039, -176.561309486058, -40.6653121721385, 13.2765547935041, 13.1728875891903, 0.631074425114764, 3.04113748242595, 3.71822839243542, -0.314579166462974, 0.705131888495443, 116.495771092406
47499.0088679112, -15.151937088562, 332.715515136719, -15, 0.417346598639858, 28.6088047027588, -80.5984802246094, -175.712959520813, -40.2411371895162, 13.2086867962845, 13.174734938909, 0.531934771563513, 2.79511599247104, 3.71312545352386, -0.676980531728486, 0.860955326286626, 141.841400733299
47499.0688679112, -15.1499679074457, 332.193817138672, -15, 0.418016378233401, 28.6088066101074, -80.5984725952148, -174.864609555569, -40.029049698205, 13.1408187990649, 13.1780858819171, 0.431413750143599, 2.99023648451126, 3.71481863654276, -0.513263729509563, 0.670486764411395, 139.951818166704
47499.1288679112, -15.148244880387, 331.235382080078, -15, 0.417977030432459, 28.6088085174561, -80.5984649658203, -174.016259590324, -39.8169622068938, 13.0729508018454, 13.18223881813, 0.336903125165612, 2.97326948520637, 3.72481782862737, -0.629134178853409, 0.713658860356436, 151.830483378282
47499.1888679112, -15.1465944983197, 330.276977539063, -15, 0.417817198593114, 28.6088104248047, -80.5984573364258, -173.167909625079, -39.6048747155826, 13.0050828046258, 13.1872110548078, 0.24119256288812, 2.95630248590148, 3.74286127737163, -0.752061218396548, 0.789788951324396, 162.218073859931
47499.2488679111, -15.1449128530395, 329.316955566406, -15, 0.417553226362792, 28.6088123321533, -80.5984497070313, -172.319559659834, -39.3927872242714, 12.9372148074062, 13.1945185706138, 0.127474773713077, 2.93933548659657, 3.76532335003083, -0.844057936627827, 0.853628984272545, 171.411446832459
47499.3088679111, -15.1432100004129, 328.358520507813, -15, 0.417284042524556, 28.608814239502, -80.5984420776367, -171.47120969459, -39.1806997329603, 12.8693468101866, 13.2040967810189, 0.0355101046098332, 2.92236848729169, 3.79176215298351, -0.936433838477568, 0.937106818402471, 177.828255469979
47499.3688679111, -15.1424738069011, 327.400115966797, -15, 0.41822253580305, 28.6088161468506, -80.5984344482422, -170.622859729345, -38.9686122416491, 12.801478812967, 13.2160091425726, -0.107762081621944, 2.90540148798679, 3.82145643021533, -1.02553174608335, 1.03117737965592, -174.001102839503
47499.4288679111, -15.1406553231808, 326.440124511719, -15, 0.417015199777123, 28.6088180541992, -80.5984191894531, -168.926159798855, -38.7565247503379, 11.8173928531474, 13.2304643113161, -1.33228735067503, 2.88843448868189, 3.85348475643943, -1.10824565680531, 1.73290987820056, -129.755712459063
47499.4888679111, -15.1386684799157, 325.481719970703, -15, 0.41649616829006, 28.6088199615479, -80.5984115600586, -168.077809833611, -38.5444372590267, 12.5978748213083, 13.2473835405626, -0.441042374243856, 2.87146748937701, 3.88671141271873, -1.18107049041417, 1.26072135176043, -159.521918618299
47499.5488679111, -15.1383743837046, 324.523284912109, -15, 0.418204275501828, 28.6088237762451, -80.5984039306641, -167.229459868366, -38.1202622764043, 12.5300068240887, 13.2708337967972, -0.616379044463374, 2.62544599942208, 3.91742768132663, -1.48882711298057, 1.61134843659728, -157.508404926555
47499.6088679111, -15.1372475840331, 323.563323974609, -15, 0.417471378834859, 28.6088256835938, -80.5983963012695, -166.381109903121, -37.9081747850931, 12.4621388268691, 13.3024643629662, -0.818084615207673, 2.82056649146231, 3.94254920652375, -1.22955410828095, 1.47680838353244, -146.361035694909
47499.6688679111, -15.1365675382057, 322.604919433594, -15, 0.417981357988619, 28.6088275909424, -80.598388671875, -165.532759937876, -37.696087293782, 12.3942708296496, 13.3308621978221, -0.901838255383371, 2.80359949215743, 3.9681439872766, -1.28605952660524, 1.57070835926994, -144.959119706057
47499.7288679111, -15.134948277796, 322.204467773438, -15, 0.4169558198394, 28.608829498291, -80.5983810424805, -164.684409972632, -37.4839998024708, 12.32640283243, 13.3574023152117, -0.997169417937998, 2.78663249285253, 3.99423003109262, -1.34336036750572, 1.67295598008828, -143.412565048813
47499.7888679111, -15.1337729091972, 321.246002197266, -15, 0.417256900969776, 28.6088314056396, -80.5983734130859, -163.836060007387, -37.2719123111596, 12.2585348352104, 13.3838464567132, -1.110059412495, 2.76966549354763, 4.01727163415594, -1.36167484649987, 1.75674650432333, -140.811636889892
47499.8488679111, -15.132182802519, 320.286010742188, -15, 0.416671791639829, 28.6088333129883, -80.5983657836914, -162.987710042142, -37.0598248198484, 12.1906668379908, 13.4093818489744, -1.21378721647344, 2.75269849424274, 4.03803424876634, -1.38493170011807, 1.84147448299811, -138.767260151016
47499.908867911, -15.1301109465381, 319.327697753906, -15, 0.415831924334773, 28.6088352203369, -80.5983581542969, -162.139360076897, -36.8477373285372, 12.1227988407712, 13.4333599411955, -1.30921586006002, 2.73573149493784, 4.05664548449261, -1.40690434170431, 1.9217391790627, -137.05943780934
47499.968867911, -15.1285373057671, 318.369232177734, -15, 0.41600325928518, 28.6088371276855, -80.5983505249023, -161.291010111653, -36.635649837226, 12.2670183348968, 13.4554730430981, -1.14475135902809, 2.71876449563295, 4.07286703352032, -1.42364619423656, 1.82673327421293, -141.196283133912
47500.028867911, -15.1271175183651, 317.410766601563, -15, 0.415944908020223, 28.6088409423828, -80.5983428955078, -160.442660146408, -36.2114748546037, 11.9870628463321, 13.4751553220427, -1.48090130594084, 2.47274300567802, 4.08656279671367, -1.71101733154128, 2.26274103658399, -139.122451868708
47500.088867911, -15.1255041425584, 316.452362060547, -15, 0.415514746454625, 28.6088428497314, -80.5983352661133, -159.594310181163, -35.9993873632925, 11.9191948491125, 13.4907694077476, -1.5413408177821, 2.66786349771827, 4.09824609603061, -1.47162629106493, 2.13093711347146, -133.674822562748
47500.148867911, -15.1229583372919, 315.493957519531, -15, 0.41408827480984, 28.6088447570801, -80.5983276367188, -158.745960215918, -35.7872998719813, 11.8513268518929, 13.5008324540963, -1.5803373798547, 2.65089649841337, 4.10922348758394, -1.49897547865096, 2.178032108403, -133.4868414381
47500.208867911, -15.1207582914718, 314.535522460938, -15, 0.413858664228254, 28.6088466644287, -80.5983200073242, -157.897610250674, -35.5752123806701, 11.7834588546734, 13.5074186878428, -1.63594870688612, 2.63392949910848, 4.11863517464844, -1.5158636808085, 2.23014491990775, -132.818617389579
47500.268867911, -15.1191406510173, 313.695220947266, -15, 0.414054367804189, 28.6088485717773, -80.5983047485352, -156.200910320184, -35.3631248893589, 10.7993728948536, 13.5109863183918, -2.7925739514015, 2.61696249980358, 4.12388729856264, -1.50183515204096, 3.17051915447718, -118.277914110649
47500.328867911, -15.1164821837873, 312.736877441406, -15, 0.412473071817072, 28.608850479126, -80.5982971191406, -155.352560354939, -35.1510373980477, 11.5798548630146, 13.5105996145734, -1.81714664819757, 2.59999550049868, 4.12546342748716, -1.48824223676958, 2.34864731352814, -129.31901012253
47500.388867911, -15.1138501811217, 312.216644287109, -15, 0.411783875097832, 28.6088523864746, -80.5982894897461, -154.504210389695, -34.9389499067365, 11.511986865795, 13.5071124228635, -1.86459581122354, 2.58302850119379, 4.12442869393741, -1.4821771710444, 2.3817621791772, -128.483189749861
47500.448867911, -15.1116608885108, 311.258209228516, -15, 0.411612065764607, 28.6088542938232, -80.5982818603516, -153.65586042445, -34.7268624154254, 11.4441188685755, 13.5019761229045, -1.9246174797941, 2.56606150188889, 4.12101592805592, -1.47559490048678, 2.42501829013606, -127.4793522557
47500.5088679109, -15.1109992628876, 310.2998046875, -15, 0.412953469127121, 28.6088581085205, -80.598274230957, -152.807510459205, -34.302687432803, 11.3762508713559, 13.4926279593228, -1.953992470179, 2.32004001193397, 4.1119012153624, -1.70393868179296, 2.59236722768366, -131.090699806405
47500.5688679109, -15.1094179508416, 309.339782714844, -15, 0.411882792808804, 28.6088600158691, -80.5982666015625, -151.959160493961, -34.0905999414918, 11.3083828741363, 13.4790897248619, -1.97858990080084, 2.51516050397421, 4.09820474339437, -1.40849055877405, 2.42855408879544, -125.448418710988
47500.6488679109, -15.1075127390556, 308.38134765625, -15, 0.411173329861469, 28.6088619232178, -80.598258972168, -151.110810528716, -33.8785124501806, 11.2405148769167, 13.460046910194, -1.9834660370031, 2.49819350466932, 4.08124335980632, -1.37679801134188, 2.41432246642589, -124.768740045175
47500.7088679109, -15.1068469928627, 307.422912597656, -15, 0.412260460357301, 28.6088638305664, -80.5982513427734, -150.262460563471, -33.6664249588694, 11.1726468796972, 13.4351821552788, -1.97820804645264, 2.48122650536443, 4.06187495710742, -1.35079452522755, 2.39525109538085, -124.329554154166
47500.7688679109, -15.1059929937298, 306.462890625, -15, 0.412079962235303, 28.608865737915, -80.5982437133789, -149.414110598226, -33.4543374675582, 11.1047788824776, 13.4057036491635, -1.97951847862801, 2.46425950605952, 4.03756236610703, -1.29348191388599, 2.36451329055483, -123.164901123802
47500.8288679109, -15.1046463207329, 305.504455566406, -15, 0.411444670445204, 28.6088676452637, -80.5982360839844, -148.565760632982, -33.2422499762471, 11.036910885258, 13.3713467026901, -1.97234799742511, 2.44729250675462, 4.0093114370306, -1.24149502875144, 2.33042005654035, -122.191455767384
47500.8888679109, -15.1037769949085, 304.664245605469, -15, 0.411806060410613, 28.6088695526123, -80.5982284545898, -147.717410667737, -33.0301624849359, 10.9690428880384, 13.3319431419188, -1.95745691832829, 2.43032550744974, 3.97786140768433, -1.19305291153833, 2.29226067402448, -121.365056482681
47500.9488679109, -15.1035208161334, 303.705749511719, -15, 0.41252510722344, 28.6088714599609, -80.5982208251953, -146.869060702492, -32.8180749936247, 10.9011748908188, 13.2878524518338, -1.94055040028195, 2.41335850814485, 3.94346295692239, -1.14356901829751, 2.25232898579784, -120.514031073801
47501.0088679109, -15.1034638419779, 302.745727539063, -15, 0.412978712936804, 28.6088733673096, -80.5982055664063, -145.172360772003, -32.6059875023135, 9.91708893099914, 13.2393314994985, -3.02091913229342, 2.39639150883994, 3.90631688764003, -1.09278390434315, 3.21232349865455, -109.894409639555
47501.0688679109, -15.1030415356241, 302.225646972656, -15, 0.4128144715035, 28.6088771820068, -80.5981979370117, -144.324010806758, -32.1818125196911, 10.6975708991601, 13.1867027768699, -1.98160207953209, 2.15037001888502, 3.86677026453416, -1.31757804647032, 2.37950970800557, -123.623088672339
47501.1288679108, -15.1036651904265, 301.265563964844, -15, 0.414246563292649, 28.6088790893555, -80.5981903076172, -143.475660841513, -31.9697250283799, 10.6297029019405, 13.1315167808149, -1.97274883499015, 2.34549051092526, 3.82514808947287, -1.01361912093792, 2.21782678474658, -117.19796327065
47501.1888679108, -15.1043813128387, 300.305633544922, -15, 0.414923212537468, 28.6088809967041, -80.5981826782227, -142.627310876268, -31.7576375370688, 10.5618349047209, 13.0815818157121, -2.04829063120591, 2.32852351162037, 3.77937696674806, -0.93843520826507, 2.25294916582843, -114.618786179676
47501.2488679108, -15.1034338017624, 299.458099365234, -15, 0.413468148271607, 28.6088829040527, -80.5981750488281, -141.778960911024, -31.5455500457576, 10.4939669075014, 13.0261550036318, -2.0098208964473, 2.31155651231547, 3.73493272567897, -0.919585360435302, 2.21012904465439, -114.589785755022
47501.3088679108, -15.1027120922644, 298.627349853516, -15, 0.413675768731081, 28.6088848114014, -80.5981674194336, -140.930610945779, -31.3334625544464, 10.4260989102818, 12.9662930514894, -1.97660086639572, 2.29458951301058, 3.68975398319752, -0.879223353180602, 2.16325633979643, -113.98364096289
47501.3688679108, -15.1026012001259, 297.796569824219, -15, 0.414573933671277, 28.60888671875, -80.5981597900391, -140.082260980534, -31.1213750631352, 10.3582309130622, 12.9040003367959, -1.96051104156654, 2.27762251370569, 3.64315210309418, -0.830249437754753, 2.1290017908244, -112.955283995526
47501.4288679108, -15.1027154032604, 296.9658203125, -15, 0.415092238000197, 28.6088886260986, -80.5981521606445, -139.233911015289, -30.909287571824, 10.2903629158426, 12.8396542141396, -1.94573278618913, 2.26065551440078, 3.5962396626474, -0.792010655438502, 2.10069412243627, -112.151992642135
47501.4888679108, -15.1024760812257, 296.128295898438, -15, 0.415009333122154, 28.6088905334473, -80.59814453125, -138.385561050045, -30.6972000805128, 10.222494918623, 12.7734480563933, -1.93065721453789, 2.24368851509589, 3.54946779028669, -0.75843395619741, 2.07423277778624, -111.449866832395
47501.5488679108, -15.1027831227234, 295.297576904297, -15, 0.415895802033126, 28.6088924407959, -80.5981369018555, -137.5372110848, -30.4851125892017, 10.1546269214035, 12.7062796254577, -1.92340495380462, 2.226721515791, 3.50325711908567, -0.729719482881626, 2.05712836173469, -110.779270841205
47501.6088679108, -15.1026832363912, 294.900268554688, -15, 0.415824790684415, 28.6088943481445, -80.5981292724609, -136.688861119555, -30.2730250978905, 10.0867589241839, 12.6385120177421, -1.91906470526545, 2.2097545164861, 3.45770919654266, -0.702798634385039, 2.04366106401546, -110.116703983008
47501.6688679108, -15.1019877629353, 294.062713623047, -15, 0.415356241987655, 28.6088962554932, -80.5981216430664, -135.84051115431, -30.0609376065793, 10.0188909269643, 12.5708614348448, -1.9220270329396, 2.19278751718121, 3.41323533767083, -0.681263308310462, 2.0391501912404, -109.519852568916
47501.7288679108, -15.1012018791319, 293.225189208984, -15, 0.415270152147337, 28.6088981628418, -80.5981140136719, -134.992161189066, -29.8488501152681, 9.95102292974474, 12.5039473808997, -1.93206880906261, 2.17582051787631, 3.37012443606003, -0.664236780506597, 2.04302059103283, -108.975689267662
47501.7888679107, -15.0998595893089, 292.394470214844, -15, 0.414569143302998, 28.6089000701904, -80.5981063842773, -134.143811223821, -29.6367626239569, 9.88315493252516, 12.4383128359351, -1.94907713631768, 2.15885351857142, 3.32859758574838, -0.651307318732717, 2.05497913919346, -108.480615384599
47501.8488679107, -15.0981599103305, 291.556945800781, -15, 0.413885927146379, 28.6089019775391, -80.5980987548828, -133.295461258576, -29.4246751326457, 9.81528693530552, 12.3744791084695, -1.97346195031884, 2.14188651926652, 3.28887407461093, -0.742259264182188, 2.10838397654091, -110.615508629651
47501.9088679107, -15.0961606931444, 290.719421386719, -15, 0.413125107178193, 28.6089038848877, -80.5980911254883, -132.447111293331, -29.2125876413345, 9.747418938086, 12.29306697938, -1.78295236463225, 2.12491951996163, 3.23912044000548, -0.503973809817869, 1.85278891022506, -105.785836384109
47501.9688679107, -15.0945947633681, 289.881866455078, -15, 0.413143592399191, 28.6089057922363, -80.5980834960938, -131.598761328087, -29.0005001500234, 9.67955094086639, 12.235178735176, -2.03170029381963, 2.10795252065673, 3.20497863782237, -0.640140586282568, 2.130120720902, -107.491503930193
47502.0288679107, -15.0926539761663, 288.972015380859, -15, 0.41233285825909, 28.608907699585, -80.5980758666992, -130.750411362842, -28.7884126587122, 9.61168294364684, 12.1794347165915, -2.06923197544431, 2.09098552135184, 3.17373305320153, -0.652618108049834, 2.16966499157912, -107.508047604379
47502.0888679107, -15.0899812613911, 288.134521484375, -15, 0.410923776488428, 28.6089096069336, -80.5980682373047, -129.902061397597, -28.576325167401, 9.54381494642723, 12.1263950304539, -2.1156188212658, 2.07401852204694, 3.14446306824668, -0.658252788660492, 2.21561341151057, -107.286322771617
47502.1488679107, -15.0881784639402, 287.290191650391, -15, 0.411192124003595, 28.6089115142822, -80.5980606079102, -129.053711432352, -28.3642376760898, 9.47594694920765, 12.0779451362413, -2.18637966304354, 2.05705152274205, 3.11794902282565, -0.67499226716374, 2.28815415140298, -107.160363929001
47502.2088679107, -15.0862308612228, 286.452575683594, -15, 0.410551104444835, 28.6089134216309, -80.5980529785156, -128.205361467108, -28.1521501847786, 9.4080789519881, 12.0337921406245, -2.25938207884504, 2.04008452343716, 3.09437206397892, -0.697063753985464, 2.36441395857745, -107.149807588857
47502.2688679107, -15.0839800867987, 285.614990234375, -15, 0.409650091846575, 28.6089134216309, -80.5980453491211, -127.357011501863, -28.1521501847786, 9.34021095476849, 11.9939062849887, -2.33722426576024, 2.25217201478229, 3.07384128670621, -0.448876648952211, 2.37991507014228, -100.874424362006
47502.3288679107, -15.0822250813718, 285.204071044922, -15, 0.40960790575095, 28.6089153289795, -80.5980377197266, -126.508661536618, -27.9400626934674, 9.27234295754893, 11.9584030699399, -2.42150004630864, 2.02311752413226, 3.05639857349207, -0.734311391095413, 2.53032697665467, -106.874044926084
47502.3888679106, -15.0789469959779, 284.359710693359, -15, 0.407264279275279, 28.6089172363281, -80.598030090332, -125.660311571374, -27.7279752021562, 9.20447496032934, 11.9271540574054, -2.50961846053865, 2.00615052482736, 3.04145416865997, -0.762342770473405, 2.62278089098806, -106.901749444601
47502.4488679106, -15.0769411221279, 283.522064208984, -15, 0.407752929388344, 28.6089191436768, -80.5980224609375, -124.811961606129, -27.5158877108451, 9.13660696310977, 11.9007091788381, -2.60902600393077, 1.98918352552247, 3.02804679912226, -0.782607997104411, 2.72379672015127, -106.702193333214
47502.5088679106, -15.0750597104522, 282.677734375, -15, 0.407329262328094, 28.6089210510254, -80.598014831543, -123.963611640884, -27.3038002195339, 9.06873896589019, 11.8779375468139, -2.70155962675091, 2.02523839905386, 3.01875637004336, -0.76995914934919, 2.80906071507084, -105.912982165939
47502.5688679106, -15.073208522192, 281.833343505859, -15, 0.406833598769976, 28.608922958374, -80.5980072021484, -123.115261675639, -27.0917127282227, 9.0008709686706, 11.8585398571749, -2.79517802103628, 1.95524952691268, 3.01332928052306, -0.886701531938632, 2.93234307708017, -107.606243401697
47502.6288679106, -15.0709529901593, 280.988922119141, -15, 0.405807291783637, 28.6089248657227, -80.5979995727539, -122.266911710395, -26.8796252369115, 8.93300297145102, 11.8423556235967, -2.89107870961147, 1.93828252760779, 3.01126376884826, -0.938842884299616, 3.03957461851136, -107.996969678022
47502.6888679106, -15.0688507687399, 280.584686279297, -15, 0.405300714366449, 28.6089267730713, -80.5979919433594, -121.41856174515, -26.6675377456003, 8.86513497423145, 11.8289042578471, -2.98548560723529, 1.92131552830288, 3.01251371876272, -0.994512558175018, 3.14663061602769, -108.430646251249
47502.7488679106, -15.0665444984937, 279.740356445313, -15, 0.404407799074431, 28.6089286804199, -80.5979843139648, -120.570211779905, -26.4554502542891, 8.79726697701189, 11.8173926896848, -3.07432337340715, 1.90434852899799, 3.01769032554582, -1.06101945925115, 3.25209868827312, -109.048198597849
47502.8088679106, -15.0657194220271, 278.895874023438, -15, 0.405509254903677, 28.6089286804199, -80.5979766845703, -119.72186181466, -26.4554502542891, 8.72939897979228, 11.8074621566108, -3.16150551917315, 2.11643602034313, 3.02642734325607, -0.853148994960039, 3.27448339273538, -105.108629949353
47502.8688679106, -15.0637828520674, 278.051452636719, -15, 0.403999730898313, 28.6089305877686, -80.5979766845703, -119.72186181466, -26.2433627629779, 9.57774894517283, 11.7987134060412, -2.16845353307522, 1.8873815296931, 3.03847453969747, -1.17626346259258, 2.46680476938246, -118.481375076809
47502.9288679106, -15.0618695421811, 277.087341308594, -15, 0.403439398964737, 28.6089324951172, -80.5979690551758, -118.873511849416, -26.0312752716668, 8.66153098257272, 11.7910574956376, -3.24966223685249, 1.87041453038821, 3.05229593393039, -1.23166064159786, 3.47500583429408, -110.766024596236
47502.9888679106, -15.0602307281088, 276.242889404297, -15, 0.403193312031791, 28.6089344024658, -80.5979614257813, -118.025161884171, -25.8191877803556, 8.59366298535312, 11.7817692905192, -3.30554790400655, 1.85344753108331, 3.06661971160427, -1.27496131169115, 3.5426500447281, -111.100887157918
47503.0488679105, -15.0601082149403, 275.398498535156, -15, 0.404588215495996, 28.6089363098145, -80.5979537963867, -117.176811918926, -25.6071002890444, 8.52579498813356, 11.7653283752855, -3.29767702125663, 1.83648053177842, 3.08656991975877, -1.37627631909019, 3.57305446159642, -112.662369216357
47503.1088679105, -15.0590964122223, 274.704254150391, -15, 0.403619709020687, 28.6089382171631, -80.5979461669922, -116.328461953681, -25.3950127977332, 8.45792699091396, 11.7506666037306, -3.38129157261249, 1.81951353247352, 3.1082870969331, -1.44114028520498, 3.67526955217424, -113.094007383621
47503.1688679105, -15.0576081705461, 273.800415039063, -15, 0.402800204396495, 28.6089401245117, -80.5979385375977, -115.480111988437, -25.182925306422, 8.3900589936944, 11.7366264010196, -3.45410855490718, 1.80254653316862, 3.13104537797561, -1.50001875961208, 3.76539447770809, -113.484194527099
47503.2288679105, -15.0562081415223, 272.896697998047, -15, 0.40248232775535, 28.6089420318604, -80.5979309082031, -114.631762023192, -24.9708378151108, 8.32219099647483, 11.7221704420638, -3.5160854260418, 1.78557953386373, 3.1544799616424, -1.55608502567848, 3.84463480709068, -113.883055664003
47503.2888679105, -15.0552163792078, 271.993011474609, -15, 0.402591494224821, 28.6089420318604, -80.5979232788086, -113.783412057947, -24.9708378151108, 8.25432299925521, 11.7074121278268, -3.57886534628551, 1.99766702520887, 3.17762679570701, -1.32718671678183, 3.81672769062773, -110.357278977567
47503.3488679105, -15.054119742303, 271.089202880859, -15, 0.40222780319793, 28.608943939209, -80.5979156494141, -112.935062092702, -24.7587503237996, 8.18645500203564, 11.6922513943298, -3.6401933479862, 1.76861253455884, 3.19963363324702, -1.6179189580211, 3.98310760299061, -113.974698912456
47503.4088679105, -15.0522317969191, 270.185577392578, -15, 0.400969896702357, 28.6089458465576, -80.5979080200195, -112.086712127458, -24.5466628324885, 8.11858700481608, 11.6770248918328, -3.70484051438636, 1.75164553525395, 3.21854678721352, -1.63091844695778, 4.04747203334929, -113.771585831687
47503.4688679105, -15.0513636028787, 269.282012939453, -15, 0.401626502681247, 28.6089477539063, -80.597900390625, -111.238362162213, -24.3345753411773, 8.05071900759652, 11.6617624226356, -3.76977410705819, 1.73467853594904, 3.23313228239209, -1.62640392469934, 4.10518796745447, -113.349190187183
47503.5288679105, -15.0495812848071, 268.37841796875, -15, 0.400300549280865, 28.6089496612549, -80.5978927612305, -110.390012196968, -24.1224878498661, 8.19493850172206, 11.644952501328, -3.56313429583247, 1.71771153664415, 3.24578417092883, -1.6435273672685, 3.92347103262585, -114.772995146226
47503.5888679105, -15.049056682414, 267.474914550781, -15, 0.401285974769769, 28.6089515686035, -80.5978851318359, -109.541662231723, -23.9104003585549, 7.91498301315733, 11.6265768047386, -3.86359924965693, 1.70074453733926, 3.25556407375074, -1.64783668438939, 4.19983900930515, -113.111217383721
47503.6488679104, -15.0485401587911, 266.571319580078, -15, 0.401231718105472, 28.6089534759521, -80.5978775024414, -108.693312266479, -23.6983128672437, 7.84711501593775, 11.6054415376105, -3.89433781628777, 1.68377753803436, 3.26226428578169, -1.64638752212629, 4.22756233134109, -112.929912486478
47503.7088679104, -15.0478451717927, 265.667816162109, -15, 0.400948539341812, 28.6089553833008, -80.5978698730469, -107.844962301234, -23.4862253759325, 7.77924701871819, 11.580551549483, -3.91064499991662, 1.66681053872947, 3.26609002408997, -1.64355363772192, 4.24148755390946, -112.80897756825
47503.7688679104, -15.0465252934843, 264.764190673828, -15, 0.400039421140511, 28.6089572906494, -80.5978622436523, -106.996612335989, -23.2741378846214, 7.71137902149861, 11.5541839692172, -3.94797526184332, 1.64984353942458, 3.26571895382963, -1.622470192131, 4.26787423575637, -112.354083197357
47503.8288679104, -15.0455191548836, 263.860656738281, -15, 0.400034972921251, 28.608959197998, -80.5978622436523, -106.996612335989, -23.0620503933102, 8.55972898687914, 11.5256776605623, -2.87614001831103, 1.63287654011968, 3.26123301672266, -1.59727581218142, 3.28957869605198, -119.052842636708
47503.8888679104, -15.0451397469553, 262.957061767578, -15, 0.400540904551228, 28.608959197998, -80.5978546142578, -106.148262370744, -23.0620503933102, 7.64351102427901, 11.4944684784783, -3.91343239510687, 1.84496403146481, 3.2527551617012, -1.2935228920682, 4.12135314487461, -108.302312282399
47503.9488679104, -15.0443086172154, 262.053497314453, -15, 0.399964943663924, 28.6089611053467, -80.5978469848633, -105.2999124055, -22.849962901999, 7.57564302705946, 11.458313628777, -3.90436109830894, 1.61590954081479, 3.2423509013217, -1.53761497962539, 4.19578771443125, -111.508284830068
47504.0088679104, -15.0445859372361, 261.149963378906, -15, 0.401133337617732, 28.6089630126953, -80.5978393554688, -104.451562440255, -22.6378754106878, 7.50777502983984, 11.4151503304058, -3.86626667539582, 1.59894254150989, 3.23194228767239, -1.54642130956168, 4.16362893119299, -111.812918646687
47504.0688679104, -15.0448462354043, 260.246307373047, -15, 0.401357810714233, 28.6089649200439, -80.5978317260742, -103.60321247501, -22.4257879193766, 7.4399070326203, 11.370695677672, -3.88380761833826, 1.58197554220499, 3.21337695113831, -1.46391491687101, 4.15014759184626, -110.66524806516
47504.1288679104, -15.0445673245802, 259.342651367188, -15, 0.400930607531233, 28.6089668273926, -80.5978240966797, -102.754862509766, -22.2137004280654, 7.37203903540068, 11.3227183328325, -3.87481988770958, 1.5650085429001, 3.19061331919992, -1.41595136652667, 4.12505634094181, -110.085710684972
47504.1888679104, -15.0447590838922, 258.43896484375, -15, 0.40153381362123, 28.6089687347412, -80.5978164672852, -101.906512544521, -22.0016129367542, 7.30417103818114, 11.2710685173308, -3.85993713762978, 1.5480415435952, 3.16443057529937, -1.37167118680367, 4.09606508660467, -109.575182652623
47504.2688679103, -15.0455135113739, 257.535339355469, -15, 0.402441015289449, 28.6089706420898, -80.5978088378906, -101.058162579276, -21.7895254454431, 7.23630304096155, 11.2162562450583, -3.8463674117751, 1.53107454429031, 3.13440168544217, -1.31849745485285, 4.06575520736865, -108.932872402518
47504.3288679103, -15.0456222563994, 256.631622314453, -15, 0.402083311355217, 28.6089725494385, -80.5978012084961, -100.209812614031, -21.5774379541319, 7.16843504374196, 11.1583568858424, -3.82985286104674, 1.51410754498542, 3.1009076453158, -1.26496558322974, 4.03305429000979, -108.28924466678
47504.3888679103, -15.0464648963493, 255.727890014648, -15, 0.403171341128056, 28.6089725494385, -80.5977935791016, -99.3614626487865, -21.5774379541319, 7.10056704652238, 11.0975532290433, -3.81168528542319, 1.72619503633055, 3.064513798933, -0.938592906644766, 3.92537913017355, -103.842576300382
47504.4488679103, -15.0469817907413, 254.824172973633, -15, 0.403247589625399, 28.6089744567871, -80.5977935791016, -99.3614626487865, -21.3653504628207, 7.94891701190292, 11.0338668907123, -2.69026587557257, 1.49714054568052, 3.02569472544706, -1.14354026871421, 2.92305553369712, -113.034900967931
47504.5088679103, -15.0471775486473, 253.920394897461, -15, 0.403199811695296, 28.6089763641357, -80.597785949707, -98.5131126835418, -21.1532629715095, 7.03269904930281, 10.9674873568036, -3.68550090720451, 1.48017354637562, 2.9847472736359, -1.09438268668714, 3.84433844470909, -106.548239139236
47504.5688679103, -15.0483523364013, 253.016693115234, -15, 0.404630642012901, 28.6089782714844, -80.5977783203125, -97.6647627182971, -20.9411754801983, 6.96483105208323, 10.897827382397, -3.65290592739414, 1.46320654707074, 2.94056291567187, -1.0302392085834, 3.79521752060251, -105.759529436464
47504.6288679103, -15.0504923298208, 252.112991333008, -15, 0.406442454424861, 28.608980178833, -80.597770690918, -96.8164127530523, -20.7290879888871, 6.89696305486365, 10.8162322668004, -3.5194335349493, 1.44623954776583, 2.89964300233139, -1.03501220005405, 3.66828501828267, -106.396725053154
47504.6888679103, -15.0517547069058, 251.209320068359, -15, 0.406371322434042, 28.6089820861816, -80.5977630615234, -95.9680627878076, -20.5170004975759, 6.82909505764408, 10.7346905238511, -3.5059021238268, 1.42927254846094, 2.85742492730205, -0.992586183721146, 3.64353497119812, -105.816429085714
47504.7488679103, -15.0514315846315, 250.305526733398, -15, 0.405075118811822, 28.6089839935303, -80.5977554321289, -95.1197128225628, -20.3049130062648, 6.76122706042447, 10.6546613611346, -3.50877058814018, 1.41230554915605, 2.81346000578247, -0.943560904832168, 3.63327193494321, -105.059950083127
47504.8088679103, -15.0517511838699, 249.401992797852, -15, 0.40589381331948, 28.6089839935303, -80.5977478027344, -94.2713628573181, -20.3049130062648, 6.69335906320493, 10.5750957776565, -3.50169831904295, 1.62439304050118, 2.76941321386751, -0.636068073070063, 3.55892818854042, -100.301341690364
47504.8688679102, -15.0523463638369, 248.498504638672, -15, 0.406518575004951, 28.6089859008789, -80.5977401733398, -93.4230128920734, -20.0928255149536, 6.62549106598532, 10.4957622410115, -3.49258230276896, 1.39533854985115, 2.72531698111055, -0.858321561180255, 3.59637794411988, -103.814863035435
47504.9288679102, -15.0523833202126, 247.595077514648, -15, 0.406270005264955, 28.6089878082275, -80.5977325439453, -92.5746629268286, -19.8807380236424, 6.55762306876576, 10.4174550357191, -3.49263446578861, 1.37837155054626, 2.6811420942235, -0.825667217106707, 3.58878492542453, -103.308177986543
47504.9888679102, -15.0522531056692, 246.691741943359, -15, 0.406243068910282, 28.6089897155762, -80.5977325439453, -92.5746629268286, -19.6686505323312, 7.40597303414629, 10.3404091610217, -2.39653342532298, 1.36140455124136, 2.63612098931146, -0.7843049399897, 2.52153681691403, -108.125944812407
47505.0488679102, -15.0506833444875, 245.788589477539, -15, 0.404567592272229, 28.6089897155762, -80.5977249145508, -91.7263129615839, -19.6686505323312, 6.48975507154618, 10.2654047486841, -3.42866969904531, 1.5734920425865, 2.59188425427596, -0.485170602426435, 3.4627857818883, -98.0587620587591
47505.1088679102, -15.049781193606, 244.885528564453, -15, 0.40491241741733, 28.6089916229248, -80.5977172851563, -90.8779629963391, -19.45656304102, 6.42188707432658, 10.1919520465294, -3.43974719393743, 1.34443755193647, 2.54891104222269, -0.721826050660953, 3.51457927514144, -101.858085121734
47505.1688679102, -15.0500473039407, 243.982574462891, -15, 0.406142554476675, 28.6089935302734, -80.5977096557617, -90.0296130310944, -19.2444755497088, 6.35401907710702, 10.1151826670277, -3.39815545987741, 1.32747055263157, 2.50721617378714, -0.705643891256002, 3.47056333345803, -101.737434577857
47505.2288679102, -15.0499000743754, 243.079727172852, -15, 0.405888912956951, 28.6089954376221, -80.5977020263672, -89.1812630658496, -19.0323880583976, 6.28615107988742, 10.0425014231309, -3.43551473012633, 1.31050355332668, 2.46572218252664, -0.678913403837492, 3.50187554649281, -101.184821721201
47505.2888679102, -15.048424657058, 242.177017211914, -15, 0.404337196874222, 28.6089954376221, -80.5976943969727, -88.3329131006049, -19.0323880583976, 6.21828308266786, 9.97349482810748, -3.47314802854767, 1.52259104467181, 2.427637583833, -0.413343849388332, 3.49762791702132, -96.790983569159
47505.3488679102, -15.045659011418, 239.865798950195, -15, 0.402292725383425, 28.6089973449707, -80.5976943969727, -88.3329131006049, -18.8203005670865, 7.06663304804839, 9.90745498783981, -2.4072523024959, 1.29353655402178, 2.39350302215781, -0.687408114229832, 2.50342075744397, -105.941160407984
47505.4088679102, -15.0435343589719, 238.897979736328, -15, 0.402107628476909, 28.6089992523193, -80.5976867675781, -87.4845631353602, -18.6082130757753, 6.15041508544828, 9.84491097572486, -3.46883602214456, 1.27656955471689, 2.36288833323673, -0.783635391574798, 3.55614359844942, -102.736995729297
47505.4688679102, -15.04260137715, 237.928527832031, -15, 0.402855298733281, 28.6089992523193, -80.5976791381836, -86.6362131701154, -18.6082130757753, 6.08254708822869, 9.78485245534943, -3.50528369497671, 1.48865704606202, 2.33472961653858, -0.443870585383306, 3.53324058202314, -97.221281928645
47505.5288679101, -15.0413486605929, 237.397384643555, -15, 0.40221181247943, 28.609001159668, -80.5976715087891, -85.7878632048707, -18.3961255844641, 6.01467909100911, 9.70336033232799, -3.27681192626453, 1.25960255541199, 2.3030726440202, -0.646391130986414, 3.33988955660077, -101.164724047303
47505.5888679101, -15.0392465693261, 235.879486083984, -15, 0.400780903422537, 28.6090030670166, -80.5976638793945, -84.939513239626, -18.1840380931529, 5.94681109378956, 9.64813779759069, -3.55690316014856, 1.2426355561071, 2.28417364632383, -0.77227740401123, 3.63967115339519, -102.257243621112
47505.6488679101, -15.0364943035187, 234.910049438477, -15, 0.399247667892805, 28.6090030670166, -80.5976638793945, -84.939513239626, -18.1840380931529, 6.79516105917008, 9.59786975328441, -2.52978807805871, 1.45472304745223, 2.26724875094596, -0.517691078553904, 2.58218078205945, -101.56873098265
47505.7088679101, -15.0339933876997, 234.378799438477, -15, 0.398558740051967, 28.6090049743652, -80.59765625, -84.0911632743812, -17.9719506018417, 5.87894309656995, 9.55026391736252, -3.60094750641291, 1.2256685568022, 2.2553379370443, -0.829022107049948, 3.69502306483197, -102.972729469593
47505.7688679101, -15.0320088773094, 233.289703369141, -15, 0.398291300385063, 28.6090068817139, -80.5976486206055, -83.2428133091365, -17.7598631105305, 5.8110750993504, 9.50504357567928, -3.65419601653226, 1.20870155749731, 2.24679015490186, -0.87337833840088, 3.75698066418696, -103.450207695592
47505.8288679101, -15.0298465277248, 232.320251464844, -15, 0.397367700805789, 28.6090068817139, -80.5976409912109, -82.3944633438917, -17.7598631105305, 5.74320710213079, 9.45804116798602, -3.66364296429999, 1.42078904884244, 2.24073563022115, -0.637032461740011, 3.71853961902399, -99.870335631036
47505.8888679101, -15.0277834634085, 231.350830078125, -15, 0.396708563193136, 28.6090087890625, -80.5976409912109, -82.3944633438917, -17.5477756192193, 6.59155706751134, 9.41605478414238, -2.64709428236491, 1.19173455819241, 2.23789340844598, -0.941237908760312, 2.80934271761276, -109.579685901552
47505.9488679101, -15.0260869176367, 230.818054199219, -15, 0.396413637757803, 28.6090106964111, -80.5976333618164, -81.546113378647, -17.3356881279082, 5.67533910491121, 9.38128485143871, -3.77921999709937, 1.17476755888751, 2.23901483530766, -1.00321905490085, 3.90992227804108, -104.876252222099
47506.0088679101, -15.0240304036761, 229.728942871094, -15, 0.39536314989381, 28.6090106964111, -80.5976257324219, -80.6977634134022, -17.3356881279082, 5.60747110769165, 9.34928779162941, -3.85223894094999, 1.38685505023265, 2.24309140081147, -0.783671072127571, 3.93102525062889, -101.507005012522
47506.0688679101, -15.0228910339253, 228.757904052734, -15, 0.395740361936872, 28.6090126037598, -80.5976181030273, -79.8494134481575, -17.123600636597, 5.53960311047207, 9.31497318445832, -3.87159275743049, 1.21082243241891, 2.25445199414857, -1.08200938158996, 4.01972540492182, -105.624719062005
47506.12886791, -15.0220295914004, 227.788513183594, -15, 0.395693479722764, 28.6090145111084, -80.5976181030273, -79.8494134481575, -16.9115131452858, 6.3879530758526, 9.28816542175801, -2.89821205586055, 1.14083356027773, 2.2675124560585, -1.19934327551979, 3.13637216354234, -112.487993330335
47506.18886791, -15.0197588201939, 226.817443847656, -15, 0.393670007132462, 28.6090145111084, -80.5976104736328, -79.0010634829128, -16.9115131452858, 5.47173511325247, 9.26761373271399, -4.03784984787214, 1.35292105162286, 2.28099217175335, -0.965763325261307, 4.15155218615303, -103.461293607764
47506.24886791, -15.0185822874239, 226.166519165039, -15, 0.394167006250727, 28.609016418457, -80.5976028442383, -78.152713517668, -16.6994256539746, 5.40386711603291, 9.24917926871547, -4.12064952548699, 1.12386656097284, 2.29609623646103, -1.2757004196266, 4.31327684901165, -107.214479351826
47506.30886791, -15.0182880912931, 225.19548034668, -15, 0.394839472604991, 28.6090183258057, -80.5975952148438, -77.3043635524233, -16.4873381626634, 5.33599911881331, 9.22946089586872, -4.16792606331595, 1.10689956166794, 2.31347498754554, -1.34038612912128, 4.37779308891138, -107.840766756865
47506.36886791, -15.0169125833352, 224.224533081055, -15, 0.39343891398246, 28.6090183258057, -80.5975952148438, -77.3043635524233, -16.4873381626634, 6.18434908419386, 9.21661317409573, -3.20501470793399, 1.31898705301307, 2.32956216237811, -1.09287633185017, 3.38603778791957, -108.836905546152
47506.42886791, -15.0147422270187, 223.253479003906, -15, 0.391952624504609, 28.6090202331543, -80.5975875854492, -76.4560135871785, -16.2752506713522, 5.26813112159375, 9.20760694986219, -4.35775091062406, 1.08993256236305, 2.34696771403714, -1.40256637197869, 4.57748736941897, -107.855509605393
47506.48886791, -15.0137346531825, 222.720687866211, -15, 0.392559784330041, 28.6090221405029, -80.5975799560547, -75.6076636219338, -16.063163180041, 5.20026312437417, 9.1971704655062, -4.3922487086504, 1.07296556305815, 2.36543904830605, -1.45652568245885, 4.62700316402156, -108.361109707818
47506.54886791, -15.014090035067, 221.629974365234, -15, 0.393880003623281, 28.6090221405029, -80.5975723266602, -74.7593136566891, -16.063163180041, 5.13239512715459, 9.18268953029139, -4.41829885110291, 1.28505305440328, 2.38501196201689, -1.2371839590631, 4.58791386275102, -105.656568043411
47506.60886791, -15.0125870751091, 220.658950805664, -15, 0.391767962663003, 28.6090240478516, -80.5975723266602, -74.7593136566891, -15.8510756887299, 5.98074509253513, 9.17302966569971, -3.43881313211884, 1.05599856375325, 2.40342059963216, -1.52330540524536, 3.76073238023198, -113.902347369443
47506.66886791, -15.0118354405055, 219.687896728516, -15, 0.392128919605239, 28.6090259552002, -80.5975646972656, -73.9109636914443, -15.6389881974187, 5.06452712993501, 9.16624232057019, -4.56131609682388, 1.03903156444836, 2.41935842194286, -1.53891123424885, 4.81340283438375, -108.659783889047
47506.72886791, -15.0111573013518, 218.716888427734, -15, 0.391952382056027, 28.6090259552002, -80.5975570678711, -73.0626137261996, -15.6389881974187, 4.9966591327154, 9.1559226372359, -4.5975462495351, 1.25111905579349, 2.43454784725854, -1.29585964233676, 4.77630379254559, -105.755755520436
47506.7888679099, -15.0104672642739, 218.064407348633, -15, 0.39169785408089, 28.6090278625488, -80.5975494384766, -72.2142637609548, -15.4269007061075, 4.92879113549585, 9.13823411902967, -4.58659894140962, 1.02206456514346, 2.45218489564819, -1.61722379212617, 4.86278862997391, -109.439343294478
47506.8488679099, -15.0092890361809, 217.09342956543, -15, 0.390847604106106, 28.6090297698975, -80.5975494384766, -72.2142637609548, -15.2148132147963, 5.77714110087639, 9.12424792393615, -3.59082704406734, 1.00509756583857, 2.46521042783976, -1.60797573565091, 3.93398507687122, -114.134068814172
47506.9088679099, -15.0079958160294, 216.122375488281, -15, 0.390258476778242, 28.6090297698975, -80.597541809082, -71.3659137957101, -15.2148132147963, 4.86092313827627, 9.11181653047662, -4.69346947941327, 1.2171850571837, 2.47347253584333, -1.31650480624034, 4.87421399305124, -105.684019079861
47506.9688679099, -15.0076375965287, 215.149826049805, -15, 0.390917268976759, 28.6090316772461, -80.5975341796875, -70.5175638304653, -15.0027257234851, 4.7930551410567, 9.09375826312165, -4.6995528381603, 0.988130566533675, 2.48162392351488, -1.60094075292002, 4.96417742986225, -108.829171090247
47507.0288679099, -15.0069978958584, 214.617065429688, -15, 0.390447814754738, 28.6090335845947, -80.597526550293, -69.6692138652206, -14.7906382321739, 4.7251871438371, 9.06758260069996, -4.67101512651126, 0.971163567228782, 2.48915697597599, -1.62506825897885, 4.94503545657442, -109.200350949064
47507.0888679099, -15.006277579733, 213.526290893555, -15, 0.390111341497873, 28.6090354919434, -80.597526550293, -69.6692138652206, -14.5785507408628, 5.57353710921765, 9.04357586787945, -3.64795840794004, 0.954196567923885, 2.49057105532821, -1.58685764696105, 3.97772724775098, -113.520468190978
47507.1488679099, -15.0055905423589, 212.553649902344, -15, 0.389881030467991, 28.6090354919434, -80.5975189208984, -68.8208638999759, -14.5785507408628, 4.65731914661754, 9.01819610696735, -4.70585049522348, 1.16628405926902, 2.4895925753319, -1.30804687297162, 4.88386796892228, -105.549248856178
47507.2088679099, -15.0052393882803, 211.58268737793, -15, 0.390036189747739, 28.609037399292, -80.5975112915039, -67.9725139347311, -14.3664632495516, 4.58945114939796, 8.98681331081634, -4.69224080140348, 0.937229568618992, 2.48668703560441, -1.56108469124388, 4.94455845557982, -108.419093844204
47507.2688679099, -15.0050432312915, 210.610107421875, -15, 0.390102020887589, 28.6090393066406, -80.5975112915039, -67.9725139347311, -14.1543757582404, 5.43780111477849, 8.9465720564713, -3.53945201834288, 0.920262569314094, 2.48208617683524, -1.55990796363161, 3.86754924975042, -113.794896002842
47507.3288679099, -15.0049332475793, 209.9560546875, -15, 0.390144638209419, 28.6090393066406, -80.5975036621094, -67.1241639694864, -14.1543757582404, 4.52158315217836, 8.90696117334427, -4.60031545270412, 1.13235006065923, 2.47161018520228, -1.23488401148517, 4.76283134195047, -105.040260628512
47507.3888679098, -15.0057258221238, 208.983459472656, -15, 0.39123097737413, 28.6090412139893, -80.5974960327148, -66.2758140042416, -13.9422882669292, 4.4537151549588, 8.8640306634696, -4.59969035934089, 0.903295570009204, 2.46029914512084, -1.48875986982631, 4.83412801159084, -107.951116211588
47507.4488679098, -15.0056422515032, 208.012390136719, -15, 0.390484354909423, 28.6090431213379, -80.5974884033203, -65.4274640389969, -13.730200775618, 4.38584715773922, 8.81528246086095, -4.56711484670635, 0.886328570704302, 2.4501785440293, -1.50981824756706, 4.8097046583456, -108.309210936935
47507.5088679098, -15.0055969463844, 207.039840698242, -15, 0.390514911619192, 28.6090431213379, -80.5974884033203, -65.4274640389969, -13.730200775618, 5.23419712311975, 8.76512917584487, -3.4769786813851, 1.09841606204944, 2.43326461612254, -1.167884185434, 3.66765039898012, -108.576132362782
47507.5688679098, -15.0061635496613, 206.505508422852, -15, 0.391269967242151, 28.6090450286865, -80.5974807739258, -64.5791140737522, -13.5181132843068, 4.31797916051964, 8.71159813892102, -4.48106164450023, 0.869361571399415, 2.41306710936571, -1.38660300092247, 4.69027285662122, -107.208888404678
47507.6288679098, -15.0070988515366, 205.411682128906, -15, 0.391972633378972, 28.6090469360352, -80.5974731445313, -63.7307641085074, -13.3060257929956, 4.25011116330005, 8.65242198562187, -4.43768207993563, 0.852394572094516, 2.38873002053766, -1.33728487404486, 4.63441210376375, -106.784451751163
47507.6888679098, -15.0077798607054, 204.439102172852, -15, 0.392056466039684, 28.6090469360352, -80.5974731445313, -63.7307641085074, -13.3060257929956, 5.09846112868059, 8.58621375697485, -3.27198414518926, 1.06448206343965, 2.35986718471999, -1.00366424261862, 3.42229847481595, -107.061036874796
47507.7488679098, -15.0082451822057, 203.466537475586, -15, 0.392087590462792, 28.6090488433838, -80.5974655151367, -62.8824141432627, -13.0939383016845, 4.18224316608048, 8.51851889767364, -4.27794732804218, 0.835427572789621, 2.32943622932137, -1.22722769430215, 4.45018216930123, -106.019713873493
47507.8288679098, -15.0096539312642, 202.492431640625, -15, 0.393466241511831, 28.6090488433838, -80.5974578857422, -62.0340641780179, -13.0939383016845, 4.11437516886089, 8.44697151912033, -4.23760643572431, 1.04751506413476, 2.29545881325205, -0.897233964941453, 4.33138184270811, -101.964869747722
47507.8888679098, -15.0114722294283, 201.83837890625, -15, 0.394569268387196, 28.6090507507324, -80.5974578857422, -62.0340641780179, -12.8818508103733, 4.96272513424143, 8.36979699729813, -3.07274986150058, 0.818460573484727, 2.25804718352391, -1.09372701341992, 3.26142352289054, -109.600463506724
47507.9488679098, -15.0124884014964, 200.8642578125, -15, 0.394344764005468, 28.6090526580811, -80.5974502563477, -61.1857142127732, -12.6697633190621, 4.04650717164132, 8.29269627750128, -4.08297628658128, 0.801493574179835, 2.21916177980724, -1.05353778916132, 4.21648641898981, -104.479493860812
47508.0088679097, -15.0128025320739, 199.890121459961, -15, 0.393923789257024, 28.6090526580811, -80.5974426269531, -60.3373642475284, -12.6697633190621, 3.97863917442174, 8.21543394322127, -4.07262901413777, 1.01358106552497, 2.17701615909186, -0.71655394575245, 4.13508060534222, -99.9866911643265
47508.0688679097, -15.0146660036011, 198.796310424805, -15, 0.396004293337025, 28.6090545654297, -80.5974426269531, -60.3373642475284, -12.4576758277509, 4.82698913980228, 8.1287274594843, -2.85810082360342, 0.784526574874935, 2.13846887623255, -0.981958339048511, 3.02195012558014, -108.967636943359
47508.1288679097, -15.0166163192159, 198.26042175293, -15, 0.396906638613657, 28.6090545654297, -80.5974349975586, -59.4890142822837, -12.4576758277509, 3.91077117720216, 8.04340579552361, -3.87150416050654, 0.996614066220072, 2.09973049120125, -0.679718135531404, 3.93063071701527, -99.9651046610647
47508.1888679097, -15.0164475228543, 197.286361694336, -15, 0.395122535990243, 28.6090564727783, -80.5974273681641, -58.640664317039, -12.2455883364397, 3.84290317998259, 7.96066228678596, -3.88190575438293, 0.767559575570044, 2.05738168447072, -0.868434632501919, 3.97771500328595, -102.619079633672
47508.2488679097, -15.0174157493798, 196.310668945313, -15, 0.396509592921329, 28.609058380127, -80.5974273681641, -58.640664317039, -12.0335008451285, 4.69125314536312, 7.87050246252509, -2.68343840115912, 0.750592576265147, 2.01916615715922, -0.885030337239324, 2.82551721814451, -108.258732601803
47508.3088679097, -15.0181962145321, 195.216857910156, -15, 0.396719899814718, 28.609058380127, -80.5974197387695, -57.7923143517942, -12.0335008451285, 3.77503518276298, 7.78538252835923, -3.73356114464554, 0.962680067610282, 1.97823867005452, -0.554902100324572, 3.77451443367058, -98.4594944097387
47508.3688679097, -15.0175402711121, 194.679443359375, -15, 0.395313136116389, 28.6090602874756, -80.597412109375, -56.9439643865495, -11.8214133538173, 3.70716718554343, 7.70461102721296, -3.76395973644082, 0.733625576960252, 1.93679517035605, -0.775597065283892, 3.84292571978016, -101.651136617173
47508.4288679097, -15.0173497608685, 193.703704833984, -15, 0.395676842281942, 28.6090621948242, -80.597412109375, -56.9439643865495, -11.6093258625062, 4.55551715092396, 7.61999424490146, -2.6077855138081, 0.716658577655359, 1.89812561273878, -0.778002296346396, 2.72128918569547, -106.616795204743
47508.4888679097, -15.0179083087964, 192.609924316406, -15, 0.396479745679533, 28.6090621948242, -80.5974044799805, -56.0956144213047, -11.6093258625062, 3.63929918832383, 7.54191137306657, -3.68122829481341, 0.928746069000493, 1.85775570000271, -0.458607266036712, 3.70964592657324, -97.1060817510893
47508.5488679097, -15.0167758222589, 191.634216308594, -15, 0.394784247294965, 28.6090641021729, -80.5973968505859, -55.24726445606, -11.397238371195, 3.57143119110427, 7.46890189170541, -3.72813090100893, 0.699691578350461, 1.81849629307111, -0.698137707373983, 3.7928443437311, -100.613549603777
47508.6088679097, -15.0142747453415, 191.095153808594, -15, 0.392686148780529, 28.6090641021729, -80.5973968505859, -55.24726445606, -11.397238371195, 4.4197811564848, 7.39150706031383, -2.57516668011314, 0.911779069695598, 1.78478514938984, -0.45918578150232, 2.61575859256448, -100.113551972479
47508.6688679096, -15.0129232828933, 189.999755859375, -15, 0.393142345707866, 28.6090660095215, -80.5973892211914, -54.3989144908153, -11.1851508798838, 3.50356319388468, 7.32313099891355, -3.68505640216301, 0.68272457904557, 1.74934774520152, -0.674903654082596, 3.74626579199747, -100.385245871164
47508.7288679096, -15.0114768646663, 189.024047851563, -15, 0.392519079195234, 28.6090660095215, -80.5973892211914, -54.3989144908153, -11.1851508798838, 4.35191315926522, 7.26158369610593, -2.66321306859668, 0.894812070390703, 1.71566518411726, -0.398020534078964, 2.69276996514882, -98.5029636222347
47508.7888679096, -15.0089388728409, 188.48503112793, -15, 0.390621054418243, 28.6090679168701, -80.5973815917969, -53.5505645255705, -10.9730633885726, 3.43569519666511, 7.19740209999071, -3.66157079943993, 0.665757579740675, 1.68695341108059, -0.688752393197564, 3.72569920973982, -100.659864336606
47508.8488679096, -15.0066564585486, 187.389602661133, -15, 0.389941039354478, 28.6090679168701, -80.5973739624023, -52.7022145603258, -10.9730633885726, 3.36782719944552, 7.14062158040951, -3.75115021458618, 0.877845071085808, 1.66081363054448, -0.429069373085364, 3.77557483646927, -96.5298905331583
47508.9088679096, -15.0048809002111, 186.412292480469, -15, 0.389667838682536, 28.6090698242188, -80.5973739624023, -52.7022145603258, -10.7609758972614, 4.21617716482606, 7.08495301513559, -2.67916878638538, 0.648790580435776, 1.63930592501286, -0.725040574486324, 2.77547221567338, -105.147638151069
47508.9688679096, -15.0023522777024, 185.436614990234, -15, 0.388035893036102, 28.6090698242188, -80.5973663330078, -51.853864595081, -10.7609758972614, 3.29995920222595, 7.03781697897796, -3.80963510395858, 0.860878071780913, 1.61891604277864, -0.508827095137414, 3.84341553608343, -97.6130276798003
47509.0288679096, -15.000097715963, 184.777847290039, -15, 0.387362745462655, 28.6090717315674, -80.5973663330078, -51.853864595081, -10.5488884059502, 4.14830916760648, 6.99871246450376, -2.8267151869579, 0.631823581130885, 1.59846986275118, -0.708199372127178, 2.91401065698554, -104.070384583529
47509.0888679096, -14.9986637845874, 183.800506591797, -15, 0.387469022902777, 28.6090717315674, -80.5973587036133, -51.0055146298363, -10.5488884059502, 3.23209120500636, 6.94267386514209, -3.69181592353804, 0.843911072476018, 1.58023460306682, -0.454363068444548, 3.71963235075557, -97.0210195421359
47509.1488679096, -14.9967731966434, 182.709823608398, -15, 0.386322560174781, 28.609073638916, -80.5973587036133, -51.0055146298363, -10.336800914639, 4.0804411703869, 6.90423047887957, -2.80531030617086, 0.614856581825987, 1.56718224814837, -0.765966074389606, 2.90792039636725, -105.27725823789
47509.2088679096, -14.9942882275759, 181.732482910156, -15, 0.384816119627448, 28.609073638916, -80.5973510742188, -50.1571646645916, -10.336800914639, 3.1642232077868, 6.86799241049978, -3.88556161958728, 0.826944073171123, 1.56046692502349, -0.567213128682424, 3.92668135535078, -98.3115031248561
47509.2688679095, -14.9922621425318, 180.635482788086, -15, 0.38436487539033, 28.6090755462646, -80.5973434448242, -49.3088146993468, -10.1247134233279, 3.09635521056719, 6.83743450999529, -3.98938006198678, 0.597889582521095, 1.55703859114179, -0.871409898646505, 4.0832929050438, -102.330916627406
47509.3288679095, -14.9914614231173, 179.658157348633, -15, 0.385040109918672, 28.6090755462646, -80.5973434448242, -49.3088146993468, -10.1247134233279, 3.94470517594774, 6.80867709803803, -2.95657447780964, 0.809977073866229, 1.55934248185917, -0.677441443137963, 3.03312580316957, -102.910687317198
47509.3888679095, -14.9906050304876, 179.117523193359, -15, 0.384622973612361, 28.6090755462646, -80.5973358154297, -48.4604647341021, -10.1247134233279, 3.02848721334763, 6.79106005092831, -4.1485567685935, 0.809977073866229, 1.56178205020052, -0.682176784373339, 4.20417350858395, -99.3457904827686
47509.4488679095, -14.9877444347614, 178.020492553711, -15, 0.381771799378684, 28.6090774536133, -80.5973358154297, -48.4604647341021, -9.91262593201667, 3.87683717872817, 6.77644488931577, -3.1447572358045, 0.580922583216201, 1.56853687634239, -1.0088931111113, 3.30247498770024, -107.794658087758
47509.5088679095, -14.9869507660034, 177.043121337891, -15, 0.383137623314089, 28.6090774536133, -80.5973281860352, -47.6121147688573, -9.91262593201667, 2.96061921612805, 6.76183002966875, -4.22896470549119, 0.793010074561334, 1.57843637682132, -0.798185521228917, 4.30349686131469, -100.69756283478
47509.5688679095, -14.9872789736194, 176.502548217773, -15, 0.384165640259731, 28.6090793609619, -80.5973281860352, -47.6121147688573, -9.70053844070549, 3.80896918150859, 6.75150118232301, -3.24317577243944, 0.563955583911304, 1.5904589759676, -1.10932491769651, 3.42745915481571, -108.891475227733
47509.6288679095, -14.986316562948, 175.405517578125, -15, 0.382664110440323, 28.6090793609619, -80.5973205566406, -46.7637648036126, -9.70053844070549, 2.89275121890847, 6.74006114163255, -4.32010573123539, 0.776043075256439, 1.60743658597605, -0.925242004828384, 4.41789127827399, -102.099094774782
47509.6888679095, -14.9847844845487, 174.426620483398, -15, 0.381530909427643, 28.6090812683105, -80.5973205566406, -46.7637648036126, -9.4884509493943, 3.74110118428901, 6.73201020570042, -3.32811024266143, 0.546988584606411, 1.62558467697551, -1.23423707037515, 3.54935842424214, -110.356472960395
47509.7488679095, -14.9840260824152, 173.329635620117, -15, 0.381824357043161, 28.6090812683105, -80.5973129272461, -45.9154148383678, -9.4884509493943, 2.82488322168889, 6.72222301293151, -4.40080300196273, 0.759076075951544, 1.64756311039696, -1.04494271731334, 4.52292208682778, -103.369118389226
47509.8088679095, -14.9832727872233, 172.788940429688, -15, 0.38147711311261, 28.6090831756592, -80.5973052978516, -45.0670648731231, -9.27636345808312, 2.75701522446932, 6.71510341404202, -4.50275187167067, 0.530021585301515, 1.66977380008152, -1.34946734767506, 4.70022189554527, -106.698158095764
47509.8688679094, -14.9832254973293, 171.810073852539, -15, 0.381996211395518, 28.6090831756592, -80.5973052978516, -45.0670648731231, -9.27636345808312, 3.60536518984985, 6.7056029362245, -3.4513826931963, 0.742109076646649, 1.69469014774619, -1.15249010370647, 3.63849817265469, -108.474513678329
47509.9288679094, -14.9829519349157, 170.713043212891, -15, 0.381647081801674, 28.6090850830078, -80.597297668457, -44.2187149078784, -9.06427596677193, 2.68914722724973, 6.70316865662229, -4.62099350781552, 0.51305458599662, 1.71647699274441, -1.42292673325877, 4.83465710823825, -107.130814167652
47509.9888679094, -14.9827778324734, 170.172409057617, -15, 0.381608657631711, 28.6090850830078, -80.597297668457, -44.2187149078784, -9.06427596677193, 3.53749719263027, 6.69972155989796, -3.59060619668696, 0.725142077341755, 1.73889894810888, -1.20228744786791, 3.78629834201308, -108.522763275716
47510.0488679094, -14.9821136857795, 169.193511962891, -15, 0.380880969801712, 28.6090869903564, -80.5972900390625, -43.3703649426336, -8.85218847546075, 2.62127923003015, 6.69167589381987, -4.65779774149731, 0.496087586691727, 1.76197141893332, -1.51210448653724, 4.89658048873677, -108.002062089442
47510.1088679094, -14.9809315067515, 168.096496582031, -15, 0.379919199098892, 28.6090869903564, -80.5972900390625, -43.3703649426336, -8.85218847546075, 3.46962919541069, 6.68370346211878, -3.61275748813082, 0.70817507803686, 1.78359966869004, -1.26975644070587, 3.82912009591622, -109.375184361925
47510.1688679094, -14.9807823699756, 167.117599487305, -15, 0.380662760042104, 28.6090888977051, -80.597282409668, -42.5220149773889, -8.64010098414956, 2.55341123281057, 6.67155941396017, -4.65840090978706, 0.47912058738683, 1.80411574717926, -1.55891440809194, 4.91177723823435, -108.519482583458
47510.2288679094, -14.9809214972454, 166.576965332031, -15, 0.380901395479849, 28.6090888977051, -80.597282409668, -42.5220149773889, -8.64010098414956, 3.40176119819111, 6.65870118615488, -3.61976344548843, 0.691208078731965, 1.82248285439431, -1.30563899925606, 3.84774114656529, -109.844824679394
47510.2888679094, -14.9795998440008, 165.478393554688, -15, 0.379094216618587, 28.6090908050537, -80.5972747802734, -41.6736650121441, -8.42801349283838, 2.485543235591, 6.64092833030364, -4.65124452417634, 0.462153588081935, 1.83893145890859, -1.58188375316474, 4.91232452075117, -108.800094720512
47510.3488679094, -14.9790590200199, 164.499465942383, -15, 0.379465755139344, 28.6090908050537, -80.5972747802734, -41.6736650121441, -8.42801349283838, 3.33389320097153, 6.62195872948934, -3.60046643442665, 0.67424107942707, 1.85221210022862, -1.31234268379944, 3.83188389962553, -110.03693887172
47510.4088679094, -14.9791353431526, 163.400924682617, -15, 0.379947979683413, 28.6090927124023, -80.5972671508789, -40.8253150468994, -8.21592600152719, 2.41767523837142, 6.59732501573612, -4.61623419351073, 0.44518658877704, 1.86217741979401, -1.5668634330048, 4.87435784679964, -108.765179292469
47510.4688679094, -14.9786535307408, 162.860260009766, -15, 0.379226102357057, 28.6090927124023, -80.5972671508789, -40.8253150468994, -8.21592600152719, 3.26602520375195, 6.57127957402462, -3.55482557803716, 0.657274080122175, 1.86827807310703, -1.28175916723199, 3.7785688801093, -109.837929502587
47510.5288679093, -14.978256816264, 161.881423950195, -15, 0.379073101961015, 28.609094619751, -80.5972595214844, -39.9769650816547, -8.00383851021601, 2.34980724115183, 6.53877360114689, -4.55318803384688, 0.428219589472147, 1.86991397450284, -1.51480513513854, 4.79805411222982, -108.417899092051
47510.5888679093, -14.9787689412919, 160.781219482422, -15, 0.379971625050105, 28.609094619751, -80.5972595214844, -39.9769650816547, -8.00383851021601, 3.19815720653237, 6.50382894063257, -3.47083100944338, 0.64030708081728, 1.86626298693121, -1.20378564429917, 3.67341731043733, -109.137587841163
47510.6488679093, -14.9788298486234, 160.240631103516, -15, 0.379556462781439, 28.6090965270996, -80.5972518920898, -39.1286151164099, -7.79175101890482, 2.28193924393226, 6.46467732937029, -4.48375076641332, 0.411252590167251, 1.85984875682084, -1.44419068925487, 4.71014311424221, -107.868759607555
47510.7088679093, -14.9782418952389, 159.26171875, -15, 0.378715289850013, 28.6090965270996, -80.5972518920898, -39.1286151164099, -7.79175101890482, 3.13028920931279, 6.42516686513574, -3.41670664774514, 0.623340081512386, 1.84987168188409, -1.14282068040706, 3.60255116474693, -108.503143009504
47510.7688679093, -14.9781632587073, 158.161590576172, -15, 0.379042755724362, 28.6090984344482, -80.5972442626953, -38.2802651511652, -7.57966352759364, 2.21407124671268, 6.38082257211067, -4.41711681411712, 0.394285590862357, 1.8363844370877, -1.36726493613711, 4.6234866940614, -107.213780657449
47510.8288679093, -14.978599456001, 157.182693481445, -15, 0.37958206119766, 28.6090984344482, -80.5972442626953, -38.2802651511652, -7.57966352759364, 3.06242121209321, 6.33658627998101, -3.34905781309961, 0.606373082207491, 1.81972955928937, -1.06182577702662, 3.51317204735879, -107.599784467536
47510.8888679093, -14.9792015057499, 156.640502929688, -15, 0.379898695993706, 28.6091003417969, -80.5972366333008, -37.4319151859204, -7.36757603628245, 2.14620324949309, 6.28756509967905, -4.34432988723633, 0.377318591557461, 1.79979137297674, -1.28078574075188, 4.52884856649515, -106.440059431346
47510.9488679093, -14.9791592414037, 155.540328979492, -15, 0.37928233956691, 28.6091003417969, -80.5972366333008, -37.4319151859204, -7.36757603628245, 2.99455321487363, 6.2371108488753, -3.2533796573752, 0.589406082902596, 1.77557927070457, -0.955198772721591, 3.39056087758349, -106.369951747266
47511.0088679093, -14.9798424680762, 154.559921264648, -15, 0.380099733489164, 28.6091022491455, -80.5972290039063, -36.5835652206757, -7.15548854497127, 2.07833525227352, 6.18136425448069, -4.23548368070563, 0.360351592252568, 1.74790464216717, -1.16306187642862, 4.39198929267393, -105.367244565928
47511.0688679093, -14.9808241389687, 154.019271850586, -15, 0.380683577779667, 28.6091022491455, -80.5972290039063, -36.5835652206757, -7.15548854497127, 2.92668521765406, 6.12417595322191, -3.13633918653541, 0.572439083597701, 1.71634513050406, -0.832522985183366, 3.24484600580632, -104.872601633561
47511.1288679092, -14.9812929041456, 152.919143676758, -15, 0.380387541133197, 28.6091041564941, -80.5972213745117, -35.7352152554309, -6.94340105366008, 2.01046725505393, 6.0620204796959, -4.11397338267854, 0.343384592947671, 1.68205913002453, -1.03978348994166, 4.24312008248531, -104.195092172484
47511.1888679092, -14.9822938802691, 151.93717956543, -15, 0.381178322345714, 28.6091041564941, -80.5972213745117, -35.7352152554309, -6.94340105366008, 2.85881722043448, 5.99892009060964, -3.01266786343621, 0.555472084292806, 1.64478845440883, -0.711360528044088, 3.0954377738333, -103.291095275834
47511.2488679092, -14.9837681435696, 150.837036132813, -15, 0.382113738077478, 28.6091041564941, -80.5972137451172, -34.8868652901862, -6.94340105366008, 1.94259925783436, 5.93142032707238, -3.98952925043569, 0.555472084292806, 1.60574869168226, -0.647452107624926, 4.04164077742731, -99.2251749722904
47511.3088679092, -14.9842142027292, 150.294860839844, -15, 0.381387967565298, 28.6091060638428, -80.5972137451172, -34.8868652901862, -6.73131356234889, 2.7909492232149, 5.86358504744308, -2.88859537699727, 0.326417593642777, 1.56470657468384, -0.853786386673783, 3.01202867433434, -106.472198908769
47511.3888679092, -14.9848135852698, 149.142044067383, -15, 0.381709930821598, 28.6091060638428, -80.5972061157227, -34.0385153249415, -6.73131356234889, 1.87473126061479, 5.79228736095008, -3.87022617334296, 0.538505084987912, 1.52174999262788, -0.529178794958413, 3.90618161309752, -97.7915549497189
47511.4488679092, -14.9854924937533, 148.242736816406, -15, 0.382004243315291, 28.6091079711914, -80.5972061157227, -34.0385153249415, -6.51922607103771, 2.72308122599532, 5.72172350581454, -2.77666708766718, 0.309450594337882, 1.47730486617853, -0.736525300625946, 2.87261638376196, -104.861055088561
47511.5088679092, -14.9863217492643, 147.343444824219, -15, 0.38242019995711, 28.6091079711914, -80.5971984863281, -33.1901653596967, -6.51922607103771, 1.8068632633952, 5.64763853651788, -3.75432000317791, 0.521538085683017, 1.4346491452144, -0.449275367345607, 3.78106837752701, -96.8288419462444
47511.5688679092, -14.9868882735183, 146.444229125977, -15, 0.382388531765096, 28.60910987854, -80.5971984863281, -33.1901653596967, -6.30713857972652, 2.65521322877574, 5.57870100626006, -2.70680349147475, 0.292483595032989, 1.38870138936155, -0.636740830886099, 2.78063344425915, -103.241917780553
47511.6288679092, -14.9873140258109, 145.545074462891, -15, 0.382403464791693, 28.60910987854, -80.5971908569336, -32.341815394452, -6.30713857972652, 1.73899526617563, 5.50400248461529, -3.66127591107313, 0.504571086378122, 1.34765196397022, -0.382465683952023, 3.6811712994713, -95.9676124315665
47511.6888679092, -14.9881125197823, 144.645935058594, -15, 0.382997818005264, 28.60910987854, -80.5971908569336, -32.341815394452, -6.30713857972652, 2.58734523155616, 5.43379118144648, -2.60558244115038, 0.504571086378122, 1.30546505291381, -0.320947070411394, 2.6252611034448, -97.0244940871125
47511.7488679091, -14.9888418579696, 143.746856689453, -15, 0.383198449034102, 28.6091117858887, -80.5971832275391, -31.4934654292072, -6.09505108841534, 1.67112726895604, 5.35938703121796, -3.57604350124952, 0.275516595728092, 1.26822160159999, -0.601150538052189, 3.62615494918668, -99.5483947862345
47511.8088679091, -14.9872697239107, 142.847885131836, -15, 0.380613511043377, 28.6091117858887, -80.5971832275391, -31.4934654292072, -6.09505108841534, 2.51947723433658, 5.29056500998939, -2.53292105999211, 0.487604087073227, 1.22974593096912, -0.288597835614783, 2.54929863723664, -96.5022495067552
47511.8688679091, -14.9859955069855, 141.949081420898, -15, 0.380310075072521, 28.6091136932373, -80.5971755981445, -30.6451154639625, -5.88296359710415, 1.60325927173646, 5.21964280984354, -3.52844401588357, 0.258549596423197, 1.19477896693843, -0.55715167118763, 3.57210619104592, -98.9785275727229
47511.9288679091, -14.9857687396961, 141.050384521484, -15, 0.381049549072421, 28.6091136932373, -80.5971755981445, -30.6451154639625, -5.88296359710415, 2.451609237117, 5.15438806781241, -2.49041461544411, 0.470637087768332, 1.16274926625855, -0.293998941577343, 2.50769732897626, -96.7348038234685
47511.9888679091, -14.9860304158554, 140.151718139648, -15, 0.381519346991024, 28.6091136932373, -80.5971755981445, -30.6451154639625, -5.88296359710415, 2.451609237117, 5.0879656908171, -2.40061322727788, 0.470637087768332, 1.13452218502187, -0.298550969589826, 2.41909577837599, -97.0911817524079
47512.0488679091, -14.9848568407103, 139.253143310547, -15, 0.379808444701247, 28.6091156005859, -80.59716796875, -29.7967654987178, -5.67087610579297, 1.53539127451689, 5.02826001660543, -3.49769072243618, 0.241582597118302, 1.10909301102243, -0.571400928195558, 3.54399967911084, -99.2836900080979
47512.1088679091, -14.9824231157279, 138.354721069336, -15, 0.378221548344702, 28.6091156005859, -80.59716796875, -29.7967654987178, -5.67087610579297, 2.38374123989742, 4.96673545253643, -2.3892021850478, 0.453670088463437, 1.08820295267527, -0.33759974481338, 2.41292241901223, -98.0450336180566
47512.1688679091, -14.980551661942, 137.456466674805, -15, 0.377376155108567, 28.6091156005859, -80.5971603393555, -28.948415533473, -5.67087610579297, 1.46752327729731, 4.90482508638392, -3.41257566103438, 0.453670088463437, 1.07129048894831, -0.357451306789691, 3.43122324459151, -95.9831319546594
47512.2288679091, -14.978643084878, 136.558319091797, -15, 0.376517717472646, 28.6091175079346, -80.5971603393555, -28.948415533473, -5.45878861448178, 2.31587324267784, 4.85242906700022, -2.42834588051497, 0.224615597813409, 1.05627274728246, -0.633741620474311, 2.50963177500898, -104.630525882265
47512.2888679091, -14.9773298273225, 135.660293579102, -15, 0.376420503522855, 28.6091175079346, -80.5971603393555, -28.948415533473, -5.45878861448178, 2.31587324267784, 4.80124664022687, -2.38055411853071, 0.436703089158543, 1.04455398386301, -0.39852860776295, 2.41366351415354, -99.5063667332971
47512.3488679091, -14.9763883293945, 134.762329101563, -15, 0.376282869029419, 28.6091175079346, -80.5971527099609, -28.1000655682283, -5.45878861448178, 1.39965528007772, 4.75948079195339, -3.52607833604315, 0.436703089158543, 1.03285340978312, -0.385027502455042, 3.54701105255615, -96.2355385398646
47512.408867909, -14.9743621482422, 133.864440917969, -15, 0.374491580326255, 28.6091194152832, -80.5971527099609, -28.1000655682283, -5.2467011231706, 2.24800524545826, 4.71586854912627, -2.43874045863672, 0.207648598508513, 1.02820283771239, -0.725304557396514, 2.54424920013758, -106.567287207851
47512.468867909, -14.9735881596983, 132.96662902832, -15, 0.375146243228202, 28.6091194152832, -80.5971450805664, -27.2517156029835, -5.2467011231706, 1.33178728285814, 4.67335127804347, -3.50013594429916, 0.419736089853648, 1.02578257041478, -0.49056192264826, 3.53430377790131, -97.9831304875342
47512.528867909, -14.9735596460109, 132.068786621094, -15, 0.3756767457386, 28.6091194152832, -80.5971450805664, -27.2517156029835, -5.2467011231706, 2.18013724823868, 4.64004535985294, -2.53573835781801, 0.419736089853648, 1.01892909750713, -0.438365214856074, 2.57332617469278, -99.8111017088712
47512.588867909, -14.9712717028188, 131.171035766602, -15, 0.372792525649286, 28.6091213226318, -80.5971450805664, -27.2517156029835, -5.03461363185941, 2.18013724823868, 4.60868996808077, -2.51907428350982, 0.190681599203619, 1.01924965995581, -0.785217080475989, 2.63854197896818, -107.317440461374
47512.648867909, -14.9694372990645, 130.273361206055, -15, 0.372345025576271, 28.6091213226318, -80.5971374511719, -26.4033656377388, -5.03461363185941, 1.26391928563857, 4.58222353856569, -3.63765672834213, 0.402769090548753, 1.02023224778345, -0.539683334061814, 3.67741935685707, -98.4443223125986
47512.708867909, -14.9691426812682, 129.375686645508, -15, 0.373417761466822, 28.6091213226318, -80.5971374511719, -26.4033656377388, -5.03461363185941, 2.1122692510191, 4.56250638886571, -2.66493913068972, 0.402769090548753, 1.02602856608981, -0.595150176509548, 2.73054002726421, -102.593235145374
47512.768867909, -14.9690627126898, 128.178726196289, -15, 0.373471836521929, 28.6091213226318, -80.5971374511719, -26.4033656377388, -5.03461363185941, 2.1122692510191, 4.54694042011083, -2.68923258034268, 0.402769090548753, 1.03539176159799, -0.64243435674597, 2.76484911948393, -103.44013980476
47512.828867909, -14.9673867096634, 127.281028747559, -15, 0.371373566733416, 28.6091232299805, -80.5971298217773, -25.5550156724941, -4.82252614054823, 1.19605128841898, 4.53975560440485, -3.86589010970732, 0.173714599898723, 1.04360390390153, -0.916165717824179, 3.97280654135853, -103.341603545287
47512.888867909, -14.9661777027197, 126.383377075195, -15, 0.371177660466355, 28.6091232299805, -80.5971298217773, -25.5550156724941, -4.82252614054823, 2.04440125379952, 4.53052085198144, -2.81778075292377, 0.385802091243858, 1.05553244930744, -0.713540851941596, 2.90665071423803, -104.21532462905
47512.948867909, -14.9657412608206, 125.48567199707, -15, 0.371544111693205, 28.6091232299805, -80.5971221923828, -24.7066657072493, -4.82252614054823, 1.12818329119941, 4.52465406994777, -3.94591975597319, 0.385802091243858, 1.06982833157332, -0.754779695008297, 4.01734665338947, -100.836848193431
47513.0088679089, -14.9659290779264, 124.587921142578, -15, 0.372037241606777, 28.6091251373291, -80.5971221923828, -24.7066657072493, -4.61043864923704, 1.97653325657995, 4.52535396827683, -2.99593577157597, 0.15674760059383, 1.08472758076518, -1.05411464006732, 3.17581106645617, -109.391494354582
47513.0688679089, -14.9649090259723, 123.69017791748, -15, 0.370517390353028, 28.6091251373291, -80.5971221923828, -24.7066657072493, -4.61043864923704, 1.97653325657995, 4.52630146478461, -3.00107861009757, 0.368835091938963, 1.101360682974, -0.837347418630694, 3.11560302157693, -105.596181392934
47513.1288679089, -14.9646445969049, 122.792427062988, -15, 0.37093523825585, 28.6091251373291, -80.5971145629883, -23.8583157420046, -4.61043864923704, 1.06031529397982, 4.53139353557076, -4.15017903989606, 0.368835091938963, 1.11811327506008, -0.859094994816534, 4.23801121167791, -101.704682352236
47513.1888679089, -14.9647543078218, 121.89461517334, -15, 0.37118516886633, 28.6091270446777, -80.5971145629883, -23.8583157420046, -4.39835115792586, 1.90866525936037, 4.53148587422426, -3.08384625885784, 0.139780601288933, 1.1386266103867, -1.1967831260053, 3.30772039379143, -111.218230030408
47513.2488679089, -14.9639413255109, 120.996788024902, -15, 0.369982888895211, 28.6091270446777, -80.5971145629883, -23.8583157420046, -4.39835115792586, 1.90866525936037, 4.53229233302463, -3.09352938713196, 0.351868092634068, 1.15863164861417, -0.961685269405368, 3.23942336674683, -107.276029160827
47513.3088679089, -14.9634063988259, 120.098945617676, -15, 0.369890850439382, 28.6091270446777, -80.5971069335938, -23.0099657767598, -4.39835115792586, 0.992447296760254, 4.53692986101413, -4.23899335727525, 0.351868092634068, 1.17692985576781, -0.967069844306466, 4.34770994154434, -102.86207755666
47513.3688679089, -14.9635002938901, 119.20108795166, -15, 0.37034292747114, 28.6091289520264, -80.5971069335938, -23.0099657767598, -4.18626366661467, 1.84079726214079, 4.53500434951542, -3.15464891437962, 0.122813601984039, 1.19804030447974, -1.29603532314954, 3.41025212988366, -112.342959039925
47513.4288679089, -14.9638635592003, 118.303184509277, -15, 0.370604299477931, 28.6091289520264, -80.5970993041992, -22.1616158115151, -4.18626366661467, 0.924579299540668, 4.53314220231439, -4.25467467357677, 0.334901093329174, 1.21667591779412, -1.03967378042785, 4.37963360851625, -103.743145365167
47513.4888679089, -14.9640096247506, 117.405204772949, -15, 0.370373754772354, 28.6091289520264, -80.5970993041992, -22.1616158115151, -4.18626366661467, 1.77292926492121, 4.53432425615446, -3.27017202713865, 0.334901093329174, 1.23201031183696, -1.02560112608956, 3.42706000998222, -107.420635298288
47513.5488679089, -14.9630467403462, 116.507225036621, -15, 0.368953616269193, 28.609130859375, -80.5970993041992, -22.1616158115151, -3.97417617530349, 1.77292926492121, 4.53236216677921, -3.23803174747088, 0.105846602679145, 1.2471115653063, -1.31694137227492, 3.49533078628777, -112.1409752835
47513.6088679089, -14.9623542065903, 115.609237670898, -15, 0.368788957593846, 28.609130859375, -80.5970916748047, -21.3132658462703, -3.97417617530349, 0.856711302321088, 4.5320375374872, -4.35723018249348, 0.317934094024279, 1.25685445253449, -1.02110753712951, 4.47505359088132, -103.200738027296
47513.6688679088, -14.9623951229044, 114.711196899414, -15, 0.369303717879897, 28.609130859375, -80.5970916748047, -21.3132658462703, -3.97417617530349, 1.70506126770163, 4.52314561754941, -3.24374629101946, 0.317934094024279, 1.2668202277976, -1.03586467947499, 3.40496093550525, -107.718437999484
47513.7288679088, -14.9627549870554, 113.813125610352, -15, 0.369601718365611, 28.6091327667236, -80.5970916748047, -21.3132658462703, -3.7620886839923, 1.70506126770163, 4.51121704928272, -3.20074921927418, 0.088879603374249, 1.27533641409496, -1.3071654762383, 3.45712297485409, -112.223483366492
47513.7888679088, -14.9613681225746, 112.915069580078, -15, 0.3674754697476, 28.6091327667236, -80.5970840454102, -20.4649158810256, -3.7620886839923, 0.788843305101512, 4.50038298453379, -4.30038185568228, 0.300967094719384, 1.27783527291923, -0.996071963379659, 4.41402080356261, -103.052308455537
47513.8488679088, -14.9611057542578, 112.01700592041, -15, 0.368190919820578, 28.6091327667236, -80.5970840454102, -20.4649158810256, -3.7620886839923, 1.63719327048205, 4.47931598153444, -3.15645738473222, 0.300967094719384, 1.28097150369162, -1.0067971624339, 3.31298023879163, -107.698364498768
47513.9088679088, -14.9619844774757, 111.118873596191, -15, 0.36937927215251, 28.6091346740723, -80.5970840454102, -20.4649158810256, -3.55000119268111, 1.63719327048205, 4.45347403015447, -3.07938732771796, 0.0719126040693546, 1.2817527785983, -1.25977642654575, 3.3268805997408, -112.257505952836
47513.9688679088, -14.9617930439552, 110.220687866211, -15, 0.368296280594135, 28.6091346740723, -80.5970764160156, -19.6165659157809, -3.55000119268111, 0.720975307881937, 4.42810214864833, -4.15532759987388, 0.284000095414489, 1.27593205854023, -0.932861782381713, 4.25857397162661, -102.663190992519
47514.0288679088, -14.9614207210709, 109.322509765625, -15, 0.367880872467096, 28.6091346740723, -80.5970764160156, -19.6165659157809, -3.55000119268111, 1.56932527326247, 4.39246046241161, -2.99353345172414, 0.284000095414489, 1.27105541207768, -0.937042775773163, 3.13663714490689, -107.387989714252
47514.0888679088, -14.961172173566, 108.424339294434, -15, 0.367768116135282, 28.6091365814209, -80.5970764160156, -19.6165659157809, -3.33791370136993, 1.56932527326247, 4.35323637439466, -2.91231087495616, 0.0549456047644603, 1.26443018764231, -1.18719780624938, 3.14480193293505, -112.18536193738
47514.1488679088, -14.9625194965742, 107.526092529297, -15, 0.36952449592288, 28.6091365814209, -80.5970687866211, -18.7682159505361, -3.33791370136993, 0.65310731066235, 4.31675658786994, -3.99763789073936, 0.267033096109594, 1.25240554794026, -0.864860319788281, 4.0899728491854, -102.216561936198
47514.2088679088, -14.9634778133818, 106.627799987793, -15, 0.369474084252127, 28.6091365814209, -80.5970687866211, -18.7682159505361, -3.33791370136993, 1.50145727604289, 4.27076518368961, -2.83097365543929, 0.267033096109594, 1.24126870839037, -0.860958655218803, 2.95889478096983, -106.921510967766
47514.2688679087, -14.9643413492576, 105.729454040527, -15, 0.369633538540417, 28.6091384887695, -80.5970687866211, -18.7682159505361, -3.12582621005874, 1.50145727604289, 4.2207681765531, -2.7325528038473, 0.0379786054595645, 1.22717907776412, -1.09010209676224, 2.94181343561199, -111.75491336303
47514.3288679087, -14.9642821876013, 104.831130981445, -15, 0.368733805830447, 28.6091384887695, -80.5970611572266, -17.9198659852914, -3.12582621005874, 0.585239313442771, 4.17254850655975, -3.79407651192534, 0.250066096804699, 1.20589123618819, -0.738643082832072, 3.86520535923619, -101.024283695349
47514.3888679087, -14.965042124685, 103.932769775391, -15, 0.369615489321569, 28.6091384887695, -80.5970611572266, -17.9198659852914, -3.12582621005874, 1.43358927882331, 4.11494153942739, -2.61466403286092, 0.250066096804699, 1.18455821866439, -0.713152397597886, 2.71011092934456, -105.261061384941
47514.4488679087, -14.9666320412494, 103.034408569336, -15, 0.370843001638323, 28.6091403961182, -80.5970611572266, -17.9198659852914, -2.91373871874756, 1.43358927882331, 4.05508818953877, -2.52194908477451, 0.0210116061546706, 1.1607940276795, -0.93587289203408, 2.68989210442694, -110.364646945836
47514.5088679087, -14.9675198589267, 102.135986328125, -15, 0.370515605880076, 28.6091403961182, -80.597053527832, -17.0715160200466, -2.91373871874756, 0.517371316223195, 3.99812275509627, -3.58401972389247, 0.233099097499805, 1.12996079707672, -0.574215746526004, 3.62966815759427, -99.1080085274486
47514.5688679087, -14.9681195908976, 101.237594604492, -15, 0.370419786019107, 28.6091403961182, -80.597053527832, -17.0715160200466, -2.91373871874756, 1.36572128160373, 3.93327721814813, -2.41092462959082, 0.233099097499805, 1.09939122419888, -0.540688611598343, 2.47077501621265, -102.64378220536
47514.6288679087, -14.9691790098156, 100.339195251465, -15, 0.371134163071786, 28.6091403961182, -80.597053527832, -17.0715160200466, -2.91373871874756, 1.36572128160373, 3.86774522388645, -2.32692287770525, 0.233099097499805, 1.06717238637054, -0.486033800669852, 2.37711359485126, -101.800992989409
47514.6888679087, -14.9700415831809, 99.440803527832, -15, 0.371225279206844, 28.6091423034668, -80.5970458984375, -16.2231660548019, -2.70165122743637, 0.449503319003612, 3.80656225053638, -3.3984693092871, 0.00404460684977531, 1.02884246417366, -0.654407317832889, 3.46082941485678, -100.905444610447
47514.7488679087, -14.9714227554081, 98.5424118041992, -15, 0.372124182082223, 28.6091423034668, -80.5970458984375, -16.2231660548019, -2.70165122743637, 1.29785328438415, 3.73943545930163, -2.24192397179718, 0.21613209819491, 0.990607902269583, -0.355439142344295, 2.26991092233693, -99.011011867971
47514.8088679087, -14.972157670071, 97.6440582275391, -15, 0.371796072987392, 28.6091423034668, -80.5970458984375, -16.2231660548019, -2.70165122743637, 1.29785328438415, 3.67261152686385, -2.16618869578722, 0.21613209819491, 0.951718357527989, -0.302663212033721, 2.18722080169005, -97.9557960882811
47514.8688679086, -14.9723994064799, 96.7457504272461, -15, 0.371398983891845, 28.6091442108154, -80.597038269043, -15.3748160895572, -2.48956373612519, 0.381635321784039, 3.61043292708563, -3.23942653633939, -0.0129223924551195, 0.911246258757316, -0.513691043186264, 3.27985998750945, -99.0152379048848
47514.9288679086, -14.9729940446113, 95.8474807739258, -15, 0.37184990604717, 28.6091442108154, -80.597038269043, -15.3748160895572, -2.48956373612519, 1.22998528716457, 3.54393166219181, -2.09976677667203, 0.199165098890015, 0.871580716182214, -0.22005641380929, 2.11126115402399, -95.9840967074331
47515.0088679086, -14.9730082436749, 94.9492797851563, -15, 0.371290911180302, 28.6091442108154, -80.597038269043, -15.3748160895572, -2.48956373612519, 1.22998528716457, 3.47897875905868, -2.03865630660466, 0.199165098890015, 0.832915122001211, -0.18403743474849, 2.04694284709836, -95.1594047089702
47515.0688679086, -14.9720987854964, 94.0511703491211, -15, 0.370073709897022, 28.6091442108154, -80.597038269043, -15.3748160895572, -2.48956373612519, 1.22998528716457, 3.41966304252062, -2.02516311937159, 0.199165098890015, 0.794267597777737, -0.138198166754909, 2.0298710400407, -93.9046477261748
47515.1288679086, -14.9712745399306, 93.1531677246094, -15, 0.369728845800909, 28.6091461181641, -80.5970306396484, -14.5264661243124, -2.277476244814, 0.313767324564454, 3.35737413490415, -3.0219722386491, -0.0298893917600139, 0.757681527164801, -0.390247349459382, 3.04704249377939, -97.3615811384861
47515.1888679086, -14.9709249455571, 92.2552871704102, -15, 0.369897325548688, 28.6091461181641, -80.5970306396484, -14.5264661243124, -2.277476244814, 1.16211728994499, 3.2941919055229, -1.92047963205489, 0.18219809958512, 0.723524170059666, -0.119365462043185, 1.92418418929529, -93.5572476690256
47515.2488679086, -14.9702561529314, 91.3574905395508, -15, 0.36927457841362, 28.6091461181641, -80.5970306396484, -14.5264661243124, -2.277476244814, 1.16211728994499, 3.23309414732499, -1.86924962016834, 0.18219809958512, 0.691775287774915, -0.105657297822051, 1.87223226287368, -93.2357099743068
47515.3088679086, -14.9682709829798, 90.4598159790039, -15, 0.36728834227672, 28.6091461181641, -80.5970230102539, -13.6781161590677, -2.277476244814, 0.24589932734488, 3.18164792940294, -3.00525256571695, 0.18219809958512, 0.662268506634975, -0.0929582141500052, 3.00668859168809, -91.7725145679255
47515.3688679086, -14.9667883463574, 89.5623168945313, -15, 0.367014430441436, 28.6091480255127, -80.5970230102539, -13.6781161590677, -2.06538875350282, 1.09424929272541, 3.13094453878817, -1.9350388287441, -0.0468563910649092, 0.636293228227708, -0.372378185945204, 1.97052989250116, -100.894764184132
47515.4288679086, -14.9665949844517, 88.6648254394531, -15, 0.36791126622978, 28.6091480255127, -80.5970230102539, -13.6781161590677, -2.06538875350282, 1.09424929272541, 3.08114989242913, -1.88556483603161, 0.165231100280225, 0.613305127128372, -0.120428092512007, 1.88940531392773, -93.655083917949
47515.4888679085, -14.965085592134, 87.7674255371094, -15, 0.36610607406901, 28.6091480255127, -80.5970230102539, -13.6781161590677, -2.06538875350282, 1.09424929272541, 3.04207639734859, -1.94705685099968, 0.165231100280225, 0.590299415613771, -0.0929001755309599, 1.94927101789287, -92.7322131088563
47515.5488679085, -14.9622271028926, 86.8701629638672, -15, 0.363725112244572, 28.6091480255127, -80.5970153808594, -12.8297661938229, -2.06538875350282, 0.178031330125295, 3.00286700997844, -2.99980311978704, 0.165231100280225, 0.574576985090926, -0.147111676363616, 3.00340487186288, -92.8088391567298
47515.6088679085, -14.9611200145062, 85.9729995727539, -15, 0.364625137646233, 28.6091480255127, -80.5970153808594, -12.8297661938229, -2.06538875350282, 1.02638129550584, 2.96366911178462, -1.9360229479506, 0.165231100280225, 0.562611946352453, -0.170565976234783, 1.94351911080236, -95.03577412304
47515.6688679085, -14.9603183668043, 85.0758590698242, -15, 0.364567295874493, 28.6091499328613, -80.5970153808594, -12.8297661938229, -1.85330126219163, 1.02638129550584, 2.92725836820795, -1.92134212807812, -0.063823390369804, 0.552834987482554, -0.455949808086843, 1.97468171344739, -103.352080027617
47515.7288679085, -14.9576822184889, 84.1788482666016, -15, 0.36169012275443, 28.6091499328613, -80.5970153808594, -12.8297661938229, -1.85330126219163, 1.02638129550584, 2.89924514764066, -1.97282521181567, 0.14826410097533, 0.54215705328346, -0.179857879911716, 1.98100363155601, -95.2101379509538
47515.7888679085, -14.9561771362864, 83.2819137573242, -15, 0.361899176376502, 28.6091499328613, -80.5970077514648, -11.9814162285782, -1.85330126219163, 0.110163332905718, 2.87338518681658, -3.06444534449454, 0.14826410097533, 0.536209818837617, -0.220260963547473, 3.07234338768887, -94.1130820497855
47515.8488679085, -14.9559978951386, 82.3850021362305, -15, 0.36280034114856, 28.6091499328613, -80.5970077514648, -11.9814162285782, -1.85330126219163, 0.958513298286256, 2.84804151459198, -2.02230958229357, 0.14826410097533, 0.537751562591176, -0.297234530534681, 2.04402732892468, -98.3630145554957
47515.9088679085, -14.9548761437909, 81.4880905151367, -15, 0.361430843874142, 28.6091499328613, -80.5970077514648, -11.9814162285782, -1.85330126219163, 0.958513298286256, 2.82650154682995, -2.03561945855981, 0.14826410097533, 0.542176832786007, -0.331616466824861, 2.06244267489048, -99.254461310425
47515.9688679085, -14.9523995523461, 80.5912551879883, -15, 0.359168372538865, 28.6091499328613, -80.5970077514648, -11.9814162285782, -1.85330126219163, 0.958513298286256, 2.81633930407081, -2.1383167128994, 0.14826410097533, 0.546320240484737, -0.334008764785537, 2.1642339104272, -98.8799381556855
47516.0288679085, -14.9511761004613, 79.6945190429688, -15, 0.359576803053238, 28.60915184021, -80.5970001220703, -11.1330662633335, -1.64121377088045, 0.0422953356861384, 2.80736439487797, -3.24054075408819, -0.0807903896746986, 0.553811824863392, -0.651726582953235, 3.30535912125147, -101.37710354515
47516.0888679085, -14.9519928331572, 78.7976989746094, -15, 0.361459628448607, 28.60915184021, -80.5970001220703, -11.1330662633335, -1.64121377088045, 0.890645301066676, 2.79868096639018, -2.21616030989615, 0.131297101670436, 0.565012364081548, -0.448012017959218, 2.26096908014318, -101.431370955556
47516.1488679084, -14.9515330708719, 77.9008483886719, -15, 0.36006657692925, 28.60915184021, -80.5970001220703, -11.1330662633335, -1.64121377088045, 0.890645301066676, 2.79289260066077, -2.23930624698894, 0.131297101670436, 0.578896745908521, -0.457158827386394, 2.28547155680672, -101.541230654408
47516.2088679084, -14.9503366475191, 77.0040435791016, -15, 0.358825133307685, 28.60915184021, -80.5970001220703, -11.1330662633335, -1.64121377088045, 0.890645301066676, 2.79660898301358, -2.33995696485868, 0.131297101670436, 0.594511545053306, -0.528189642779991, 2.39879715104577, -102.723228923838
47516.2688679084, -14.9501126229089, 76.1072158813477, -15, 0.359396193618012, 28.60915184021, -80.5969924926758, -10.2847162980887, -1.64121377088045, -0.0255726615334391, 2.80100539385058, -3.45319044465913, 0.131297101670436, 0.61819760817807, -0.637617698646286, 3.51149372669039, -100.46758859921
47516.3288679084, -14.9508422753101, 74.9113235473633, -15, 0.360335312247403, 28.6091537475586, -80.5969924926758, -10.2847162980887, -1.42912627956926, 0.822777303847097, 2.80349823363323, -2.42031461595288, -0.0977573889795934, 0.637758410597579, -0.895144752750246, 2.58045156775744, -110.3015209375
47516.3888679084, -14.9516147495528, 74.0143356323242, -15, 0.360534831061154, 28.6091537475586, -80.5969924926758, -10.2847162980887, -1.42912627956926, 0.822777303847097, 2.80932822272644, -2.46187402652678, 0.114330102365541, 0.658633666323297, -0.679161185209465, 2.55378145815821, -105.426846571076
47516.4488679084, -14.9512696704484, 73.1173400878906, -15, 0.359319313974573, 28.6091537475586, -80.5969924926758, -10.2847162980887, -1.42912627956926, 0.822777303847097, 2.82070129189894, -2.53215126472815, 0.114330102365541, 0.67980830681065, -0.707903888333738, 2.62918079230481, -105.623654661413
47516.5088679084, -14.9510671748852, 72.2203216552734, -15, 0.359210336891692, 28.6091537475586, -80.5969924926758, -10.2847162980887, -1.42912627956926, 0.822777303847097, 2.82798525770489, -2.50120411479542, 0.114330102365541, 0.704177933553343, -0.769451211682135, 2.61681123638408, -107.104220026157
47516.5688679084, -14.9513091908548, 71.3232498168945, -15, 0.359531497129605, 28.6091537475586, -80.5969848632813, -9.43636633284397, -1.42912627956926, -0.0934406587530202, 2.83341238377276, -3.59036593563843, 0.114330102365541, 0.727861077474337, -0.791374274754246, 3.67643588710761, -102.437656260063
47516.6288679084, -14.9522255508249, 70.4261093139648, -15, 0.360316671103882, 28.6091556549072, -80.5969848632813, -9.43636633284397, -1.21703878825808, 0.754909306627518, 2.83731178117107, -2.56299740884628, -0.114724388284489, 0.750680869838644, -1.08550914195798, 2.78325344479795, -112.959801257522
47516.6888679084, -14.9513098955806, 69.5289611816406, -15, 0.358277659347356, 28.6091556549072, -80.5969848632813, -9.43636633284397, -1.21703878825808, 0.754909306627518, 2.84279714362282, -2.58669222702729, 0.097363103060646, 0.772009413973848, -0.842090710799137, 2.72022271129799, -108.037642956802
47516.7488679083, -14.9518686868643, 68.6318054199219, -15, 0.359585487361672, 28.6091556549072, -80.5969848632813, -9.43636633284397, -1.21703878825808, 0.754909306627518, 2.85221889969744, -2.63862065630744, 0.097363103060646, 0.79063477431426, -0.837825268258074, 2.76835218638744, -107.621143984131
47516.8088679083, -14.9515545332827, 67.7346115112305, -15, 0.358587035474389, 28.6091556549072, -80.5969772338867, -8.58801636759923, -1.21703878825808, -0.161308655972599, 2.85549552648739, -3.68237295322822, 0.097363103060646, 0.810732938788413, -0.877099128868181, 3.78524951881414, -103.40594797507
47516.8688679083, -14.9518936569885, 66.8373718261719, -15, 0.359122763667242, 28.6091556549072, -80.5969772338867, -8.58801636759923, -1.21703878825808, 0.687041309407939, 2.85500351398113, -2.62737696411847, 0.097363103060646, 0.828248002220806, -0.872724725504752, 2.76843352968734, -108.380067078638
47516.9288679083, -14.9519694366635, 65.9400787353516, -15, 0.358789530488292, 28.6091575622559, -80.5969772338867, -8.58801636759923, -1.00495129694689, 0.687041309407939, 2.85372627143072, -2.61929198359221, -0.131691387589383, 0.843565273663815, -1.1445780741157, 2.85829261746368, -113.61028852652
47516.9888679083, -14.9523772483635, 65.0427551269531, -15, 0.359086480267586, 28.6091575622559, -80.5969772338867, -8.58801636759923, -1.00495129694689, 0.687041309407939, 2.85312946567268, -2.62667983750082, 0.0803961037557512, 0.856093977979362, -0.877687277125573, 2.76933966357004, -108.482061940817
47517.0488679083, -14.9522393937424, 64.145393371582, -15, 0.358433334666028, 28.6091575622559, -80.5969696044922, -7.73966640235449, -1.00495129694689, -0.229176653192179, 2.8474505946718, -3.6703520713319, 0.0803961037557512, 0.865253106995292, -0.855453393144995, 3.76859171695762, -103.127974049643
47517.1088679083, -14.951459263512, 63.2480354309082, -15, 0.35744043068998, 28.6091575622559, -80.5969696044922, -7.73966640235449, -1.00495129694689, 0.619173312188359, 2.83718232162435, -2.59544697015066, 0.0803961037557512, 0.871607131463413, -0.835501903640702, 2.72652358443845, -107.849041990705
47517.1688679083, -14.951048346515, 62.350700378418, -15, 0.357436886625238, 28.6091575622559, -80.5969696044922, -7.73966640235449, -1.00495129694689, 0.619173312188359, 2.82344953062153, -2.58041783987506, 0.0803961037557512, 0.874699072006723, -0.807067974820219, 2.70360398221725, -107.372908080047
47517.2288679083, -14.9508834665488, 61.4533309936523, -15, 0.357428615897468, 28.6091594696045, -80.5969696044922, -7.73966640235449, -0.792863805635705, 0.619173312188359, 2.80884654118224, -2.52117409460653, -0.148658386894278, 0.874680184231837, -1.05141641822602, 2.73149806890559, -112.643244200109
47517.2888679083, -14.9517940655105, 60.5559196472168, -15, 0.35854447011882, 28.6091594696045, -80.5969696044922, -7.73966640235449, -0.792863805635705, 0.619173312188359, 2.78892397481662, -2.44537309609322, 0.0634291044508564, 0.870167777172862, -0.747045390496574, 2.55687064427977, -106.991974694746
47517.3488679083, -14.9520775185346, 59.6584510803223, -15, 0.357991462269267, 28.6091594696045, -80.5969619750977, -6.89131643710975, -0.792863805635705, -0.297044650411757, 2.76381693659373, -3.46469800371685, 0.0634291044508564, 0.862726722116734, -0.709309223023511, 3.53647259680731, -101.576563618791
47517.4088679082, -14.9518051862331, 58.7609825134277, -15, 0.357274790469352, 28.6091594696045, -80.5969619750977, -6.89131643710975, -0.792863805635705, 0.55130531496878, 2.7330691789579, -2.35468260027695, 0.0634291044508564, 0.853756110424716, -0.683723118835263, 2.4518858528852, -106.195531318126
47517.4688679082, -14.9523106253247, 57.8634910583496, -15, 0.357982040809706, 28.6091613769531, -80.5969619750977, -6.89131643710975, -0.580776314324519, 0.55130531496878, 2.69991033209517, -2.29207025477889, -0.165625386199173, 0.841834165293321, -0.915373314789919, 2.46800472554333, -111.774477468353
47517.5288679082, -14.9525350758819, 56.9659576416016, -15, 0.357695269148203, 28.6091613769531, -80.5969619750977, -6.89131643710975, -0.580776314324519, 0.55130531496878, 2.66671489337765, -2.25313905551686, 0.0464621051459615, 0.828399910200226, -0.63009328212759, 2.33954022650353, -105.627249789421
47517.5888679082, -14.9534157700218, 56.068416595459, -15, 0.358454663766618, 28.6091613769531, -80.5969619750977, -6.89131643710975, -0.580776314324519, 0.55130531496878, 2.62849280161573, -2.15825232744219, 0.0464621051459615, 0.811234286141981, -0.572639706908747, 2.23289369004607, -104.862782509843
47517.6488679082, -14.9545549140586, 55.1708030700684, -15, 0.358989361037583, 28.6091613769531, -80.5969543457031, -6.04296647186501, -0.580776314324519, -0.364912647631336, 2.58464686996426, -3.15063010138637, 0.0464621051459615, 0.791598463011562, -0.524821810241193, 3.19399910611954, -99.4618627746635
47517.7088679082, -14.9551550968302, 54.2731895446777, -15, 0.358645765049031, 28.6091613769531, -80.5969543457031, -6.04296647186501, -0.580776314324519, 0.483437317749201, 2.53721603155388, -2.04107633647052, 0.0464621051459615, 0.767359748405988, -0.450138976541468, 2.09010334414081, -102.439351583319
47517.7688679082, -14.9559093789058, 53.3755531311035, -15, 0.358943622102682, 28.6091632843018, -80.5969543457031, -6.04296647186501, -0.368688823013334, 0.483437317749201, 2.48848843946683, -1.97083871987004, -0.182592385504068, 0.74060640362412, -0.668307969089698, 2.08102489971767, -108.734749456222
47517.8288679082, -14.9561980495919, 52.4779243469238, -15, 0.35853967503465, 28.6091632843018, -80.5969543457031, -6.04296647186501, -0.368688823013334, 0.483437317749201, 2.44068814982934, -1.9239257473013, 0.0294951058410667, 0.711434383709594, -0.355018967814295, 1.95639499434092, -100.456946468336
47517.8888679082, -14.9570462996146, 51.5802726745605, -15, 0.359216430056456, 28.6091632843018, -80.5969543457031, -6.04296647186501, -0.368688823013334, 0.483437317749201, 2.38865924968134, -1.82034809517069, 0.0294951058410667, 0.679937474366542, -0.294364047734711, 1.84398704530539, -99.1871247266971
47517.9488679082, -14.9578366031921, 50.6826362609863, -15, 0.359357772592687, 28.6091632843018, -80.5969467163086, -5.19461650662027, -0.368688823013334, -0.432780644850917, 2.33294946572595, -2.8178085095308, 0.0294951058410667, 0.647869480946963, -0.25054263949004, 2.82891601047041, -95.0830575769404
47518.0088679081, -14.9583840917947, 49.785026550293, -15, 0.359249574496717, 28.6091632843018, -80.5969467163086, -5.19461650662027, -0.368688823013334, 0.415569320529621, 2.2756011478849, -1.71570124990179, 0.0294951058410667, 0.612907173579397, -0.179994778405035, 1.72511426142921, -95.9898898642304
47518.0688679081, -14.9597105226666, 48.8874092102051, -15, 0.360308396971413, 28.6091632843018, -80.5969467163086, -5.19461650662027, -0.368688823013334, 0.415569320529621, 2.21920260449264, -1.65860292229078, 0.0294951058410667, 0.577220447682489, -0.130255157239224, 1.66370830385548, -94.4910172083253
47518.1288679081, -14.9599266820893, 47.9898109436035, -15, 0.359349414578861, 28.6091651916504, -80.5969467163086, -5.19461650662027, -0.156601331702149, 0.415569320529621, 2.16647085499422, -1.63304330275744, -0.199559384808963, 0.540086966891487, -0.346536607937749, 1.66939675608723, -101.982118438075
47518.1888679081, -14.9597999498753, 47.0922813415527, -15, 0.358892378512374, 28.6091651916504, -80.5969467163086, -5.19461650662027, -0.156601331702149, 0.415569320529621, 2.11163885214314, -1.54726000752496, 0.0125281065361719, 0.502195675956478, -0.0392777683019086, 1.54775834642594, -91.4543388417252
47518.2488679081, -14.9606121441324, 46.1947593688965, -15, 0.359881531373582, 28.6091651916504, -80.5969390869141, -4.34626654137552, -0.156601331702149, -0.500648642070495, 2.05518078588504, -2.56424474671911, 0.0125281065361719, 0.465814435403278, -0.0109927552558418, 2.56426829350103, -90.2457038950157
47518.3088679081, -14.9604069727758, 45.2972831726074, -14.2590495933187, 0.657435892963279, 28.6091651916504, -80.5969390869141, -4.34626654137552, -0.156601331702149, 0.347701323310042, 1.99770004395908, -1.46801114050325, 0.0125281065361719, 0.432285620855077, 0.000465707638887591, 1.46801121435674, -89.9818216631893
47518.3688679081, -14.9551437479221, 44.399974822998, -13.1953660580156, 1, 28.6091651916504, -80.5969390869141, -4.34626654137552, -0.156601331702149, 0.347701323310042, 1.94140544794168, -1.41327530684463, 0.0125281065361719, 0.39969184448429, 0.0299955592654718, 1.41359352150144, -88.784005435005
47518.4288679081, -14.9041634883713, 43.5046997070313, -12.1109830979737, 1, 28.6091651916504, -80.5969390869141, -4.34626654137552, -0.156601331702149, 0.347701323310042, 1.88498619107284, -1.34524796100784, 0.0125281065361719, 0.367279833959648, 0.0668594623968732, 1.3469081048314, -87.1544534020276
47518.4888679081, -14.781171664023, 42.6153678894043, -11.0153519054135, 1, 28.6091651916504, -80.5969390869141, -4.34626654137552, -0.156601331702149, 0.347701323310042, 1.82397722659958, -1.22702589313024, 0.0125281065361719, 0.33301138096987, 0.126353740674309, 1.23351342489801, -84.1202136026516
47518.5688679081, -14.593351632319, 41.7361068725586, -9.91532825426079, 1, 28.609167098999, -80.5969390869141, -4.34626654137552, 0.0554861596090367, 0.347701323310042, 1.76106216489511, -1.13331486327453, -0.216526384113857, 0.299385474226923, -0.114895569598484, 1.13912328110328, -95.7892442425263
47518.628867908, -14.3536181575845, 40.8702926635742, -8.81512706710239, 1, 28.609167098999, -80.5969390869141, -4.34626654137552, 0.0554861596090367, 0.347701323310042, 1.69804554838759, -1.05748958196974, -0.00443889276872294, 0.268124156238895, 0.153313576218963, 1.0685441495678, -81.7503499249788
47518.688867908, -14.0722106620144, 40.0205841064453, -7.71802450767503, 1, 28.609167098999, -80.5969314575195, -3.49791657613078, 0.0554861596090367, -0.568516639290076, 1.63585404104404, -2.09189504232662, -0.00443889276872294, 0.241094958777183, 0.143280087592177, 2.09679396434278, -86.0808980364437
47518.748867908, -13.7605223757113, 39.1890258789063, -6.62660849203476, 1, 28.609167098999, -80.5969314575195, -3.49791657613078, 0.0554861596090367, 0.279833326090463, 1.57459138413532, -1.010425254764, -0.00443889276872294, 0.221146739298323, 0.0962728197477329, 1.0150008327243, -84.5570387242023
47518.808867908, -13.422967381337, 38.3772125244141, -5.54311295776274, 1, 28.609167098999, -80.5969314575195, -3.49791657613078, 0.0554861596090367, 0.279833326090463, 1.51763461170482, -0.985878653407809, -0.00443889276872294, 0.204255891766409, 0.0858429004409769, 0.989608506192122, -85.0234227313796
47518.868867908, -13.0661725879912, 37.5864639282227, -4.46969191181681, 1, 28.609167098999, -80.5969314575195, -3.49791657613078, 0.0554861596090367, 0.279833326090463, 1.47394696201079, -1.06686116934229, -0.00443889276872294, 0.186838774730666, 0.111891369322521, 1.07271197729481, -84.0124226757833
47518.928867908, -12.6932905285237, 36.817741394043, -3.40785045571858, 1, 28.609167098999, -80.5969314575195, -3.49791657613078, 0.0554861596090367, 0.279833326090463, 1.43191232141333, -1.03364093899083, -0.00443889276872294, 0.174538464910113, 0.075376282532503, 1.03638533294366, -85.8289736233216
47518.988867908, -12.3106239342216, 36.0718040466309, -2.35907386727957, 1, 28.609167098999, -80.5969314575195, -3.49791657613078, 0.0554861596090367, 0.279833326090463, 1.39126110936454, -0.99936062669097, -0.00443889276872294, 0.167753481777049, 0.0282616799837567, 0.999760123097538, -88.3800387404567
47519.048867908, -11.9185884016138, 35.3492012023926, -1.32453647562152, 1, 28.609167098999, -80.5969314575195, -3.49791657613078, 0.0554861596090367, 0.279833326090463, 1.35415900049095, -0.990973723204915, -0.00443889276872294, 0.165143912153012, -0.0104627212472951, 0.99102894897281, -90.604937714029
47519.108867908, -11.5205502924091, 34.6502876281738, -0.305156859845828, 1, 28.609167098999, -80.596923828125, -2.64956661088604, 0.0554861596090367, -0.636384636509654, 1.32088102536828, -2.08991740509018, -0.00443889276872294, 0.166786518596234, -0.055058344905359, 2.09064220680942, -91.5094280478831
47519.168867908, -11.1172355184296, 33.9754905700684, 0, 1, 28.609167098999, -80.596923828125, -2.64956661088604, 0.0554861596090367, 0.211965328870883, 1.29138146384796, -1.07492975851948, -0.00443889276872294, 0.172714612639001, -0.105133225862225, 1.08005818551539, -95.586355000191
47519.228867908, -10.7092904427775, 33.3250427246094, 0, 1, 28.6091690063477, -80.596923828125, -2.64956661088604, 0.267573650920222, 0.211965328870883, 1.26739980248613, -1.10196402716311, -0.233493383418752, 0.181974582794401, -0.424678620740087, 1.18095487203554, -111.076842808155
47519.2888679079, -10.2984216989528, 32.699146270752, 0, 1, 28.6091690063477, -80.596923828125, -2.64956661088604, 0.267573650920222, 0.211965328870883, 1.25709277292219, -1.22696898615354, -0.0214058920736178, 0.190541856168387, -0.173654560008376, 1.23919497632413, -98.0562401887757
47519.3488679079, -9.88611624105935, 32.0979347229004, 0, 1, 28.6091690063477, -80.596923828125, -2.64956661088604, 0.267573650920222, 0.211965328870883, 1.24869556128271, -1.2366125495732, -0.0214058920736178, 0.203660249575485, -0.235042872120276, 1.25874825562726, -100.762621207546
47519.4088679079, -9.46879482972901, 31.5215950012207, 0, 1, 28.6091690063477, -80.596923828125, -2.64956661088604, 0.267573650920222, 0.211965328870883, 1.24059340354547, -1.23045767615602, -0.0214058920736178, 0.223787389827061, -0.329430024847281, 1.2737870896664, -104.989285507937
47519.4688679079, -9.05159731068785, 30.9703178405762, 0, 1, 28.6091690063477, -80.596923828125, -2.64956661088604, 0.267573650920222, 0.211965328870883, 1.23558166918065, -1.25596199845143, -0.0214058920736178, 0.245828908509099, -0.375183972453733, 1.31079403708872, -106.633209439185
47519.5288679079, -8.63175906294354, 30.4441242218018, 0, 1, 28.6091690063477, -80.596923828125, -2.64956661088604, 0.267573650920222, 0.211965328870883, 1.23361424584979, -1.28465719014901, -0.0214058920736178, 0.269344366400214, -0.418316364171265, 1.35103787956531, -108.037802625433
47519.5888679079, -8.21223716827862, 29.9431285858154, 0, 1, 28.6091690063477, -80.596923828125, -2.64956661088604, 0.267573650920222, 0.211965328870883, 1.23399071670827, -1.30916111230903, -0.0214058920736178, 0.294555838721508, -0.465719852299754, 1.38951792053261, -109.58383870008
47519.6488679079, -7.79299982396725, 29.4672374725342, 0, 1, 28.6091690063477, -80.5969161987305, -1.8012166456413, 0.267573650920222, -0.704252633729234, 1.23661759636556, -2.43544353314733, -0.0214058920736178, 0.320961032733984, -0.509548722183318, 2.48814563702087, -101.820394834276
47519.7088679079, -7.37343100966203, 29.0164928436279, 0, 1, 28.6091690063477, -80.5969161987305, -1.8012166456413, 0.267573650920222, 0.144097331651304, 1.24137418691258, -1.44508695836097, -0.0214058920736178, 0.347896486321442, -0.480130670162184, 1.52274518364817, -108.380703230703
47519.7688679079, -6.95244487349531, 28.5909938812256, 0, 1, 28.6091690063477, -80.5969161987305, -1.8012166456413, 0.267573650920222, 0.144097331651304, 1.24885590122924, -1.48197910838342, -0.0214058920736178, 0.375074649524069, -0.582748084461752, 1.59241378785191, -111.467726663036
47519.8288679079, -6.53213518532795, 28.1907062530518, 0, 1, 28.6091690063477, -80.5969161987305, -1.8012166456413, 0.267573650920222, 0.144097331651304, 1.26960552859737, -1.64023309667902, -0.0214058920736178, 0.409722000180382, -0.699275456533453, 1.78303594663777, -113.092165011801
47519.8888679078, -6.11180141680842, 27.6962184906006, 0, 1, 28.6091709136963, -80.5969161987305, -1.8012166456413, 0.479661142231407, 0.144097331651304, 1.28527265896497, -1.60889338830312, -0.250460382723647, 0.433160383543084, -0.890587404854386, 1.8388788370831, -118.968510515325
47519.9488679078, -5.68957998343985, 27.354866027832, 0, 1, 28.6091709136963, -80.5969161987305, -1.8012166456413, 0.479661142231407, 0.144097331651304, 1.30008289507442, -1.61879032038947, -0.0383728913785126, 0.455616937371764, -0.653508378390043, 1.74569231501486, -111.986227706316
47520.0088679078, -5.2668681849882, 27.03883934021, 0, 1, 28.6091709136963, -80.5969161987305, -1.8012166456413, 0.479661142231407, 0.144097331651304, 1.31374388410732, -1.62439282439295, -0.0383728913785126, 0.47825398679299, -0.68278776974811, 1.76202334589986, -112.800935700572
47520.0688679078, -4.77057596641329, 26.7543182373047, 0, 1, 28.6091709136963, -80.5969161987305, -1.8012166456413, 0.479661142231407, 0.144097331651304, 1.19280850115394, -0.133935871472298, -0.0383728913785126, 0.453753825538753, -0.182310745443058, 0.226221053463662, -143.696852643214
47520.1288679078, -3.83462338374578, 26.5243701934814, 0, 0.765392737966592, 28.6091709136963, -80.5969161987305, -1.8012166456413, 0.479661142231407, 0.144097331651304, 0.881985365126072, 2.13748668999001, -0.0383728913785126, 0.232792858289131, 2.04728777607505, 2.95944112732394, 46.2342174078741
47520.1888679078, -2.36720628771479, 26.3594493865967, 0, 0.01, 28.6091709136963, -80.5969085693359, -0.952866680396559, 0.479661142231407, -0.772120630948813, 0.975396325230152, -3.11745748939512, -0.0383728913785126, 0.260760366496816, -0.475737468700394, 3.1535129539567, -98.6807615426426
47520.2488679078, -1.17410521725254, 26.2652854919434, 0, 0.01, 28.6091709136963, -80.5969085693359, -0.952866680396559, 0.479661142231407, 0.0762293344317247, 1.0832113949363, -2.37346089986578, -0.0383728913785126, 0.348328233588488, -1.17705451882063, 2.64914729412248, -116.382802590979
47520.3088679078, -0.150199363996435, 26.2371807098389, 0, 0.01, 28.6091709136963, -80.5969085693359, -0.952866680396559, 0.479661142231407, 0.0762293344317247, 1.00887161014736, -0.46326419824193, -0.0383728913785126, 0.28010177624301, 0.462569389814282, 0.654659831475349, -45.0429977020641
