TIME, VerticalSpeed, RadarAltitude, TargetVerticalSpeed, TargetThrottle, EngineResponse(kn), Latitude, Longitude, XError, YError, TargetXSpeed, CurrentXSpeed, TargetXPitch, TargetYSpeed, CurrentYSpeed, TargetYPitch, TotalTargetPitch, TotalTargetHeading
47724.9600507395, -0.421923175021746, 557.351135253906, -20, 0.01, 313.875579833984, 28.6083526611328, -80.5997543334961, -291.832585673511, -101.801995833714, 15, -0.0740000192396194, 15, 8.14415966669716, -0.345088597382671, 10.1870979168958, 18.0662722859905, 55.6533849768713
47725.0400507394, -0.766023093366329, 557.300109863281, -20, 0.01, 314.787658691406, 28.6083526611328, -80.5997543334961, -291.832585673511, -101.801995833714, 15, -0.0741999368746623, 15, 8.14415966669716, -0.346141345215218, 10.2030490638487, 18.0750641659227, 55.6120563859751
47725.1200507394, -1.10961379904623, 557.221618652344, -20, 0.01, 315.049377441406, 28.6083526611328, -80.5997619628906, -292.680935638756, -101.801995833714, 15, -0.0745717630616177, 15, 8.14415966669716, -0.347250408353708, 10.2115954324684, 18.0797786106286, 55.5899308139912
47725.2000507394, -1.36762499500037, 557.115783691406, -20, 0.01, 314.280548095703, 28.6083507537842, -80.5997619628906, -292.680935638756, -102.014083325026, 15, -0.0791606166074819, 15, 8.37321415734718, -0.348458421376674, 10.4956298990716, 18.2379930428212, 54.8615714336661
47725.2600507394, -1.71162774227361, 557.018310546875, -20, 0.01, 315.031341552734, 28.6083507537842, -80.5997619628906, -292.680935638756, -102.014083325026, 15, -0.0960232714230956, 15, 8.16112666600205, -0.349598094940274, 10.2499355905536, 18.1009616348173, 55.4908237519635
47725.3400507394, -2.05619871154312, 556.864074707031, -20, 0.01, 314.626129150391, 28.6083507537842, -80.5997619628906, -292.680935638756, -102.014083325026, 15, -0.13279212198278, 15, 8.16112666600205, -0.351349838562872, 10.2605890056371, 18.1068573491209, 55.4633291820685
47725.4200507394, -2.4020288744664, 556.682373046875, -20, 0.01, 314.709808349609, 28.6083507537842, -80.5997619628906, -292.680935638756, -102.014083325026, 15, -0.178058420823789, 15, 8.16112666600205, -0.35323191874873, 10.2706365129514, 18.1124215973428, 55.4374158293047
47725.5000507394, -2.66170091558057, 556.472900390625, -20, 0.01, 314.553894042969, 28.6083507537842, -80.5997619628906, -292.680935638756, -102.014083325026, 15, -0.227219528798102, 15, 8.16112666600205, -0.355171186336587, 10.2802055778527, 18.117724358268, 55.4127521870715
47725.5600507394, -3.00804195003509, 556.297485351563, -20, 0.01, 314.166473388672, 28.6083507537842, -80.5997619628906, -292.680935638756, -102.014083325026, 15, -0.265222795116685, 15, 8.16112666600205, -0.356642222001963, 10.287247331728, 18.1216287542296, 55.3946123474019
47725.6400507393, -3.35466058359194, 556.03955078125, -20, 0.01, 314.070861816406, 28.6083507537842, -80.5997619628906, -292.680935638756, -102.014083325026, 15, -0.316214189812664, 15, 8.16112666600205, -0.358610563975827, 10.2964773400297, 18.1267492303802, 55.3708480859326
47725.7200507393, -3.7011188656828, 555.753723144531, -20, 0.01, 314.725250244141, 28.6083507537842, -80.5997619628906, -292.680935638756, -102.014083325026, 15, -0.366916260498879, 15, 8.16112666600205, -0.36057656069928, 10.3056363093001, 18.1318334037227, 55.3472808632041
47725.8000507393, -3.96107128122829, 555.440246582031, -20, 0.01, 313.888580322266, 28.6083488464355, -80.5997619628906, -292.680935638756, -102.226170816337, 15, -0.416729825766389, 15, 8.39018115665209, -0.362532853082753, 10.5897786375971, 18.2910849756832, 54.6231179969999
47725.8600507393, -4.30783218133961, 555.186767578125, -20, 0.01, 315.082641601563, 28.6083488464355, -80.5997619628906, -292.680935638756, -102.226170816337, 15, -0.453278275272034, 15, 8.17809366530695, -0.363991468079804, 10.342063194153, 18.1520846672526, 55.2536890327552
47725.9400507393, -4.65368643484022, 554.82470703125, -20, 0.01, 313.726104736328, 28.6083488464355, -80.5997619628906, -292.680935638756, -102.226170816337, 15, -0.499901755345913, 15, 8.17809366530695, -0.366846799247208, 10.3591543777106, 18.1616032007749, 55.2098532231372
47726.0200507393, -4.99922212362203, 554.434631347656, -20, 0.01, 314.308685302734, 28.6083488464355, -80.5997619628906, -292.680935638756, -102.226170816337, 15, -0.54242181921779, 15, 8.17809366530695, -0.372028424690132, 10.3896596329822, 18.1786190070245, 55.131734342674
47726.1000507393, -5.25786651553095, 554.06982421875, -20, 0.01, 314.091827392578, 28.6083488464355, -80.5997619628906, -292.680935638756, -102.226170816337, 15, -0.580495063408631, 15, 8.17809366530695, -0.379667509088296, 10.4241036853656, 18.1978727837786, 55.0437160657134
47726.1600507393, -5.60279278218549, 553.498962402344, -20, 0.01, 313.965942382813, 28.6083488464355, -80.5997619628906, -292.680935638756, -102.226170816337, 15, -0.605280077337972, 15, 8.17809366530695, -0.387661323795248, 10.4614807300935, 18.218815004558, 54.9484272174016
47726.2400507392, -5.94725541921065, 553.34423828125, -20, 0.01, 314.428497314453, 28.6083488464355, -80.5997619628906, -292.680935638756, -102.226170816337, 15, -0.632585389927823, 15, 8.17809366530695, -0.401875921643123, 10.5120735599733, 18.2472428140457, 54.8198176390752
47726.3200507392, -6.29088972051859, 552.773498535156, -20, 0.01, 314.489654541016, 28.6083488464355, -80.5997619628906, -292.680935638756, -102.226170816337, 15, -0.652784820926607, 15, 8.17809366530695, -0.420543903855804, 10.5747544314241, 18.2825911764649, 54.6610713289551
47726.4000507392, -6.54885384652856, 552.167602539063, -20, 0.01, 314.084075927734, 28.6083469390869, -80.5997619628906, -292.680935638756, -102.438258307648, 15, -0.665669909302937, 15, 8.40714815595696, -0.443524235983349, 10.9166193810362, 18.477848348041, 53.8067241018633
47726.4600507392, -6.89276323058255, 551.596740722656, -20, 0.01, 314.906402587891, 28.6083469390869, -80.5997619628906, -292.680935638756, -102.438258307648, 15, -0.670816347347609, 15, 8.19506066461184, -0.463238178167476, 10.7157530322365, 18.3626212839351, 54.3063628934847
47726.5400507392, -7.23616210253071, 551.441955566406, -20, 0.01, 314.531860351563, 28.6083469390869, -80.5997619628906, -292.680935638756, -102.438258307648, 15, -0.669584441776233, 15, 8.19506066461184, -0.494658731446728, 10.7989241994467, 18.4101602785613, 54.0986741446858
47726.6200507392, -7.58005439752012, 550.716369628906, -20, 0.01, 314.690887451172, 28.6083469390869, -80.5997619628906, -292.680935638756, -102.438258307648, 15, -0.659490759032849, 15, 8.19506066461184, -0.531336395608531, 10.8893468457133, 18.4621204070385, 53.8741723731952
47726.7000507392, -7.83851362191893, 550.145812988281, -20, 0.01, 315.170776367188, 28.6083469390869, -80.5997619628906, -292.680935638756, -102.438258307648, 15, -0.642078915786363, 15, 8.19506066461184, -0.571566142720775, 10.9712764658253, 18.5094467474554, 53.6719181720616
47726.7600507392, -8.18319731655227, 549.574890136719, -20, 0.01, 314.981018066406, 28.6083469390869, -80.5997619628906, -292.680935638756, -102.438258307648, 15, -0.624333955786062, 15, 8.19506066461184, -0.603857654211326, 11.0364976421715, 18.5472878897333, 53.5116976788851
47726.8400507391, -8.52891720997485, 548.969055175781, -20, 0.01, 314.382568359375, 28.6083469390869, -80.5997619628906, -292.680935638756, -102.438258307648, 15, -0.594808280215645, 15, 8.19506066461184, -0.649186373524019, 11.1150177829185, 18.5930393300859, 53.3197297018752
47726.9200507391, -8.87462481547027, 548.278564453125, -20, 0.01, 314.236633300781, 28.6083450317383, -80.5997619628906, -292.680935638756, -102.650345798959, 15, -0.559195873422003, 15, 8.37109328242559, -0.695998101842752, 11.4008072389309, 18.7613288129081, 52.6294830330651
47727.0000507391, -9.13460623752997, 547.672729492188, -20, 0.01, 314.893249511719, 28.6083450317383, -80.5997619628906, -292.680935638756, -102.650345798959, 15, -0.516364282950812, 15, 8.21202766391673, -0.740246656793145, 11.2509647818505, 18.6727492353931, 52.9897367772935
47727.0600507391, -9.48102352142142, 546.982238769531, -20, 0.01, 314.273590087891, 28.6083450317383, -80.5997619628906, -292.680935638756, -102.650345798959, 15, -0.478404143116875, 15, 8.21202766391673, -0.769589458358412, 11.2531289675199, 18.6740232292564, 52.9845077702599
47727.1400507391, -9.82784645306489, 545.96044921875, -20, 0.01, 314.395874023438, 28.6083450317383, -80.5997619628906, -292.680935638756, -102.650345798959, 15, -0.420233042038797, 15, 8.21202766391673, -0.801993831431092, 11.2488302147866, 18.6714928319959, 52.9948949645743
47727.2200507391, -10.175698359122, 545.234924316406, -20, 0.01, 314.429595947266, 28.6083450317383, -80.5997619628906, -292.680935638756, -102.650345798959, 15, -0.354014303591716, 15, 8.21202766391673, -0.826519475772014, 11.2264013602087, 18.6583005421609, 53.0491390039412
47727.3000507391, -10.4366832454283, 544.6640625, -20, 0.01, 314.041717529297, 28.6083431243896, -80.5997619628906, -292.680935638756, -102.86243329027, 15, -0.299753213545168, 15, 8.44108215456676, -0.840279807800708, 11.4444643946372, 18.7872778180948, 52.5252027481157
47727.3600507391, -10.7854177160654, 543.938537597656, -20, 0.01, 314.122650146484, 28.6083431243896, -80.5997619628906, -292.680935638756, -102.86243329027, 15, -0.222340955577793, 15, 8.22899466322163, -0.853051998037393, 11.2352546734585, 18.6635058870515, 53.0277175805164
47727.4400507391, -11.1349631329317, 542.797119140625, -20, 0.01, 314.798004150391, 28.6083431243896, -80.5997619628906, -292.680935638756, -102.86243329027, 15, -0.140137135021701, 15, 8.22899466322163, -0.860736535688777, 11.1816600336054, 18.6320352849552, 53.1575894115255
47727.520050739, -11.4851275760492, 542.071594238281, -20, 0.01, 314.260650634766, 28.6083431243896, -80.5997619628906, -292.680935638756, -102.86243329027, 15, -0.0547017467354758, 15, 8.22899466322163, -0.864135910693774, 11.1608750682164, 18.6198566522804, 53.2080815986143
47727.600050739, -11.7480132465065, 541.500793457031, -20, 0.01, 314.831481933594, 28.6083431243896, -80.5997619628906, -292.680935638756, -102.86243329027, 15, 0.0100252856936476, 15, 8.22899466322163, -0.863492541141434, 11.137056430331, 18.6059185686974, 53.2660297797631
47727.660050739, -12.0984364547923, 540.359375, -20, 0.01, 314.469512939453, 28.608341217041, -80.5997619628906, -292.680935638756, -103.074520781582, 15, 0.0964257018334304, 15, 8.40502728103537, -0.858706076748631, 11.3050706821575, 18.7046471635621, 52.859236053488
47727.740050739, -12.448755022875, 539.217834472656, -20, 0.01, 313.743225097656, 28.608341217041, -80.5997619628906, -292.680935638756, -103.074520781582, 15, 0.182155631162971, 15, 8.24596166252652, -0.849840736137352, 11.0922047624716, 18.579725043304, 53.3753998489097
47727.820050739, -12.7991838761742, 538.37255859375, -20, 0.01, 313.823089599609, 28.608341217041, -80.5997619628906, -292.680935638756, -103.074520781582, 15, 0.266695253055886, 15, 8.24596166252652, -0.837788382029538, 11.0611063363489, 18.5616039000019, 53.4514254462771
47727.900050739, -13.0619968055406, 537.385925292969, -20, 0.01, 313.73388671875, 28.608341217041, -80.5997619628906, -292.680935638756, -103.074520781582, 15, 0.329326336463231, 15, 8.24596166252652, -0.826181263101136, 11.0269425459098, 18.5417348690393, 53.5351269379609
47727.960050739, -13.4124181951106, 536.660461425781, -20, 0.085448751496255, 321.598449707031, 28.608341217041, -80.5997619628906, -292.680935638756, -103.074520781582, 15, 0.411591860574048, 15, 8.24596166252652, -0.80634195385646, 10.9776535876518, 18.5131402483629, 53.6562215918046
47728.040050739, -13.7586960353051, 535.399230957031, -20, 0.01, 325.077209472656, 28.608341217041, -80.5997619628906, -292.680935638756, -103.074520781582, 15, 0.494028490641553, 15, 8.24596166252652, -0.780827025463712, 10.9116899609124, 18.4750036549509, 53.8189061035983
47728.1200507389, -14.0932195785912, 534.257751464844, -20, 0.01, 321.123413085938, 28.6083393096924, -80.5997619628906, -292.680935638756, -103.286608272893, 15, 0.575738277971504, 15, 8.42199428034028, -0.750410412051276, 11.0570044522932, 18.5592161987629, 53.4614650125071
47728.2000507389, -14.3462193433517, 533.116271972656, -20, 0.01, 319.078887939453, 28.6083393096924, -80.5997543334961, -291.832585673511, -103.286608272893, 15, 0.634227553597238, 15, 8.26292866183142, -0.72569426896145, 10.8228226818243, 18.4238653178736, 54.0392079121842
47728.2600507389, -14.6874095787265, 531.974670410156, -20, 0.361865800567343, 348.966644287109, 28.6083393096924, -80.5997543334961, -291.832585673511, -103.286608272893, 15, 0.711491550615169, 15, 8.26292866183142, -0.688327427270371, 10.752053594875, 18.3833398870101, 54.215575283397
47728.3400507389, -15.0150438279798, 530.833435058594, -20, 0.01, 363.396087646484, 28.6083393096924, -80.5997543334961, -291.832585673511, -103.286608272893, 15, 0.794472170253685, 15, 8.26292866183142, -0.641977775704374, 10.6361868640721, 18.3173725859069, 54.5061209607288
47728.4200507389, -15.2919531708746, 529.572387695313, -20, 0.01, 351.805572509766, 28.6083393096924, -80.5997543334961, -291.832585673511, -103.286608272893, 15, 0.879153167545803, 15, 8.26292866183142, -0.590064017455734, 10.5392419481895, 18.2625468033922, 54.7509303275707
47728.5000507389, -15.5107393003651, 529.001525878906, -20, 0.01, 339.450378417969, 28.6083393096924, -80.5997543334961, -291.832585673511, -103.286608272893, 15, 0.93757476456787, 15, 8.26292866183142, -0.551231918299375, 10.4989641208505, 18.2398677943576, 54.8531015231039
47728.5600507389, -15.820480636657, 527.740234375, -20, 0.491288282783956, 373.340087890625, 28.6083393096924, -80.5997543334961, -291.832585673511, -103.286608272893, 15, 1.01825143616534, 15, 8.26292866183142, -0.490134592728949, 10.3627408305427, 18.1636019522841, 55.2006608302094
47728.6400507389, -16.1264445919967, 526.147888183594, -20, 0.150943200989186, 402.899932861328, 28.6083393096924, -80.5997543334961, -291.832585673511, -103.286608272893, 15, 1.1178056211094, 15, 8.26292866183142, -0.404408594874808, 10.0820884607645, 18.0086309898738, 55.9265295935399
47728.7200507388, -16.3702463995256, 524.886962890625, -20, 0.01, 393.668914794922, 28.6083393096924, -80.5997543334961, -291.832585673511, -103.286608272893, 15, 1.23980610015449, 15, 8.26292866183142, -0.29335721131933, 9.76573143640496, 17.8375018783484, 56.760700307834
47728.7800507388, -16.5570194851971, 523.780517578125, -20, 0.01, 368.865692138672, 28.6083393096924, -80.5997467041016, -290.984235708267, -103.286608272893, 15, 1.33300979423518, 15, 8.26292866183142, -0.205454467603368, 9.61918711332173, 17.7595373803596, 57.152877107501
47728.8600507388, -16.8377311193619, 522.638977050781, -20, 0.603504144248901, 402.238403320313, 28.6083393096924, -80.5997467041016, -290.984235708267, -103.286608272893, 15, 1.45234941073348, 15, 8.26292866183142, -0.0882310592574054, 9.48505182564726, 17.6889130368411, 57.5150614233905
47728.9400507388, -17.1213672073814, 521.378112792969, -20, 0.322975794279897, 446.942443847656, 28.6083393096924, -80.5997467041016, -290.984235708267, -103.286608272893, 15, 1.578621204409, 15, 8.26292866183142, 0.0420912175354046, 9.23700025008319, 17.5601984892103, 58.1929621953206
47729.0200507388, -17.3255861834994, 519.821105957031, -20, 0.0655187133664573, 443.994567871094, 28.6083393096924, -80.5997467041016, -290.984235708267, -103.286608272893, 15, 1.72526241809877, 14.4712378036969, 8.26292866183142, 0.195041266708736, 8.89020620810918, 16.9340489191493, 58.2661793407678
47729.0800507388, -17.4677942575763, 518.679626464844, -20, 0.01, 410.472503662109, 28.6083393096924, -80.5997467041016, -290.984235708267, -103.286608272893, 15, 1.83712556631382, 14.9749708507694, 8.26292866183142, 0.311021149871317, 8.74312802999265, 17.2899042340672, 59.5333728978215
47729.1600507388, -17.6929713304808, 517.41845703125, -20, 0.542207111315262, 426.999328613281, 28.608341217041, -80.5997467041016, -290.984235708267, -103.074520781582, 15, 1.97953356809192, 14.5854112200199, 8.08689604401767, 0.456362288686506, 8.43332423956426, 16.8020841401866, 59.7840395962503
47729.2400507388, -17.937820622789, 515.896301269531, -20, 0.38747019848507, 466.892547607422, 28.608341217041, -80.599739074707, -290.135885743022, -103.074520781582, 15, 2.12563343022094, 14.392701926083, 8.24596166252652, 0.604735867339625, 8.4295243692382, 16.6344128873463, 59.4699055539203
47729.3200507388, -18.1199670865768, 514.635559082031, -20, 0.190351075790395, 470.384643554688, 28.608341217041, -80.599739074707, -290.135885743022, -103.074520781582, 15, 2.29036365072756, 13.6510982040966, 8.24596166252652, 0.771172144972125, 8.10031042532524, 15.8341269251323, 59.1611313115958
47729.3800507387, -18.2418824070072, 513.494201660156, -20, 0.01, 444.110992431641, 28.608341217041, -80.599739074707, -290.135885743022, -103.074520781582, 15, 2.41941465746305, 14.1857211189451, 8.24596166252652, 0.896133367581769, 7.95342671131702, 16.2231988405822, 60.5502235413648
47729.4600507387, -18.4261152799792, 511.971862792969, -20, 0.515318477404162, 450.987915039063, 28.6083431243896, -80.599739074707, -290.135885743022, -102.86243329027, 15, 2.58990873943443, 13.6802332292674, 8.06992904471278, 1.05142386285157, 7.64638729134788, 15.6364771823707, 60.6374737431008
47729.5400507387, -18.6380926436799, 510.295043945313, -20, 0.436615937902442, 486.645843505859, 28.6083431243896, -80.5997314453125, -289.287535777777, -102.86243329027, 15, 2.76434572339362, 13.4511256070228, 8.22899466322163, 1.20106919349403, 7.70565271187426, 15.4665338525297, 60.0400769838703
47729.6200507387, -18.7997701574505, 509.034271240234, -20, 0.283609959707603, 492.872222900391, 28.6083450317383, -80.5997314453125, -289.287535777777, -102.650345798959, 15, 2.959317892371, 12.5829391033309, 7.9999401725716, 1.36253686255604, 7.15366850470621, 14.4457293882541, 60.2464528898391
47729.6800507387, -18.9028324796877, 508.047912597656, -20, 0.0851799019010724, 474.368957519531, 28.6083450317383, -80.5997314453125, -289.287535777777, -102.650345798959, 15, 3.11315689185029, 13.2037709722472, 8.21202766391673, 1.48347276111058, 7.2687360814158, 15.0410929498079, 61.0171030845218
47729.7600507387, -19.0536509300678, 506.370910644531, -20, 0.48765401085634, 474.977935791016, 28.6083469390869, -80.599723815918, -288.439185812532, -102.438258307648, 15, 3.31792179338247, 12.5854544875146, 8.03599504610298, 1.63470115622399, 6.95628992322125, 14.3527731478172, 60.9335291847136
47729.8400507387, -19.230031381395, 504.848754882813, -20, 0.436003689775798, 501.984344482422, 28.6083469390869, -80.599723815918, -288.439185812532, -102.438258307648, 15, 3.52497984557911, 12.3289662110145, 8.19506066461184, 1.77853152382462, 7.03519065397757, 14.1679314384799, 60.1611368386466
47729.9200507387, -19.3700996621507, 503.207153320313, -20, 0.332330518949172, 507.101898193359, 28.6083488464355, -80.5997161865234, -287.590835847288, -102.226170816337, 15, 3.74944980427172, 11.3745883951377, 7.96600617396183, 1.92756691769542, 6.54727584692438, 13.1027843286482, 59.9659137569908
47729.9800507386, -19.4625846133361, 502.100952148438, -20, 0.174864609281748, 494.552917480469, 28.6083507537842, -80.5997161865234, -287.590835847288, -102.014083325026, 15, 3.92419376021074, 12.1078762105342, 8.00206104749319, 2.0377646985249, 6.47767058171416, 13.7088978145586, 61.7263394903227
47730.0600507386, -19.592879091043, 500.543853759766, -20, 0.510870687619712, 496.631988525391, 28.6083507537842, -80.5997161865234, -287.590835847288, -102.014083325026, 15, 4.15774137938349, 11.3952654000985, 8.16112666600205, 2.17628710681105, 6.57017005178673, 13.131947461394, 59.9241080756922
47730.1400507386, -19.742407086584, 499.021697998047, -20, 0.456479909581484, 519.919494628906, 28.6083526611328, -80.5997085571289, -286.742485882043, -101.801995833714, 15, 4.39262191111384, 11.1118978203082, 7.98509404818831, 2.30884933132146, 6.24909861509582, 12.7292688301539, 60.5422969550743
47730.2200507386, -19.8570880179334, 497.380126953125, -20, 0.353902003750872, 524.891845703125, 28.6083545684814, -80.5997085571289, -286.742485882043, -101.589908342403, 15, 4.64274963760826, 10.0782856216464, 7.91510517604713, 2.44480514625475, 5.98088930245381, 11.703543172744, 59.2290895449223
47730.2800507386, -19.9327714911426, 495.858062744141, -20, 0.226313489968833, 510.855682373047, 28.6083564758301, -80.5997009277344, -285.894135916798, -101.377820851092, 15, 4.83389522905557, 10.9247291249853, 7.95116004957852, 2.54533864459009, 5.92109207418016, 12.4089818847708, 61.4397586585291
47730.3600507386, -20.042643648815, 494.370880126953, -20, 0.519457224203448, 514.990783691406, 28.6083583831787, -80.5997009277344, -285.894135916798, -101.165733359781, 15, 5.08527817064344, 10.1792212464156, 7.93419305027361, 2.67221051994243, 5.80649092883447, 11.703681821455, 60.2107336783811
47730.4400507386, -20.1678558411124, 492.848937988281, -20, 0.471616628382479, 534.364562988281, 28.6083583831787, -80.5996932983398, -285.045785951553, -101.165733359781, 15, 5.33569427274983, 9.89370466458073, 8.09325866878247, 2.79452885878697, 5.88897817209298, 11.4986884081657, 59.156866051411
47730.5200507386, -20.2628650251268, 491.207214355469, -20, 0.383159103407392, 538.503845214844, 28.608362197876, -80.5996932983398, -285.045785951553, -100.741558377159, 15, 5.59499964099957, 8.8732483060816, 7.63514968748239, 2.92086575890762, 5.16127533195469, 10.2547489118595, 59.7488746508853
47730.5800507386, -20.3238658441116, 490.255889892578, -20, 0.272173402648181, 525.607666015625, 28.6083641052246, -80.5996856689453, -284.197435986309, -100.529470885847, 15, 5.79107987046152, 9.76777112854223, 7.88329205235895, 3.01489582530809, 5.35635721476309, 11.127500449801, 61.1789377413033
47730.6600507385, -20.4113982412025, 488.613952636719, -20, 0.504199610938981, 526.412963867188, 28.6083641052246, -80.5996856689453, -284.197435986309, -100.529470885847, 15, 6.04645352445627, 9.02378489686059, 8.04235767086779, 3.13529632437316, 5.4439779281949, 10.5271075182287, 58.830999411535
47730.7400507385, -20.5123332157214, 486.711273193359, -20, 0.472326856413257, 542.310363769531, 28.6083679199219, -80.5996780395508, -283.349086021064, -100.105295903225, 15, 6.29508427481781, 8.7829637062629, 7.69029243524028, 3.25351046354663, 4.89958980320008, 10.0477864088175, 60.7790968731317
47730.8200507385, -20.5896416722793, 485.224304199219, -20, 0.40541309487402, 545.721069335938, 28.6083698272705, -80.5996704101563, -282.500736055819, -99.8932084119138, 15, 6.54723633200881, 7.82866295153022, 7.77936918160799, 3.37516405828513, 4.83822503251135, 9.19513245206424, 58.2340050579028
47730.8800507385, -20.6377648324258, 484.153045654297, -20, 0.310550082679073, 534.326232910156, 28.6083717346191, -80.5996704101563, -282.500736055819, -99.6811209206026, 15, 6.73393858790808, 8.73248674642452, 7.81542405513935, 3.46725585416326, 4.76507362837145, 9.93911896530235, 61.3143262923302
47730.9600507385, -20.707513882092, 482.215057373047, -20, 0.498393284550526, 535.252075195313, 28.6083736419678, -80.5996627807617, -281.652386090574, -99.4690334292914, 15, 6.97371741127325, 8.05309892839838, 7.79845705583447, 3.58698277379244, 4.62737616664189, 9.28028890191908, 60.0633107115549
47731.0400507385, -20.7876864197871, 480.728149414063, -20, 0.473488932670865, 546.599853515625, 28.6083755493164, -80.5996551513672, -280.80403612533, -99.2569459379802, 15, 7.20484838875308, 7.84683672086106, 7.78149005652956, 3.70535813659356, 4.47836291386207, 9.0279002761075, 60.2335815930797
47731.1200507385, -20.832957166218, 479.156463623047, -20, 0.357256730680823, 547.062438964844, 28.608377456665, -80.5996551513672, -280.80403612533, -99.044858446669, 15, 7.43229824044059, 7.03742133402802, 7.71150118438841, 3.82862102050078, 4.21291070243309, 8.19661760500391, 59.052621145181
47731.1800507385, -20.8827548923304, 477.7890625, -20, 0.390213355586234, 535.175109863281, 28.6083812713623, -80.5996475219727, -279.955686160085, -98.6206834640467, 15, 7.59503004373563, 7.90207713836903, 7.57152344010602, 3.9192632235837, 3.95640772020209, 8.8315672708023, 63.3492444326384
47731.2600507384, -20.940296239104, 476.301879882813, -20, 0.508384841959372, 542.365844726563, 28.6083831787109, -80.5996398925781, -279.10733619484, -98.4085959727355, 15, 7.79512101465165, 7.387538119255, 7.71362205931, 4.03110482100658, 4.06327221029795, 8.42581011010401, 61.1416391427907
47731.3400507384, -20.9940033559079, 474.398773193359, -20, 0.439482588715844, 549.0009765625, 28.6083850860596, -80.5996398925781, -279.10733619484, -98.1965084814243, 15, 7.9749238873865, 7.32955546924552, 7.69665506000509, 4.13251811496786, 4.00227944390867, 8.3458445949597, 61.3172094579363
47731.4200507384, -21.0154434876175, 472.827026367188, -20, 0.32790320147059, 543.160400390625, 28.6083889007568, -80.5996322631836, -278.258986229596, -97.7723334988019, 15, 8.12502671964014, 7.00105027745916, 7.39761169721388, 4.21586595767755, 3.68144627830745, 7.90570766122522, 62.2201795520416
47731.4800507384, -21.0363968471056, 471.459350585938, -20, 0.360617035416196, 528.754821777344, 28.6083908081055, -80.5996246337891, -277.410636264351, -97.5602460074907, 15, 8.21640537179849, 7.71251120205026, 7.64575406209041, 4.26377602055392, 4.06976241911461, 8.71467744689234, 62.1285398879836
47731.5600507384, -21.0717044363607, 470.007019042969, -20, 0.40136741274559, 527.376892089844, 28.6083927154541, -80.5996170043945, -276.562286299106, -97.3481585161795, 15, 8.3138373200189, 7.5555420738562, 7.62878706278551, 4.31360872937139, 4.09761022468349, 8.5894792690823, 61.4784319345188
47731.6400507384, -21.1137107689212, 468.103698730469, -20, 0.441444126359702, 531.528381347656, 28.6083965301514, -80.5996170043945, -276.562286299106, -96.9239835335572, 15, 8.39120812876433, 7.61844268294425, 7.43578744566688, 4.3556877574719, 3.87613253555727, 8.54262231722922, 62.9831486615874
47731.7200507384, -21.1404970741511, 466.651336669922, -20, 0.39562758846461, 534.523193359375, 28.6084003448486, -80.599609375, -275.713936333861, -96.4998085509348, 15, 8.4535371486625, 7.50456660337873, 7.29580970138451, 4.3942180245251, 3.69085990315483, 8.3584062819186, 63.7620865494535
47731.7800507384, -21.168071021591, 470.010406494141, -20, 0.443446380982029, 534.45751953125, 28.6084022521973, -80.5996017456055, -274.865586368617, -96.2877210596236, 15, 8.49229074598276, 7.79590667312984, 7.54395206626103, 4.42249408720678, 3.96278871665891, 8.73972508960382, 63.001975643535
47731.8600507383, -21.1944912527702, 468.142059326172, -20, 0.416035533503349, 535.146606445313, 28.6084041595459, -80.5995941162109, -274.017236403372, -96.0756335683124, 15, 8.53431902204233, 7.72608519609108, 7.52698506695616, 4.4601329405899, 3.90018440157746, 8.64936368789473, 63.1628942707681
47731.9400507383, -21.2162564806818, 466.689819335938, -20, 0.408885604146673, 531.269165039063, 28.6084079742432, -80.5995864868164, -273.168886438127, -95.6514585856901, 15, 8.5676330476012, 7.75661113774724, 7.3339854498375, 4.49796627772175, 3.62399504369854, 8.55675195064129, 64.904828144803
47732.0200507383, -21.2332972949822, 460.675537109375, -20, 0.400362445856517, 531.826599121094, 28.6084117889404, -80.5995788574219, -272.320536472882, -95.2272836030677, 15, 8.59377906414358, 7.71747467672327, 7.19400770555514, 4.53509357057379, 3.41889146254435, 8.43667247224704, 66.054698330949
47732.0800507383, -21.2601082083072, 459.492004394531, -20, 0.480997011821562, 530.432067871094, 28.6084136962891, -80.5995712280273, -271.472186507638, -95.0151961117565, 15, 8.6089160908539, 7.85235557691735, 7.44215007043167, 4.56287189715104, 3.68572730602496, 8.66942286029294, 64.801773996053
47732.1600507383, -21.2912758749151, 457.706634521484, -20, 0.476778215123992, 543.758117675781, 28.6084156036377, -80.5995712280273, -271.472186507638, -94.8031086204453, 15, 8.62382966943001, 7.8412360798965, 7.42518307112678, 4.60022674115071, 3.62042299489782, 8.63194591194701, 65.1628405032171
47732.2400507383, -21.3060486636003, 459.016632080078, -20, 0.424214814729413, 546.201110839844, 28.608419418335, -80.5995635986328, -270.623836542393, -94.378933637823, 15, 8.6351827989189, 7.85940754642836, 7.23218345400814, 4.63764725519405, 3.34550194113448, 8.53770263771794, 66.8889689057206
47732.3200507383, -21.3091621110044, 458.561492919922, -20, 0.386507295212215, 543.724914550781, 28.6084232330322, -80.5995559692383, -269.775486577148, -93.9547586552006, 15, 8.64515650475803, 7.83666341829097, 7.09220570972576, 4.67295176909383, 3.1529686355474, 8.44348404925364, 68.0313876957412
47732.3800507383, -21.3152549457965, 457.19384765625, -20, 0.410765014945314, 536.163024902344, 28.6084270477295, -80.5995483398438, -268.927136611903, -93.5305836725782, 15, 8.65394651637092, 7.86500421844162, 7.16431545678855, 4.70045330470198, 3.19774530474908, 8.48643299902089, 67.8218844274573
47732.4600507382, -21.3323611058342, 455.741546630859, -20, 0.454054925563062, 536.344177246094, 28.6084289550781, -80.5995407104492, -268.078786646659, -93.318496181267, 15, 8.6708587858109, 7.78885587437121, 7.30641407599251, 4.74211635338795, 3.2828619184793, 8.44848947042727, 67.093433653077
47732.5400507382, -21.355987873875, 453.873443603516, -20, 0.489837849083643, 547.29638671875, 28.6084327697754, -80.5995330810547, -267.230436681414, -92.8943211986447, 15, 8.69523846094736, 7.70863853070541, 7.11341445887388, 4.78969874177594, 2.95162743667236, 8.25121644732937, 68.9988818718821
47732.6200507382, -21.3661427649067, 452.005310058594, -20, 0.44732160410835, 552.080444335938, 28.608434677124, -80.5995330810547, -267.230436681414, -92.6822337073335, 15, 8.72798378175894, 7.52850171084634, 7.20249120524153, 4.83980156568738, 2.98138302890231, 8.094180614648, 68.3481380937615
47732.6800507382, -21.3672284183965, 451.088836669922, -20, 0.419042128809885, 551.905090332031, 28.6084384918213, -80.5995254516602, -266.382086716169, -92.2580587247111, 15, 8.76038880046443, 7.57902294519669, 7.06251346095919, 4.88099140894745, 2.72916358381172, 8.05272763937636, 70.1499048653738
47732.7600507382, -21.3664008470987, 449.220672607422, -20, 0.415769179556326, 547.234558105469, 28.6084423065186, -80.5995178222656, -265.533736750924, -91.8338837420887, 15, 8.81395823970656, 7.36095529746335, 7.02857946234939, 4.93898526065318, 2.59746638359821, 7.8034177807046, 70.5201816959068
47732.8400507382, -21.3720188166864, 447.3525390625, -20, 0.446832525543211, 545.728088378906, 28.6084442138672, -80.5995101928711, -264.68538678568, -91.6217962507775, 15, 8.87820242570314, 7.20869911165492, 7.17067808155335, 4.99875204417614, 2.68470513861372, 7.68992246900684, 69.5307297995722
47732.9200507382, -21.3804897865496, 445.900390625, -20, 0.46517097818913, 548.94384765625, 28.6084480285645, -80.5995025634766, -263.837036820435, -91.1976212681552, 15, 8.95424046592754, 6.84253191179132, 6.87163471876214, 5.06226672821673, 2.22297372292096, 7.19293664383311, 71.9664219156497
47732.9800507382, -21.3905115085949, 444.448333740234, -20, 0.490190416468248, 554.813537597656, 28.6084518432617, -80.599494934082, -262.98868685519, -90.7734462855328, 15, 9.01815545963782, 7.05163734443237, 6.94374446582493, 5.10915310116002, 2.26183892755579, 7.4037588452158, 72.1783677625444
47733.0600507382, -21.393978799225, 442.699951171875, -20, 0.459526883951923, 558.6591796875, 28.6084537506104, -80.5994873046875, -262.140336889945, -90.5613587942216, 15, 9.11278088377578, 6.71246838251459, 7.08584308502888, 5.17050127921562, 2.36902412439545, 7.11644602853541, 70.524533724403
47733.1400507381, -21.3901640083382, 441.247863769531, -20, 0.436826036570134, 558.022888183594, 28.6084575653076, -80.599479675293, -261.291986924701, -90.1371838115992, 15, 9.21655339465483, 6.52396497617404, 6.89284346791023, 5.23121265777189, 2.07067623047921, 6.84333772165541, 72.3586589504783
47733.2200507381, -21.3857235217411, 439.795745849609, -20, 0.43891245009289, 554.013122558594, 28.6084613800049, -80.5994720458984, -260.443636959456, -89.7130088289769, 15, 9.32211874291245, 6.12333363599096, 6.75286572362789, 5.28185027685554, 1.91866780285398, 6.41579875901606, 72.5741926773123
47733.2800507381, -21.383426875453, 437.962768554688, -20, 0.44765716244617, 553.779724121094, 28.6084651947021, -80.5994644165039, -259.595286994211, -89.2888338463545, 15, 9.40316601048392, 6.47835335795791, 6.82497547069064, 5.3137409354775, 2.02871300662153, 6.78728099456146, 72.5804769900616
47733.3600507381, -21.3853284421169, 436.630432128906, -20, 0.472287974312767, 554.674743652344, 28.6084690093994, -80.5994644165039, -259.595286994211, -88.8646588637321, 15, 9.51550239328297, 6.11326893243932, 6.79104147208088, 5.35079206769515, 1.9857061437456, 6.42651621404904, 71.9766137211616
47733.4400507381, -21.3866320914849, 434.762359619141, -20, 0.475918225159532, 559.889831542969, 28.6084728240967, -80.5994567871094, -258.746937028966, -88.4404838811098, 15, 9.62824712391457, 5.69627387203778, 6.75710747347108, 5.37797470375932, 1.98748320951546, 6.03196498396179, 70.7398344692301
47733.5200507381, -21.3829211619681, 433.345336914063, -20, 0.46171750660676, 561.335327148438, 28.6084766387939, -80.5994415283203, -257.050237098477, -88.0163088984874, 15, 9.7373009035266, 5.87916345505513, 6.61712972918872, 5.39168047189869, 1.90511986346725, 6.17910159374434, 72.0188705912035
47733.5800507381, -21.3728569521812, 431.596984863281, -20, 0.42691496176343, 557.908813476563, 28.6084785461426, -80.5994338989258, -256.201887133232, -87.8042214071762, 15, 9.81984035731116, 5.98311768196512, 6.86527209406526, 5.39504517777445, 2.26888139271648, 6.39740515740432, 69.2029878961093
47733.6600507381, -21.3634394344451, 430.179901123047, -20, 0.445019697492859, 551.165100097656, 28.6084823608398, -80.5994338989258, -256.201887133232, -87.3800464245539, 15, 9.92869365770385, 5.65919691697437, 6.67227247694661, 5.39199190590547, 2.09851660065768, 6.03456297061002, 69.6282333533918
47733.740050738, -21.3611618717618, 428.311828613281, -20, 0.47666978576013, 554.818969726563, 28.6084861755371, -80.5994262695313, -255.353537167987, -86.9558714419315, 15, 10.0282054982333, 5.36404713266221, 6.6383384783368, 5.37582415675617, 2.17656569238022, 5.78762383008212, 67.8898174571082
47733.820050738, -21.359917798107, 427.014465332031, -20, 0.485674022395752, 557.680053710938, 28.6084899902344, -80.5994186401367, -254.505187202743, -86.5316964593091, 15, 10.0970244005777, 5.76436346811561, 6.49836073405445, 5.35383667481348, 2.07954099277726, 6.12680791814556, 70.1358150697272
47733.880050738, -21.3531257902657, 425.146453857422, -20, 0.458740634800278, 559.712463378906, 28.608491897583, -80.5994033813477, -252.808487272253, -86.3196089679979, 15, 10.1875646838798, 5.49665471919642, 6.74650309893099, 5.31787492018327, 2.61603454485564, 6.08570776201712, 64.522324268706
47733.960050738, -21.3403946795506, 423.729400634766, -20, 0.447137809860947, 558.975463867188, 28.6084957122803, -80.5994033813477, -252.808487272253, -85.8954339853755, 15, 10.2749857559077, 5.41892352871757, 6.55350348181235, 5.27730280318939, 2.37881583639176, 5.91663860820591, 66.2739378966577
47734.040050738, -21.3290065121099, 421.896392822266, -20, 0.454642831328246, 556.766845703125, 28.6084995269775, -80.5993957519531, -251.960137307008, -85.4712590027532, 15, 10.3544346781393, 5.18754097910399, 6.51956948320255, 5.23052016281631, 2.44184437131529, 5.73209226921857, 64.7695153532548
47734.120050738, -21.3209847949502, 420.564056396484, -20, 0.470545529773295, 557.3955078125, 28.6085033416748, -80.5993804931641, -250.263437376519, -85.0470840201308, 15, 10.4121064231098, 5.48395633509482, 6.37959173892019, 5.19339139001119, 2.24697055905038, 5.9251350360639, 67.6937955075725
47734.180050738, -21.3113106178923, 418.73095703125, -20, 0.453771471418464, 556.825866699219, 28.6085071563721, -80.5993804931641, -250.263437376519, -84.6229090375084, 15, 10.4903885282815, 5.23904779653273, 6.45170148598297, 5.14755496874937, 2.56918686555859, 5.83351814754006, 63.8530507874808
47734.260050738, -21.2999691281077, 417.313842773438, -20, 0.46197627408155, 559.887634277344, 28.6085109710693, -80.599365234375, -248.56673744603, -84.198734054886, 15, 10.5693209378959, 5.14299616492308, 6.41776748737318, 5.10894574864253, 2.40704912690203, 5.67703478232417, 64.8961616012724
47734.3400507379, -21.2885723346454, 415.480926513672, -20, 0.464073976262713, 562.118041992188, 28.608512878418, -80.5993576049805, -247.718387480785, -83.9866465635749, 15, 10.6463474578249, 4.87490440532195, 6.55986610657715, 5.07690650476618, 2.56792610854302, 5.50844945773633, 62.2007282810216
47734.4200507379, -21.2753624102357, 414.183563232422, -20, 0.459073703746595, 558.440185546875, 28.6085166931152, -80.5993499755859, -246.87003751554, -83.5624715809525, 15, 10.7049241098574, 5.13898879269428, 6.26082274378593, 5.05770711494714, 2.13677692803413, 5.56442002379714, 67.4000564505981
47734.4800507379, -21.2585397146082, 412.350555419922, -20, 0.424067387375721, 555.700561523438, 28.6085205078125, -80.5993423461914, -246.021687550295, -83.1382965983301, 15, 10.7844858151615, 4.88949925811501, 6.33293249084871, 5.04001161978262, 2.27827849923717, 5.39306483480753, 64.9958216225661
47734.5600507379, -21.2455196438307, 410.933471679688, -20, 0.461082660984086, 555.430908203125, 28.6085243225098, -80.5993347167969, -245.173337585051, -82.7141216157078, 15, 10.8631602784473, 4.80505368908667, 6.29899849223892, 5.03214501626993, 2.13005568258225, 5.25500098710937, 66.0725304813309
47734.6400507379, -21.2381618893394, 409.220184326172, -20, 0.485429555993945, 559.146850585938, 28.608528137207, -80.5993270874023, -244.324987619806, -82.2899466330854, 15, 10.9392148804578, 4.54573709225639, 6.26506449362912, 5.03591660762994, 1.99850583136797, 4.96481287662628, 66.2497239406405
47734.7200507379, -21.2307974774076, 407.803192138672, -20, 0.488486677518363, 561.705749511719, 28.6085319519043, -80.5993194580078, -243.476637654561, -81.865771650463, 15, 10.9961675555349, 4.81399790519907, 6.12508674934678, 5.04551571536195, 1.75195720944014, 5.12217760972278, 69.983239564622
47734.7800507379, -21.2132785849441, 405.970275878906, -20, 0.427768872573668, 561.470825195313, 28.6085338592529, -80.5993118286133, -242.628287689316, -81.6536841591518, 15, 11.0724134764521, 4.58094552549302, 6.3732291142233, 5.06754741335179, 1.95508789744982, 4.9798877263299, 66.8698077122107
47734.8600507379, -21.1919886481177, 404.707977294922, -20, 0.434971542178447, 556.109497070313, 28.6085376739502, -80.5993041992188, -241.779937724072, -81.2295091765295, 15, 11.1456802801622, 4.51845219587288, 6.18022949710465, 5.09812388625412, 1.62357646205938, 4.80072323880058, 70.219083374364
47734.9400507379, -21.1779369589848, 402.874877929688, -20, 0.463313796585569, 555.29736328125, 28.6085414886475, -80.5992965698242, -240.931587758827, -80.8053341939071, 15, 11.2089479195264, 4.36163029405549, 6.14629549849487, 5.13223863906909, 1.51619210648798, 4.61716523667684, 70.8164035360963
47735.0200507378, -21.1708665276368, 401.457824707031, -20, 0.492409371556053, 558.169799804688, 28.6085453033447, -80.5992813110352, -239.234887828337, -80.3811592112847, 15, 11.2515561334955, 4.62661398130753, 6.00631775421249, 5.1600942945405, 1.29260385225374, 4.80341008114054, 74.375577918369
47735.0800507378, -21.1582817933068, 399.74462890625, -20, 0.456328479252043, 558.328186035156, 28.6085472106934, -80.5992813110352, -239.234887828337, -80.1690717199735, 15, 11.3036081358956, 4.49628027867504, 6.25446011908904, 5.20160070015837, 1.50866780347391, 4.74214513542998, 71.4357505279392
47735.1600507378, -21.1402285951409, 397.946685791016, -20, 0.45160027261739, 555.325744628906, 28.6085510253906, -80.5992660522461, -237.538187897848, -79.7448967373512, 15, 11.34752994004, 4.5074725766765, 6.0614605019704, 5.24573900935469, 1.20501559224848, 4.66544474557088, 75.0190140743378
47735.2400507378, -21.1245288587514, 396.529571533203, -20, 0.460998935617133, 556.227294921875, 28.6085548400879, -80.5992584228516, -236.689837932603, -79.3207217547288, 15, 11.379044949866, 4.48609057074127, 6.0275265033606, 5.28706785282585, 1.13636354161372, 4.62749292528812, 75.7724505067575
47735.3200507378, -21.1136075741525, 395.232238769531, -20, 0.480642238980916, 561.566040039063, 28.6085586547852, -80.599250793457, -235.841487967358, -78.8965467721064, 15, 11.396317057476, 4.65385627917654, 5.88754875907824, 5.31627401130317, 0.951590364414026, 4.74993791236794, 78.4319687461644
47735.3800507378, -21.0922540213638, 393.434356689453, -20, 0.4127676661394, 557.336364746094, 28.6085624694824, -80.5992431640625, -234.993138002114, -78.4723717894841, 15, 11.4130142659482, 4.64100096113135, 5.95965850614103, 5.35482149345574, 0.995304420545832, 4.74629890222412, 77.8834869241351
47735.4600507378, -21.0695348675059, 391.601318359375, -20, 0.432936954123678, 552.039489746094, 28.6085662841797, -80.599235534668, -234.144788036869, -78.0481968068617, 15, 11.4220201104158, 4.69074156172429, 5.92572450753122, 5.39145457839356, 0.925409315344804, 4.78095436142388, 78.8280736200447
47735.5400507378, -21.0561391176145, 390.338989257813, -20, 0.468775338001096, 552.831176757813, 28.608570098877, -80.5992279052734, -233.296438071624, -77.6240218242393, 15, 11.4232041557477, 4.74717016503014, 5.89179050892145, 5.42505437081815, 0.86749184886687, 4.8256029536012, 79.6328926494469
47735.6000507377, -21.0473889984361, 388.921905517578, -20, 0.488198479375728, 556.090942382813, 28.6085739135742, -80.5992126464844, -231.599738141135, -77.1998468416169, 15, 11.420082293142, 4.78903475718944, 5.75181276463908, 5.44784682284891, 0.69642391573687, 4.83929025405231, 81.7167092435444
47735.6800507377, -21.0314736464141, 387.208587646484, -20, 0.440550249110496, 558.649536132813, 28.6085758209229, -80.5992126464844, -231.599738141135, -76.9877593503058, 15, 11.4122956782971, 4.836234500259, 5.99995512951561, 5.47560603112691, 0.981033641159526, 4.93450142695816, 78.5203818140983
47735.7600507377, -21.0095590398483, 385.41064453125, -20, 0.436506819115666, 553.642272949219, 28.6085796356201, -80.5991973876953, -229.903038210645, -76.5635843676834, 15, 11.4028532595788, 4.86286164916594, 5.80695551239698, 5.50169995334084, 0.73085524389013, 4.91734578906792, 81.4429137177981
47735.8400507377, -20.9911857872935, 383.577606201172, -20, 0.449158326669071, 552.540283203125, 28.608585357666, -80.5991897583008, -229.0546882454, -75.9273218937498, 15, 11.3928370681748, 4.90638915026654, 5.59698889597343, 5.52411566958784, 0.479641288022949, 4.92972084931575, 84.4098697493937
47735.9000507377, -20.9803508321247, 382.696228027344, -20, 0.478639606406514, 555.31298828125, 28.6085891723633, -80.5991821289063, -228.206338280156, -75.5031469111275, 15, 11.3855899172749, 4.87216897711454, 5.61607677019992, 5.53816517742219, 0.513356868162676, 4.89907443262749, 83.9780921116146
47735.9800507377, -20.9651210745571, 380.898254394531, -20, 0.442209824277651, 555.821228027344, 28.6085910797119, -80.5991744995117, -227.357988314911, -75.2910594198163, 15, 11.3796197597352, 4.87265202015053, 5.86421913507644, 5.55793755225576, 0.7798481485708, 4.93451456059024, 80.8966470273736
47736.0600507377, -20.9442207980798, 379.184967041016, -20, 0.438534389397239, 554.607482910156, 28.6085948944092, -80.5991668701172, -226.509638349666, -74.8668844371939, 15, 11.3798288357783, 4.82895301395113, 5.67121951795781, 5.57944634401725, 0.509488349492373, 4.85569260486445, 83.9701715165232
47736.1400507377, -20.9260601792125, 377.386962890625, -20, 0.447972191436117, 554.068237304688, 28.6085987091064, -80.5991592407227, -225.661288384422, -74.4427094545715, 15, 11.3857862343739, 4.76596674825388, 5.63728551934803, 5.5973509127137, 0.474345689402295, 4.78945964454567, 84.3097489479455
47736.2000507377, -20.9149540662495, 376.089630126953, -20, 0.47530987660472, 554.31005859375, 28.6086025238037, -80.5991439819336, -223.964588453932, -74.0185344719492, 15, 11.3942097198248, 4.75514104300954, 5.49730777506567, 5.60801240428272, 0.321181533140749, 4.76595079321525, 86.1314737934081
47736.2800507376, -20.8999213855387, 374.707641601563, -20, 0.440735990635511, 554.052978515625, 28.608606338501, -80.5991363525391, -223.116238488687, -73.5943594893268, 15, 11.4124690215077, 4.66233128402125, 5.56941752212844, 5.62076541998264, 0.403335830400481, 4.67970656868916, 85.0502889821972
47736.3600507376, -20.8816257597757, 372.874664306641, -20, 0.446243394176904, 551.994506835938, 28.6086101531982, -80.5991287231445, -222.267888523443, -73.1701845067044, 15, 11.4387909545412, 4.57312419647748, 5.53548352351865, 5.63173460538065, 0.362753735992036, 4.58745851570395, 85.4598570495923
47736.4400507376, -20.8669308867726, 371.196411132813, -20, 0.459540222324593, 553.129455566406, 28.6086139678955, -80.59912109375, -221.419538558198, -72.7460095240821, 15, 11.4730413119548, 4.38905086638574, 5.39550577923631, 5.64005488817636, 0.204467233731764, 4.3938016056727, 87.3301604897871
47736.5000507376, -20.8571779307971, 369.899078369141, -20, 0.479062883909805, 555.702026367188, 28.6086177825928, -80.5991134643555, -220.571188592953, -72.3218345414597, 15, 11.5036512721832, 4.46804486553483, 5.46761552629908, 5.64374700254202, 0.311943691397785, 4.47889902262195, 86.0022662960088
47736.5800507376, -20.841826339114, 368.517059326172, -20, 0.437566091492035, 556.625122070313, 28.60862159729, -80.5991058349609, -219.722838627708, -71.8976595588373, 15, 11.5519869421341, 4.27985764909906, 5.43368152768927, 5.64577510125343, 0.290329903078064, 4.28967552572087, 86.1156255502942
47736.6600507376, -20.8226144003859, 366.719177246094, -20, 0.440766752597239, 553.823181152344, 28.6086254119873, -80.5990905761719, -218.026138697219, -71.4734845762149, 15, 11.6072755060418, 4.16407884732054, 5.39974752907949, 5.64371735547262, 0.282527057518761, 4.17363553726714, 86.1151155489566
47736.7400507376, -20.8069599614606, 365.005889892578, -20, 0.453421606973305, 550.260864257813, 28.6086292266846, -80.5990829467773, -217.177788731974, -71.0493095935926, 15, 11.6664337489723, 3.91817089552792, 5.25976978479713, 5.63463888675878, 0.177803453561115, 3.92219682552183, 87.399726709333
47736.8000507376, -20.7993544299153, 363.623870849609, -20, 0.484901044486285, 553.245788574219, 28.6086330413818, -80.5990753173828, -216.329438766729, -70.6251346109702, 15, 11.7134015733741, 4.10376253131696, 5.33187953185992, 5.62366216663512, 0.319010830493598, 4.11612205111256, 85.5512194694198
47736.8800507375, -20.7890724481043, 361.910614013672, -20, 0.461808600613635, 560.14404296875, 28.6086349487305, -80.5990676879883, -215.481088801485, -70.413047119659, 15, 11.7804988220332, 3.87485075191491, 5.47397815106387, 5.60433108208936, 0.547838125510619, 3.91332815633042, 81.9467501459655
47736.9600507375, -20.7687116033063, 360.528686523438, -20, 0.434849976885546, 557.063659667969, 28.6086406707764, -80.5990600585938, -214.63273883624, -69.7767846457255, 15, 11.851241072912, 3.7651415413482, 5.10494591613148, 5.57914600016992, 0.178747162137518, 3.7693759921131, 87.2800183601896
47737.0400507375, -20.7473744272349, 358.730773925781, -20, 0.428843938300361, 553.319885253906, 28.6086444854736, -80.5990447998047, -212.93603890575, -69.3526096631031, 15, 11.919582281808, 3.53213513391065, 5.12403379035797, 5.54286432312545, 0.328080022687641, 3.54731993435901, 84.6900310685035
47737.1000507375, -20.7355121280696, 357.468536376953, -20, 0.464351200423894, 552.039672851563, 28.6086483001709, -80.5990371704102, -212.087688940506, -68.9284346804807, 15, 11.9712048086945, 3.76885427515817, 5.19614353742076, 5.51319080731767, 0.474652290018543, 3.79858293425651, 82.8168750475427
47737.1800507375, -20.7240579560667, 355.790283203125, -20, 0.450872593144751, 553.946838378906, 28.6086502075195, -80.5990295410156, -211.239338975261, -68.7163471891695, 15, 12.0423629273723, 3.53931370394436, 5.3382421566247, 5.47281890545123, 0.699563359825486, 3.6077011717035, 78.8126482471886
47737.2600507375, -20.7107084713104, 354.408386230469, -20, 0.457588348020015, 558.882690429688, 28.6086540222168, -80.5990219116211, -210.390989010016, -68.2921722065472, 15, 12.1143467532497, 3.44904883149049, 5.14524253950608, 5.42945606976598, 0.542203854925828, 3.49135613607273, 81.0608183269441
47737.3400507375, -20.6924607164069, 352.610504150391, -20, 0.437427739104299, 556.877319335938, 28.6086578369141, -80.5990142822266, -209.542639044771, -67.8679972239248, 15, 12.1823342053286, 3.22915866174135, 5.0052647952237, 5.37801578384757, 0.496241580856743, 3.26702625918534, 81.2589590203345
47737.4000507375, -20.6773592399566, 351.313140869141, -20, 0.44816035115268, 553.391662597656, 28.6086616516113, -80.5989990234375, -207.845939114282, -67.4438222413024, 15, 12.2301791423236, 3.49499808741118, 5.0773745422865, 5.33591608950374, 0.668332584672184, 3.55824759236646, 79.1679635887938
47737.4800507374, -20.6606475682776, 349.515228271484, -20, 0.419036554226118, 549.780456542969, 28.6086654663086, -80.598991394043, -206.997589149037, -67.01964725868, 15, 12.2925473922416, 3.31339730265589, 5.0434405436767, 5.28086238953274, 0.68539209517187, 3.38346571083353, 78.306859464019
47737.5600507374, -20.648519990914, 347.837036132813, -20, 0.456678683136504, 550.498718261719, 28.6086692810059, -80.5989837646484, -206.149239183792, -66.5954722760577, 15, 12.3524121215814, 3.26245410208928, 5.00950654506692, 5.22802318954477, 0.691294773634795, 3.33481313436856, 78.0303216941326
47737.6400507374, -20.6396923018753, 346.490081787109, -20, 0.469405111304405, 552.199401855469, 28.6086730957031, -80.5989761352539, -205.300889218548, -66.1712972934353, 15, 12.405941856378, 3.11346297728836, 4.86952880078455, 5.17443726033711, 0.592981137926018, 3.16937409742403, 79.21176141173
47737.7000507374, -20.6306900714526, 345.192779541016, -20, 0.46902278379416, 557.44482421875, 28.6086769104004, -80.5989608764648, -203.604189288058, -65.7471223108129, 15, 12.4437204158133, 3.32213188187511, 4.94163854784733, 5.13537183374578, 0.715034903193606, 3.39812625757002, 77.8470189994797
47737.7800507374, -20.6111831318016, 343.394927978516, -20, 0.402203264096157, 552.716247558594, 28.608678817749, -80.5989532470703, -202.755839322814, -65.5350348195017, 15, 12.4926726712935, 3.18159231681046, 5.08373716705129, 5.08820093508289, 0.905282227671787, 3.30775196302355, 74.1098357762763
47737.8600507374, -20.5903569036189, 341.632049560547, -20, 0.418794477237445, 545.129943847656, 28.6086826324463, -80.5989456176758, -201.907489357569, -65.1108598368794, 15, 12.5392131235975, 3.14580092737165, 4.89073754993264, 5.0488260670193, 0.662335828488063, 3.21470236892711, 78.1047134101563
47737.9400507374, -20.5819846825085, 340.250030517578, -20, 0.46573188721841, 545.977661132813, 28.6086864471436, -80.5989379882813, -201.059139392324, -64.686684854257, 15, 12.5779517433864, 3.06243500696218, 4.7507598056503, 5.01132452839123, 0.52510595915601, 3.10708574214215, 80.2658811735766
47738.0000507374, -20.5749882109446, 338.98779296875, -20, 0.471441782970703, 551.828552246094, 28.6086902618408, -80.5989227294922, -199.362439461835, -64.2625098716346, 14.676470208876, 12.6039433011748, 2.83711692430124, 4.82286955271307, 4.98664895747803, 0.606644242500337, 2.90119782895529, 77.9259575504946
47738.0800507374, -20.5604660613467, 337.189880371094, -20, 0.423118664122997, 550.473937988281, 28.6086921691895, -80.5989151000977, -198.51408949659, -64.0504223803235, 15, 12.6370412488293, 3.13422757946039, 4.96496817191703, 4.9623628416161, 0.741698168665799, 3.22070642250353, 76.6801351640093
47738.1600507373, -20.5417972618842, 335.511657714844, -20, 0.423221403309935, 548.449279785156, 28.6086959838867, -80.5989074707031, -197.665739531345, -63.6262473977011, 14.964909197127, 12.6699386147897, 3.05598211603278, 4.77196855479838, 4.94842608492409, 0.449061376342901, 3.08876861392506, 81.6366715914999
47738.2400507373, -20.530965328874, 334.164733886719, -20, 0.452025530573456, 547.526184082031, 28.608699798584, -80.5988998413086, -196.8173895661, -63.2020724150787, 15, 12.6973671605409, 3.03900319146856, 4.63199081051602, 4.93764923268703, 0.270076495734871, 3.0509692388289, 84.9191097870657
47738.3000507373, -20.5194150759338, 332.867401123047, -20, 0.43356469665054, 544.440490722656, 28.6087036132813, -80.5988845825195, -195.120689635611, -62.7778974324563, 14.337130222778, 12.7136089088544, 2.37784052306175, 4.70410055757881, 4.93375101446261, 0.319304054265023, 2.39917112590914, 82.3497593524466
47738.3800507373, -20.5073963014275, 331.104522705078, -20, 0.445270448533772, 546.246215820313, 28.6087055206299, -80.598876953125, -194.272339670366, -62.5658099411452, 14.9055246995939, 12.7317233130934, 3.02587073181962, 4.84619917678277, 4.93708410229776, 0.421769642949167, 3.05509703697424, 82.0612193800034
47738.4600507373, -20.4977051903669, 329.306579589844, -20, 0.45356722945237, 549.384399414063, 28.6087093353271, -80.5988693237305, -193.423989705121, -62.1416349585228, 14.6255692110292, 12.7505434115159, 2.6635473416973, 4.65319955966412, 4.95016710965062, 0.101108523148773, 2.66546431407011, 87.8253089391952
47738.5400507373, -20.489382614557, 327.959686279297, -20, 0.458576123148943, 550.270568847656, 28.6087131500244, -80.5988616943359, -192.575639739877, -61.7174599759004, 14.7697887051547, 12.7649217031165, 2.81792752709034, 4.51322181538177, 4.96600503834539, -0.10689442106963, 2.81995261496642, 92.1732733255323
47738.6000507373, -20.4729608564817, 326.662322998047, -20, 0.404990435101351, 551.607971191406, 28.6087169647217, -80.5988464355469, -190.878939809387, -61.293284993278, 13.9977902366801, 12.7698995049014, 1.99298771800095, 4.58533156244454, 4.97729893235336, -0.0283050526938179, 1.99318862553429, 90.8138424388249
47738.6800507373, -20.4522421088764, 324.899475097656, -20, 0.406033203492963, 544.144592285156, 28.6087188720703, -80.5988388061523, -190.030589844142, -61.0811975019669, 14.566184713496, 12.7744987183325, 2.67381479551198, 4.7274301816485, 4.99781351277488, 0.076459074092, 2.67490697152243, 88.3614509632963
47738.7600507372, -20.4404619835624, 323.221221923828, -20, 0.438369853695989, 543.562927246094, 28.6087226867676, -80.5988311767578, -189.182239878898, -60.6570225193445, 14.2862292249313, 12.7831702704161, 2.29812225399912, 4.53443056452986, 5.02666716824051, -0.252701705132863, 2.3119666514617, 96.2766877753641
47738.8400507372, -20.4362966929227, 321.874328613281, -20, 0.467629347840946, 545.743774414063, 28.6087265014648, -80.5988159179688, -187.485539948408, -60.2328475367221, 13.7263182478018, 12.7901670311036, 1.6134636930993, 4.3944528202475, 5.05534514652441, -0.454299707210078, 1.67618577566083, 105.727338747533
47738.9000507372, -20.4275003247901, 320.612030029297, -20, 0.43835075601334, 547.855834960938, 28.6087303161621, -80.5988082885742, -186.637189983163, -59.8086725540997, 14.2947127246176, 12.791091991324, 2.35866041483338, 4.46656256731028, 5.07442102210489, -0.366697695175847, 2.38697930114771, 98.8393491405943
47738.9800507372, -20.4126382080249, 318.814147949219, -20, 0.424534682445029, 546.815063476563, 28.6087341308594, -80.5988006591797, -185.788840017919, -59.3844975714774, 14.2268447273981, 12.798757332923, 2.2186100178185, 4.43262856870049, 5.10548113881434, -0.487421035137774, 2.27149530537183, 102.393691843325
47739.0600507372, -20.3990665525389, 317.05126953125, -20, 0.427577264581629, 541.646423339844, 28.6087379455566, -80.5987930297852, -184.940490052674, -58.960322588855, 13.9468892388334, 12.8095661283629, 1.84702683168993, 4.39869457009069, 5.13862212101712, -0.584109445355955, 1.937156102512, 107.55176593036
47739.1400507372, -20.3919018845664, 315.788940429688, -20, 0.451379908305944, 543.791320800781, 28.6087398529053, -80.5987777709961, -183.243790122184, -58.7482350975438, 13.3869782617039, 12.8104633180598, 1.24649700930784, 4.48777131645838, 5.164162248246, -0.451400202821371, 1.3257016214994, 109.908352070187
47739.2000507372, -20.3849956882738, 314.406951904297, -20, 0.443144869730112, 546.331420898438, 28.6087436676025, -80.5987701416016, -182.39544015694, -58.3240601149214, 13.9553727385198, 12.8079738102145, 1.96011891585586, 4.34779357217601, 5.17882537557027, -0.592548186850117, 2.04769200076468, 106.822993532395
47739.2800507372, -20.3733286117761, 312.728790283203, -20, 0.432500859647404, 549.840515136719, 28.6087474822998, -80.598762512207, -181.547090191695, -57.8998851322991, 13.8875047413002, 12.8082840423612, 1.85817036723179, 4.31385957356623, 5.19497587855496, -0.627851980945868, 1.96134061532584, 108.672151150123
47739.3600507371, -20.3545113033702, 310.965942382813, -20, 0.402401208099249, 544.590026855469, 28.6087512969971, -80.5987548828125, -180.69874022645, -57.4757101496767, 13.6075492527355, 12.8091722675799, 1.5174616642396, 4.27992557495644, 5.20365158065307, -0.623661595941457, 1.64059523990757, 112.344130460752
47739.4400507371, -20.3423655212817, 309.618957519531, -20, 0.425752448356244, 539.642150878906, 28.6087551116943, -80.5987396240234, -179.002040295961, -57.0515351670543, 13.047638275606, 12.8003741276958, 0.950917706029588, 4.13994783067407, 5.20224443781464, -0.715174817923565, 1.18982038173249, 126.946974620982
47739.5000507371, -20.333754214345, 308.321624755859, -20, 0.42709103241403, 540.557006835938, 28.6087589263916, -80.5987319946289, -178.153690330716, -56.627360184432, 13.6160327524219, 12.79197415463, 1.61874869191486, 4.21205757773685, 5.19642969047635, -0.574662145807558, 1.71770080014253, 109.547162636853
47739.5800507371, -20.3271906718117, 306.558746337891, -20, 0.445202159653994, 543.284790039063, 28.6087608337402, -80.5987243652344, -177.305340365471, -56.4152726931208, 13.5481647552023, 12.7857644010819, 1.52894207340672, 4.35415619694082, 5.18616789997591, -0.373679308151181, 1.573933589082, 103.735547492705
47739.6600507371, -20.3182610286528, 304.880554199219, -20, 0.435369915631503, 545.898681640625, 28.6087646484375, -80.5987091064453, -175.608640434982, -55.9910977104984, 12.3519913040375, 12.7822364616885, 0.0773096569910711, 4.16115657982217, 5.17137580992797, -0.554359269408287, 0.55972385704002, 172.060747353018
47739.7400507371, -20.3089984162261, 303.533630371094, -20, 0.433041621434743, 543.888916015625, 28.6087684631348, -80.5987014770508, -174.760290469737, -55.566922727876, 13.3445607635436, 12.7694151645305, 1.38587707849349, 4.02117883553982, 5.14219267185388, -0.580276747713642, 1.50243492694472, 112.721054506801
47739.8000507371, -20.2950240123297, 302.271362304688, -20, 0.395295869610346, 543.176574707031, 28.608772277832, -80.5986938476563, -173.911940504492, -55.1427477452537, 13.276692766324, 12.7667013922414, 1.20024032224675, 4.09328858260259, 5.12226315532986, -0.490025386471724, 1.29640525495831, 112.210076298116
47739.8800507371, -20.2830387599098, 300.473419189453, -20, 0.418359034456195, 536.577270507813, 28.6087741851807, -80.5986862182617, -173.063590539248, -54.9306602539425, 13.2088247691044, 12.7703487163024, 1.06706449491917, 4.23538720180655, 5.09445023582085, -0.277517059364398, 1.10255768563386, 104.579006614524
47739.960050737, -20.2798982227704, 298.710540771484, -20, 0.45186117536917, 540.664306640625, 28.6087779998779, -80.5986709594727, -171.366890608758, -54.5064852713201, 12.0126513179396, 12.7652742980386, -0.297443375499365, 4.0423875846879, 5.05696045218899, -0.392364036909353, 0.492362382891457, -142.834865717218
47740.040050737, -20.2797838629035, 297.829132080078, -20, 0.464299885627631, 544.664001464844, 28.6087818145752, -80.5986633300781, -170.518540643513, -54.0823102886977, 13.0052207774457, 12.7571394607316, 0.946840865564104, 3.90240984040555, 5.01013080279625, -0.434978934328949, 1.04196788531747, 114.674842674752
47740.100050737, -20.2710267237506, 296.066314697266, -20, 0.419566834739834, 546.00927734375, 28.6087856292725, -80.5986557006836, -169.670190678269, -53.6581353060754, 12.9373527802261, 12.7622980404632, 0.739311295939207, 3.97451958746832, 4.97727844981521, -0.332324910232412, 0.810564561795753, 114.204680689527
47740.180050737, -20.2568903662879, 294.423217773438, -20, 0.407834662117597, 541.895629882813, 28.6087875366211, -80.5986480712891, -168.821840713024, -53.4460478147642, 12.8694847830065, 12.7773223673697, 0.565921133095644, 4.11661820667228, 4.93596232217046, -0.131535261784011, 0.5810057584343, 103.084950384028
47740.260050737, -20.2457643845791, 293.041198730469, -20, 0.417325133306953, 535.085876464844, 28.6087913513184, -80.5986328125, -167.125140782534, -53.0218728321418, 11.6733113318417, 12.7839502152797, -0.83170283641652, 3.92361858955365, 4.89005169777245, -0.274356473880226, 0.875782961635397, -108.256871414719
47740.340050737, -20.2429913716837, 291.778900146484, -20, 0.448927478625041, 537.717102050781, 28.6087951660156, -80.5986251831055, -166.27679081729, -52.5976978495194, 12.6658807913478, 12.7874666572832, 0.394968679972828, 3.78364084527129, 4.83985700422153, -0.350810589033045, 0.528267335836347, 131.611482311522
47740.400050737, -20.2426929405252, 290.016082763672, -20, 0.458487592223701, 543.440063476563, 28.6087970733643, -80.5986175537109, -165.428440852045, -52.3856103582083, 12.5980127941282, 12.8015046894827, 0.217606724671995, 4.0317832101478, 4.80696692714497, -0.061596199793398, 0.22615649495215, 105.804836391787
47740.480050737, -20.2352867322629, 288.218231201172, -20, 0.431296061891745, 542.820190429688, 28.6088008880615, -80.5986022949219, -163.731740921555, -51.9614353755859, 11.8260143256536, 12.8276615014539, -0.831871777906134, 3.83878359302917, 4.76832130553168, -0.286623233241864, 0.879862352900471, -109.01204842939
47740.560050737, -20.2230122907918, 286.871307373047, -20, 0.410863626150867, 540.816955566406, 28.6088047027588, -80.5985946655273, -162.883390956311, -51.5372603929635, 12.1823213111243, 12.8423969784701, -0.373560693532072, 3.80484959441938, 4.72536024118743, -0.24416134239038, 0.446275148481955, -123.168960009017
47740.6400507369, -20.2140693206073, 285.609008789063, -20, 0.42197717821395, 538.114929199219, 28.6088085174561, -80.5985870361328, -162.035040991066, -51.1130854103411, 12.3265408052499, 12.8571473271689, -0.181895049309834, 3.66487185013703, 4.69579193787296, -0.477923115361377, 0.511366351855098, -159.163246932987
47740.7000507369, -20.2083300970306, 283.811065673828, -20, 0.426007382919477, 541.07373046875, 28.6088104248047, -80.5985717773438, -160.338341060576, -50.90099791903, 11.5545423367753, 12.8804251935294, -1.20124373987038, 3.91301421501354, 4.66134715661828, -0.0165820020608908, 1.20135816685992, -90.790920229384
47740.7800507369, -20.2018555397953, 282.464202880859, -20, 0.429612694022187, 543.416442871094, 28.608814239502, -80.5985641479492, -159.489991095332, -50.4768229364076, 12.1229368135911, 12.8959722472946, -0.480464166082254, 3.7200145978949, 4.6277788462677, -0.301311266513448, 0.567126234740864, -122.093051175945
47740.8600507369, -20.191418220422, 280.785949707031, -20, 0.412908679040219, 541.477416992188, 28.6088161468506, -80.5985565185547, -158.641641130087, -50.2647354450964, 11.8429813250264, 12.9052471952747, -0.804324626016589, 3.86211321709887, 4.59403761933157, -0.0895921162751515, 0.809298661826823, -96.3560671878781
47740.9400507369, -20.1834511856687, 279.403961181641, -20, 0.420914292421, 536.718872070313, 28.6088199615479, -80.5985488891602, -157.793291164842, -49.840560462474, 11.987200819152, 12.909266418278, -0.574216645862245, 3.56306985430765, 4.56808328147553, -0.476504625049054, 0.746172776334684, -129.687195540708
47741.0000507369, -20.17624944341, 277.641082763672, -20, 0.413510274216682, 533.559326171875, 28.6088218688965, -80.5985412597656, -156.944941199597, -49.6284729711628, 11.9193328219324, 12.9080592491735, -0.615802679927741, 3.81121221918418, 4.5335563125326, 0.0128773246114838, 0.615937301768826, -88.8020139400867
47741.0800507369, -20.1736871269826, 276.413848876953, -20, 0.439964468312827, 535.944702148438, 28.6088256835938, -80.5985260009766, -155.248241269108, -49.2042979885405, 11.1473343534579, 12.9005065408247, -1.48694858548798, 3.61821260206554, 4.50122700239792, -0.283433318725053, 1.51371480330668, -100.793060963936
47741.1600507369, -20.1724628152753, 274.615936279297, -20, 0.445365759347934, 540.238342285156, 28.608829498291, -80.598518371582, -154.399891303863, -48.7801230059181, 11.5036413389285, 12.8848519933273, -0.941523309944444, 3.58427860345574, 4.47174108612093, -0.310806441446523, 0.991492860245856, -108.269267270681
47741.2400507368, -20.1673551554916, 273.233978271484, -20, 0.430195709735254, 542.316772460938, 28.6088333129883, -80.598503112793, -152.703191373374, -48.3559480232957, 10.9437303617991, 12.8737317722889, -1.67476003558024, 3.4443008591734, 4.45268980240107, -0.487154762371135, 1.7441540489991, -106.220677867634
47741.3000507368, -20.1554502654269, 272.006805419922, -20, 0.387315111873941, 539.278076171875, 28.6088352203369, -80.5984954833984, -151.854841408129, -48.1438605319846, 11.5121248386149, 12.8588538028081, -0.947727369872947, 3.69244322404991, 4.43184191573986, -0.199111666724076, 0.968415720469254, -101.865430178762
47741.3800507368, -20.144179372499, 270.208862304688, -20, 0.402332707978899, 535.04150390625, 28.6088371276855, -80.5984878540039, -151.006491442884, -47.9317730406734, 11.4442568413954, 12.8401870374132, -0.979469622858546, 3.67547622474502, 4.41514005782305, -0.231116783044125, 1.00636499646269, -103.27731707292
47741.4600507368, -20.1416698402672, 268.445983886719, -20, 0.435127106897225, 535.233032226563, 28.6088409423828, -80.5984802246094, -150.15814147764, -47.507598058051, 11.1643013528306, 12.8194512431443, -1.22416914370978, 3.48247660762637, 4.40082207423273, -0.464148477102796, 1.30919483594432, -110.76565432977
47741.5400507368, -20.1413043107164, 267.599609375, -20, 0.44364095180781, 537.815002441406, 28.6088447570801, -80.5984649658203, -148.46144154715, -47.0834230754286, 10.6043903757012, 12.7938138042696, -1.88212607948945, 3.34249886334402, 4.38595001919091, -0.573565701387504, 1.96755123261071, -106.950866474846
47741.6000507368, -20.1375127664351, 265.801727294922, -20, 0.425518618442392, 539.600524902344, 28.6088466644287, -80.5984573364258, -147.613091581905, -46.8713355841174, 11.172784852517, 12.7509656215544, -1.02081685384247, 3.59064122822055, 4.36770217720191, -0.266380837410471, 1.05499682050293, -104.625809603583
47741.6800507368, -20.1276052570957, 264.038879394531, -20, 0.405356723516948, 537.938171386719, 28.608850479126, -80.5984497070313, -146.764741616661, -46.4471606014951, 11.1049168552974, 12.7089584290353, -1.0594404792132, 3.39764161110191, 4.3576912891815, -0.548512506844988, 1.1929986625252, -117.373291682438
47741.7600507368, -20.119042692751, 262.656860351563, -20, 0.408735796932632, 534.692993164063, 28.6088523864746, -80.5984420776367, -145.916391651416, -46.2350731101839, 10.8249613667328, 12.6655952309464, -1.22587757108911, 3.53974023030586, 4.35199906855013, -0.404203311536193, 1.29078704874875, -108.2498735009
47741.8400507367, -20.1159482086594, 261.39453125, -20, 0.428931269696688, 532.155151367188, 28.6088562011719, -80.5984268188477, -144.219691720926, -45.8108981275615, 10.2650503896033, 12.6243130335587, -1.97413501739422, 3.24069686751466, 4.34614005771835, -0.74078934621628, 2.1084972716032, -110.571683770751
47741.9000507367, -20.116182348105, 259.596649169922, -20, 0.442113364175833, 535.650512695313, 28.6088581085205, -80.5984191894531, -143.371341755682, -45.5988106362503, 10.8334448664191, 12.5631819333409, -1.07122134335739, 3.48883923239118, 4.33872026089553, -0.43773628914698, 1.15719743275711, -112.227514113943
47741.9800507367, -20.1150095985114, 258.249755859375, -20, 0.436711706966451, 540.848083496094, 28.6088619232178, -80.5984115600586, -142.522991790437, -45.174635653628, 10.5534893778544, 12.5055385588931, -1.36571546292206, 3.29583961527253, 4.33710890909842, -0.711798560667595, 1.54004543987923, -117.529738411034
47742.0600507367, -20.1057006517358, 256.451873779297, -20, 0.404296533442105, 539.609130859375, 28.608865737915, -80.5984039306641, -141.674641825192, -44.7504606710056, 10.69770887198, 12.4502492563415, -1.00678871396237, 3.26190561666275, 4.34050678751662, -0.795028920658499, 1.28282089270887, -128.297564226607
47742.1200507367, -20.0975141025665, 255.189590454102, -20, 0.406848943584319, 536.695068359375, 28.6088676452637, -80.598388671875, -139.977941894703, -44.5383731796944, 9.92571040350541, 12.4039829327227, -2.08554550422112, 3.35098236303042, 4.34175937956587, -0.677276234040159, 2.19271533580911, -107.99441435815
47742.2000507367, -20.0909233011726, 253.807586669922, -20, 0.403219565554399, 533.696838378906, 28.6088695526123, -80.5983810424805, -139.129591929458, -44.3262856883832, 10.4941048803212, 12.3390687885223, -1.18719247574302, 3.3870372365618, 4.34484299012639, -0.649078121790926, 1.35302183538105, -118.668123463606
47742.2800507367, -20.0896460677619, 252.044723510742, -20, 0.431423223156443, 534.861694335938, 28.6088733673096, -80.5983734130859, -138.281241964213, -43.9021107057608, 10.2141493917565, 12.2762613358301, -1.4652199946592, 3.19403761944317, 4.34946488910253, -0.898685446039289, 1.71881619017047, -121.524401799907
47742.3600507367, -20.0887133373913, 250.662780761719, -20, 0.432836780313866, 537.3466796875, 28.6088771820068, -80.5983657836914, -137.432891998968, -43.4779357231385, 10.3583688858821, 12.2179325832912, -1.11104620666493, 3.16010362083337, 4.35375581577056, -0.943027985817163, 1.45726249640354, -130.324252129569
47742.4200507367, -20.084185416954, 249.400512695313, -20, 0.418559579119997, 535.023742675781, 28.6088790893555, -80.5983505249023, -135.736192068479, -43.2658482318273, 9.58637041740752, 12.1712064994374, -2.21628283359772, 3.24918036720105, 4.35544038091811, -0.823484825824031, 2.36425434371264, -110.387136800806
47742.5000507366, -20.0766317194753, 247.602584838867, -20, 0.396112264152013, 534.660095214844, 28.6088829040527, -80.5983428955078, -134.887842103234, -42.8416732492049, 10.1547648942233, 12.1082037921255, -1.33809428780717, 3.10920262291869, 4.35861441574362, -1.00322609990448, 1.67235640334354, -126.861547230272
47742.5800507366, -20.0721949031499, 246.220611572266, -20, 0.416422265859548, 535.176391601563, 28.6088848114014, -80.5983352661133, -134.039492137989, -42.6295857578937, 9.87480940565861, 12.0496659531064, -1.63902186470058, 3.25130124212265, 4.36154253264763, -0.835265305765294, 1.83952996310871, -117.006279853245
47742.6600507366, -20.0691540430414, 244.42268371582, -20, 0.421173502819188, 538.000610351563, 28.6088886260986, -80.5983276367188, -133.191142172745, -42.2054107752714, 10.0190288997842, 11.9981031937431, -1.32867680408868, 3.058301625004, 4.36215738383762, -1.05129625948463, 1.694227772783, -128.353230507366
47742.7200507366, -20.0642303266777, 243.160430908203, -20, 0.413138784076337, 537.456115722656, 28.6088905334473, -80.5983200073242, -132.3427922075, -41.9933232839602, 9.95116090256459, 11.9567255238945, -1.56736471843145, 3.14737837137169, 4.35846442083311, -0.899158245890928, 1.80690786323988, -119.843893045784
47742.8000507366, -20.055159929535, 241.778427124023, -20, 0.384148615225528, 529.519958496094, 28.6088943481445, -80.5983123779297, -131.494442242255, -41.5691483013378, 9.88329290534501, 11.899101669517, -1.45942395286715, 3.00740062708932, 4.34887403202753, -1.02169796518443, 1.78144863371997, -124.996170823856
47742.8800507366, -20.0548932533232, 239.980499267578, -20, 0.428653469112233, 530.501281738281, 28.6088962554932, -80.5982971191406, -129.797742311766, -41.3570608100266, 8.6871194541802, 11.8399690832993, -2.81507978170378, 3.14949924629328, 4.33492633233624, -0.802710892530712, 2.92720009269464, -105.920914937347
47742.9600507366, -20.0587019823073, 238.598495483398, -20, 0.445123228774434, 533.971923828125, 28.6089000701904, -80.5982894897461, -128.949392346521, -40.9328858274042, 9.6796889136863, 11.7820615877434, -1.42018830028545, 2.85045588350207, 4.31751826008936, -1.11589409691404, 1.80607292450418, -128.159111928562
47743.0200507366, -20.0571796902823, 237.336242675781, -20, 0.424980045741844, 539.775939941406, 28.6089038848877, -80.5982818603516, -128.101042381276, -40.5087108447819, 9.61182091646667, 11.7495485661181, -1.79955174654047, 2.92256563056484, 4.30508467341598, -1.0214962829749, 2.06917809840139, -119.583688166431
47743.1000507365, -20.0469229930344, 235.538375854492, -20, 0.376981749256255, 535.268859863281, 28.6089057922363, -80.598274230957, -127.252692416032, -40.2966233534707, 9.54395291924712, 11.7142537078592, -1.81951197916858, 3.06466424976881, 4.28882747468597, -0.834855508293093, 2.00184246293614, -114.650188699471
47743.1800507365, -20.036025667453, 234.156372070313, -20, 0.384820035841397, 529.527404785156, 28.608907699585, -80.5982666015625, -126.404342450787, -40.0845358621595, 9.26399743068241, 11.6732605929073, -2.06545731282979, 3.04769725046391, 4.26788443008254, -0.795916559622119, 2.21344135748337, -111.077535088742
47743.2600507365, -20.0352307542234, 232.358413696289, -20, 0.422646276876235, 527.334899902344, 28.6089115142822, -80.5982513427734, -124.707642520297, -39.6603608795371, 8.70408645355297, 11.6327202079026, -2.59250371570771, 2.7486538876727, 4.24097503621192, -1.07892355973431, 2.80790972258557, -112.601372786157
47743.3200507365, -20.0380536771696, 231.476974487305, -20, 0.437071107982549, 532.259399414063, 28.6089134216309, -80.5982437133789, -123.859292555053, -39.448273388226, 9.27248093036882, 11.6038871578318, -2.06685178297173, 2.99679625254922, 4.21686628347741, -0.713687187297888, 2.18655087658368, -109.053251347633
47743.4000507365, -20.0376096964798, 229.679077148438, -20, 0.424267077400407, 535.525634765625, 28.6089172363281, -80.5982360839844, -123.010942589808, -39.0240984056036, 9.20461293314921, 11.5728425585457, -2.09634782507446, 2.80379663543059, 4.18454633318501, -0.90629528739921, 2.28378606511219, -113.383630836496
47743.4800507365, -20.0310900102994, 227.88117980957, -20, 0.400532596165427, 537.802917480469, 28.6089191436768, -80.5982284545898, -122.162592624563, -38.8120109142924, 8.92465744458453, 11.5486119630608, -2.45642188890231, 2.94589525463454, 4.15255187072351, -0.700790073425563, 2.55437160338869, -105.927118273339
47743.5600507365, -20.0187065858082, 226.499237060547, -20, 0.375522547716965, 533.190307617188, 28.608922958374, -80.5982208251953, -121.314242659318, -38.38783593167, 9.06887693871006, 11.520644781205, -2.15332658599302, 2.64685189184332, 4.11508949583673, -0.974852505797706, 2.36362122749011, -114.361209952211
47743.6200507365, -20.0136698033279, 225.1171875, -20, 0.401867938855375, 526.005859375, 28.6089248657227, -80.5982055664063, -119.617542728829, -38.1757484403588, 8.29687847023551, 11.5006334168144, -3.18786070049884, 2.89499425671986, 4.08509264793321, -0.62279884210883, 3.24806618021447, -101.059749109736
47743.7000507365, -20.0160220408024, 223.735153198242, -20, 0.433153186024928, 530.348449707031, 28.6089267730713, -80.5982055664063, -119.617542728829, -37.9636609490477, 9.56940341830631, 11.4743421306455, -1.58370575703708, 2.87802725741497, 4.04418491399085, -0.588163361135426, 1.68937028464502, -110.376256042292
47743.7800507364, -20.0179215691263, 222.021926879883, -20, 0.429061798223922, 535.408874511719, 28.6089305877686, -80.5981903076172, -117.920842798339, -37.5394859664253, 7.73696749310606, 11.4512984400397, -3.78230487003437, 2.68502764029632, 4.00370944994286, -0.775489314476035, 3.86087295456004, -101.594671864661
47743.8600507364, -20.0126458245805, 220.727142333984, -20, 0.400886172120103, 535.055969238281, 28.6089324951172, -80.5981826782227, -117.072492833095, -37.3273984751141, 8.72953695261217, 11.4178506265971, -2.39104667579153, 2.774104386664, 3.95413420532354, -0.541802594850522, 2.45162881123997, -102.770814783533
47743.9200507364, -20.0068513421429, 219.484329223633, -20, 0.397519689784338, 533.113464355469, 28.6089363098145, -80.5981750488281, -116.22414286785, -36.9032234924917, 8.66166895539259, 11.3985257008808, -2.64102903857621, 2.63412664238163, 3.92276734945145, -0.731054621300312, 2.74027310177985, -105.477264693782
47744.0000507364, -20.0003085973627, 217.852111816406, -20, 0.384900514619908, 527.6328125, 28.6089382171631, -80.5981674194336, -115.375792902605, -36.6911360011805, 8.59380095817303, 11.3824425543228, -2.72971511633725, 2.7762252615856, 3.88459688502623, -0.543008493780016, 2.78316002323329, -101.254678962711
47744.0800507364, -19.9996643045849, 216.554397583008, -20, 0.415035724632939, 528.597717285156, 28.6089401245117, -80.5981597900391, -114.52744293736, -36.4790485098694, 8.31384546960829, 11.3571023494704, -2.96826012507584, 2.7592582622807, 3.84164769662592, -0.476855348593958, 3.00628603566919, -99.1305792296796
47744.1600507364, -20.0025291448456, 214.922241210938, -20, 0.428921300173777, 529.610107421875, 28.608943939209, -80.5981521606445, -113.679092972116, -36.054873527247, 8.45806496373383, 11.3286066072043, -2.66781828010933, 2.46021489948948, 3.79804112130496, -0.779519352629813, 2.77929228242921, -106.293122131141
47744.2200507364, -20.0026185173018, 214.133575439453, -20, 0.418546113088894, 535.342102050781, 28.6089458465576, -80.5981369018555, -111.982393041626, -35.8427860359358, 7.68606649525931, 11.3063657519505, -3.68857466365578, 2.70835726436601, 3.7648961512476, -0.438208088374198, 3.7144776240408, -96.7796409864992
47744.3000507364, -19.9967480155213, 212.50146484375, -20, 0.387381076071874, 532.8193359375, 28.6089477539063, -80.5981292724609, -111.134043076381, -35.6306985446246, 8.25446097207511, 11.2743481187801, -2.89717020700196, 2.69139026506112, 3.72329697607837, -0.428930889513091, 2.92872328589696, -98.4250206615034
47744.3800507363, -19.9870659828605, 211.258560180664, -20, 0.377953718261722, 526.640014648438, 28.6089515686035, -80.5981216430664, -110.285693111137, -35.2065235620022, 7.9745054835104, 11.2410772665058, -3.18640588469642, 2.49839064794248, 3.68610557639135, -0.649909238495497, 3.25194233250832, -101.533645513673
47744.4600507363, -19.9848602640489, 209.626358032227, -20, 0.405377906554115, 530.187133789063, 28.6089534759521, -80.5981140136719, -109.437343145892, -34.9944360706911, 8.11872497763595, 11.2063931628176, -2.87626452339016, 2.58746739431015, 3.64931089143675, -0.502688356199916, 2.91982548881498, -99.9174858861625
47744.5200507363, -19.9871755353434, 208.718002319336, -20, 0.422859139419498, 529.494934082031, 28.6089572906494, -80.5981063842773, -108.588993180647, -34.5702610880687, 8.05085698041638, 11.1792380846238, -3.070800681556, 2.4474896500278, 3.62505407785451, -0.675652013039219, 3.14418276801724, -102.414248289124
47744.6000507363, -19.9862730817442, 207.085830688477, -20, 0.409397809912333, 531.623474121094, 28.608959197998, -80.5980987548828, -107.740643215402, -34.3581735967575, 7.98298898319679, 11.1394614055323, -3.012373434499, 2.58958826923175, 3.59626161338256, -0.498012703590287, 3.05322481885514, -99.3914978300243
47744.6800507363, -19.9819121665574, 205.788146972656, -20, 0.39639406582575, 530.511962890625, 28.6089611053467, -80.5980911254883, -106.892293250158, -34.1460861054463, 7.70303349463209, 11.0930147033017, -3.24527078951452, 2.57262126992685, 3.56977258682005, -0.504659776258068, 3.28423378796475, -98.8435950093582
47744.7600507363, -19.9796600034522, 204.156005859375, -20, 0.403657485370586, 527.784545898438, 28.6089630126953, -80.5980834960938, -106.043943284913, -33.9339986141351, 7.84725298875765, 11.0420473022021, -2.8516396475409, 2.50263239778568, 3.54605020814168, -0.58176416179594, 2.91032965713498, -101.53514410061
47744.8200507363, -19.9789917142029, 202.858337402344, -20, 0.408531553599407, 531.499938964844, 28.6089668273926, -80.5980682373047, -104.347243354424, -33.5098236315128, 7.07525452028305, 11.0021398896667, -3.94365883997671, 2.36265465350332, 3.53003032534147, -0.74893303306617, 4.01403284490424, -100.760886342582
47744.9000507363, -19.9774692948999, 201.615539550781, -20, 0.405693199813247, 529.880249023438, 28.6089687347412, -80.5980682373047, -104.347243354424, -33.2977361402016, 8.34777946835388, 10.9454561459063, -2.22486406691245, 2.50475327270728, 3.51135569210364, -0.576949490792894, 2.29841760902419, -104.540925425766
47744.9800507362, -19.9746001903978, 200.317916870117, -20, 0.399824254951797, 526.329040527344, 28.6089706420898, -80.5980529785156, -102.650543423934, -33.0856486488904, 6.51534354315367, 10.8891206099603, -4.36229511427972, 2.48778627340238, 3.49885778638004, -0.629446716664878, 4.40738652344057, -98.2183508987511
47745.0600507362, -19.974192766219, 198.685729980469, -20, 0.408850471186088, 526.613525390625, 28.6089725494385, -80.5980453491211, -101.802193458689, -32.8735611575792, 7.50791300265973, 10.8266449458516, -2.89599208358292, 2.41779740126121, 3.48061091018956, -0.649270084104131, 2.96782121072407, -102.64148176673
47745.1200507362, -19.9770543066964, 197.5078125, -20, 0.42533256228539, 530.649169921875, 28.6089763641357, -80.5980377197266, -100.953843493445, -32.4493861749568, 7.44004500544017, 10.7841218035575, -3.2349142448615, 2.27781965697884, 3.47214671497613, -0.860012558524259, 3.34716382795496, -104.894925273811
47745.2000507362, -19.9732196883014, 196.210189819336, -20, 0.39557926506726, 530.680908203125, 28.6089782714844, -80.598030090332, -100.1054935282, -32.2372986836456, 7.37217700822058, 10.7324008510443, -3.18799530092895, 2.4199182761828, 3.46654591173053, -0.72624648149227, 3.26958767648346, -102.839423182576
47745.2800507362, -19.9664752993708, 194.967315673828, -20, 0.382847429521783, 528.510986328125, 28.608980178833, -80.5980224609375, -99.2571435629551, -32.0252111923345, 7.09222151965587, 10.6677538169022, -3.35228025984175, 2.40295127687791, 3.46179545875589, -0.74813103946708, 3.43465342939456, -102.587194232243
47745.3600507362, -19.9647503694138, 193.280410766602, -20, 0.401098169664141, 526.479797363281, 28.6089820861816, -80.598014831543, -98.4087935977103, -31.8131237010233, 7.23644101378142, 10.5957806726058, -2.859986010594, 2.33296240473673, 3.4613057896105, -0.8643886364943, 2.98765242781704, -106.822657350504
47745.4200507362, -19.9670351874838, 192.372039794922, -20, 0.419463057435573, 528.238037109375, 28.6089859008789, -80.5980072021484, -97.5604436324656, -31.3889487184009, 7.16857301656185, 10.5391612395165, -3.17126645296942, 2.19298466045438, 3.46230163694423, -1.04794952854925, 3.33976158230196, -108.293977702927
47745.5000507362, -19.9691612964731, 190.739944458008, -20, 0.416420048228419, 531.105407714844, 28.6089878082275, -80.5979995727539, -96.7120936672209, -31.1768612270897, 7.10070501934228, 10.459393007401, -2.98605712876001, 2.33508327965832, 3.46583039079704, -0.899077468378129, 3.11835621324331, -106.763133022674
47745.5800507361, -19.9679433158558, 189.442398071289, -20, 0.403446990310732, 528.228637695313, 28.6089897155762, -80.5979919433594, -95.8637437019761, -30.9647737357785, 6.82074953077754, 10.3737758289077, -3.17823842404392, 2.31811628035343, 3.47126354948026, -0.941163212009362, 3.31452544795483, -106.502760875894
47745.6600507361, -19.9666189284774, 187.755477905273, -20, 0.402583343825914, 527.722839355469, 28.6089916229248, -80.5979843139648, -95.0153937367314, -30.7526862444674, 6.9649690249031, 10.2855154377059, -2.66077981614165, 2.24812740821226, 3.47637139663211, -1.02982203386587, 2.85298442652013, -111.164209880534
47745.7200507361, -19.9675028009184, 186.847137451172, -20, 0.412092635214238, 527.534545898438, 28.6089954376221, -80.5979766845703, -94.1670437714866, -30.328511261845, 6.89710102768353, 10.2189636943603, -3.04848264791009, 2.1081496639299, 3.4792007914742, -1.19199832627199, 3.27303611483649, -111.363945413739
47745.8000507361, -19.9690504956757, 185.160263061523, -20, 0.413740254021281, 534.034423828125, 28.6089973449707, -80.5979690551758, -93.3186938062419, -30.1164237705338, 6.82923303046395, 10.1292374988415, -2.85108442219908, 2.25024828313385, 3.4828120780732, -1.0255902792533, 3.02979363624236, -109.791198865471
47745.8800507361, -19.9634935576093, 183.862762451172, -20, 0.385562620642169, 529.890441894531, 28.6089992523193, -80.5979614257813, -92.4703438409972, -29.9043362792226, 6.54927754189924, 10.036800149475, -3.05856255346081, 2.23328128382896, 3.48577352231251, -1.04563258759852, 3.23219950399319, -108.881407503686
47745.9600507361, -19.9584433010736, 182.230667114258, -20, 0.386033885453142, 527.862609863281, 28.609001159668, -80.5979537963867, -91.6219938757524, -29.6922487879114, 6.69349703602478, 9.94716288762234, -2.5767941474882, 2.16329241168778, 3.48755673996524, -1.12398180741285, 2.8111121102645, -113.572267033652
47746.0200507361, -19.9575419290411, 181.08154296875, -20, 0.400112770080868, 525.050415039063, 28.6090049743652, -80.5979461669922, -90.7736439105077, -29.2680738052891, 6.6256290388052, 9.88271862203962, -2.99654892384048, 2.02331466740542, 3.48725531740075, -1.27608339982129, 3.25671756394565, -113.07448905363
47746.1000507361, -19.9595082038668, 179.484069824219, -20, 0.412322762363163, 528.112121582031, 28.6090068817139, -80.5979385375977, -89.9252939452629, -29.0559863139779, 6.55776104158563, 9.80031796716367, -2.84703086047208, 2.16541328660938, 3.48670989551771, -1.10489114932568, 3.05374593487719, -111.21726288478
47746.1800507361, -19.9601255071624, 177.886260986328, -20, 0.407258946977523, 529.636840820313, 28.6090087890625, -80.5979309082031, -89.0769439800182, -28.8438988226667, 6.27780555302092, 9.72114847489826, -3.11496244995118, 2.14844628730448, 3.48630562062718, -1.12689530853333, 3.31234549543921, -109.896377808274
47746.260050736, -19.9577228586615, 176.288803100586, -20, 0.395164357048115, 529.048645019531, 28.6090106964111, -80.5979232788086, -88.2285940147734, -28.6318113313555, 6.42202504714648, 9.64562427372672, -2.69173335537967, 2.0784574151633, 3.48212333739888, -1.1786510854287, 2.93830301670612, -113.653818666239
47746.320050736, -19.9529879084226, 175.090835571289, -20, 0.379174763895106, 526.51953125, 28.6090126037598, -80.5979156494141, -87.3802440495287, -28.4197238400443, 6.3541570499269, 9.59313278968847, -3.07433223327503, 2.1145122886947, 3.47648101350916, -1.10437551506911, 3.26649555528355, -109.767153251568
47746.400050736, -19.9499374172644, 173.494140625, -20, 0.39044730012778, 520.878662109375, 28.6090145111084, -80.5979080200195, -86.531894084284, -28.2076363487331, 6.28628905270731, 9.52703532968505, -2.97700465520058, 2.0975452893898, 3.46517269621373, -1.08387089458266, 3.16800811881839, -110.012795650278
47746.480050736, -19.9547296852244, 171.897171020508, -20, 0.420874632556732, 523.612365722656, 28.6090183258057, -80.597900390625, -85.6835441190392, -27.7834613661108, 6.00633356414259, 9.46403599680576, -3.26335415740342, 1.90454567227116, 3.4494360270248, -1.26460970517543, 3.49956973278136, -111.191137396625
47746.560050736, -19.959078271629, 170.699249267578, -20, 0.420134286411421, 526.910339355469, 28.6090202331543, -80.5978927612305, -84.8351941537945, -27.5713738747996, 6.15055305826817, 9.4068387207733, -2.9241300408651, 1.99362241863883, 3.42992554976517, -1.1071505187925, 3.12654031068704, -110.745006589827
47746.620050736, -19.9582691125162, 169.101852416992, -20, 0.399453809386594, 526.590759277344, 28.6090221405029, -80.5978851318359, -83.9868441885497, -27.3592863834884, 6.08268506104857, 9.36748288616995, -3.23777647510801, 2.02967729217022, 3.4129722397559, -1.02116615486307, 3.39482938691493, -107.512694880197
47746.700050736, -19.953006495332, 167.504638671875, -20, 0.382261162192493, 523.563415527344, 28.6090240478516, -80.5978775024414, -83.138494223305, -27.1471988921772, 6.014817063829, 9.3199742312975, -3.20370565963019, 2.01271029286533, 3.38891435023926, -1.00285697857071, 3.35684430668931, -107.389381861192
47746.780050736, -19.9515036859135, 165.907608032227, -20, 0.395790753704808, 524.342102050781, 28.6090259552002, -80.5978698730469, -82.2901442580602, -26.935111400866, 5.73486157526426, 9.27605106168319, -3.40615237144913, 1.99574329356043, 3.36076863775556, -0.959875870773591, 3.53866500022534, -105.746295274188
47746.8600507359, -19.9526093170901, 164.709762573242, -20, 0.405659251000965, 523.744140625, 28.6090297698975, -80.5978622436523, -81.4417942928155, -26.5109364182436, 5.87908106938985, 9.23803645887371, -3.3442807945349, 1.69669993076922, 3.32950052923872, -1.25909444612899, 3.57319633461532, -110.640156871602
47746.9200507359, -19.9532190712393, 163.112808227539, -20, 0.404574000585172, 527.701843261719, 28.6090316772461, -80.5978546142578, -80.5934443275708, -26.2988489269325, 5.81121307217025, 9.21339979963786, -3.49921472631523, 1.94484229564575, 3.30429537349013, -0.91435234961307, 3.61655971859103, -104.652198289966
47747.0000507359, -19.9482940405704, 161.515914916992, -20, 0.381618283322962, 525.627258300781, 28.6090335845947, -80.5978469848633, -79.745094362326, -26.0867614356213, 5.74334507495069, 9.1854047278469, -3.52462779038408, 1.92787529634085, 3.27123242007184, -0.900191297225243, 3.63762600775337, -104.335191841407
47747.0800507359, -19.9422655008429, 159.919448852539, -20, 0.375742051423666, 521.993041992188, 28.6090354919434, -80.5978393554688, -78.8967443970813, -25.8746739443101, 5.46338958638596, 9.16082157219993, -3.79742453103319, 1.91090829703596, 3.23809018122529, -0.881248114570341, 3.89819109746079, -103.073811391242
47747.1600507359, -19.9405759713552, 158.722229003906, -20, 0.391353261339344, 522.541625976563, 28.609037399292, -80.5978317260742, -78.0483944318366, -25.6625864529989, 5.60760908051152, 9.14304660732362, -3.71837885016741, 1.84091942489478, 3.20977408556198, -0.96854660395222, 3.84227880488312, -104.608881359565
47747.2200507359, -19.9428938512901, 157.125747680664, -20, 0.40968654813296, 523.98095703125, 28.6090393066406, -80.5978240966797, -77.2000444665918, -25.4504989616877, 5.53974108329193, 9.12058873165323, -3.74061384318347, 1.87697429842617, 3.16868450380658, -0.678223183620223, 3.80151613047901, -100.283757418513
47747.3000507359, -19.9450290539825, 155.529083251953, -20, 0.406418075443391, 525.6728515625, 28.6090412139893, -80.5978240966797, -77.2000444665918, -25.2384114703765, 6.17600355732734, 9.10020516422782, -2.97053526655545, 1.86000729912127, 3.12651796124995, -0.743643688642101, 3.06212183357166, -104.060244111615
47747.3800507359, -19.943074808796, 153.932647705078, -20, 0.390366383833942, 528.128662109375, 28.6090431213379, -80.5978164672852, -76.3516945013471, -25.0263239790653, 5.25978559472723, 9.07728335226567, -3.96843978203204, 1.84304029981638, 3.08108531778474, -0.685979594845686, 4.02719872607938, -99.8146273466612
47747.4600507358, -19.9361650289435, 152.735397338867, -20, 0.369800343985898, 526.10009765625, 28.6090469360352, -80.5978088378906, -75.5033445361023, -24.602148996443, 5.40400508885279, 9.05171321955558, -3.80505252063516, 1.54399693702517, 3.04234329692255, -1.04971955177895, 3.94698813785508, -105.43283923046
47747.5200507358, -19.9312267265975, 151.139694213867, -20, 0.369579611296546, 520.875244140625, 28.6090469360352, -80.5978012084961, -74.6549945708576, -24.602148996443, 5.3361370916332, 9.01112237617772, -3.72806976344605, 1.96817191971544, 2.98752499084812, -0.217921312784789, 3.73442456360198, -93.3477201199538
47747.6000507358, -19.9338442287997, 149.556381225586, -20, 0.404476508756161, 519.271118164063, 28.6090507507324, -80.5977935791016, -73.8066446056128, -24.1779740138206, 5.26826909441363, 8.97543080809255, -3.80639177247892, 1.61610668408795, 2.93862228203504, -0.764187102115492, 3.88223400346183, -101.359835674651
47747.6800507358, -19.9402345573764, 147.960205078125, -20, 0.41998312803642, 522.788146972656, 28.6090526580811, -80.597785949707, -72.9582946403681, -23.9658865225094, 4.9883136058489, 8.93820371352305, -3.99545159426438, 1.75820530329191, 2.89128909684487, -0.549546831050888, 4.03300700162052, -97.8376537804822
47747.7600507358, -19.9422844823632, 146.762924194336, -20, 0.403988233747854, 527.676086425781, 28.6090545654297, -80.5977783203125, -72.1099446751234, -23.7537990311982, 5.13253309997447, 8.90814188799527, -3.93614175197046, 1.68821643115072, 2.85556515467709, -0.678667948679518, 3.99413035038283, -99.7900553399997
47747.8200507358, -19.9386908396444, 145.166549682617, -20, 0.377250463288348, 525.684692382813, 28.6090564727783, -80.597770690918, -71.2615947098786, -23.5417115398871, 5.06466510275488, 8.86826127347243, -3.89912857066801, 1.72427130468211, 2.81288410210473, -0.425957045542737, 3.92229050887664, -96.239226364554
47747.9000507358, -19.9326249391258, 143.570663452148, -20, 0.370685574563662, 520.752197265625, 28.609058380127, -80.5977630615234, -70.4132447446339, -23.3296240485759, 4.99679710553532, 8.82812113073126, -3.93352059362388, 1.70730430537722, 2.77527186909002, -0.546755917278218, 3.9712789480628, -97.9193811894604
47747.9800507358, -19.93246934484, 141.974975585938, -20, 0.392540201748346, 520.540466308594, 28.6090602874756, -80.5977554321289, -69.5648947793891, -23.1175365572647, 4.71684161697058, 8.78503865066746, -4.09043539194482, 1.69033730607232, 2.74169227909492, -0.55790671508014, 4.12824328378085, -97.7732166783055
47748.0600507358, -19.9350079320396, 140.777938842773, -20, 0.40301806084858, 522.90380859375, 28.6090621948242, -80.5977554321289, -69.5648947793891, -22.9054490659535, 5.56519158235113, 8.74981555699546, -3.19934701838576, 1.62034843393115, 2.71798777934691, -0.62890847304465, 3.26051162216547, -101.126483044045
47748.1200507357, -19.9364450016226, 139.181884765625, -20, 0.400852309164836, 525.984619140625, 28.6090641021729, -80.5977478027344, -68.7165448141444, -22.6933615746423, 4.86106111109615, 8.70011586717533, -3.87916072878358, 1.65640330746253, 2.69000716815904, -0.580083188045354, 3.92222770302674, -98.5111563074859
47748.2000507357, -19.9341820649433, 136.332260131836, -20, 0.384351942790367, 524.316528320313, 28.6090660095215, -80.5977401733398, -67.8681948488996, -22.4812740833311, 4.79319311387656, 8.6431571534675, -3.84088916106245, 1.63943630815764, 2.6652099315316, -0.595382831363887, 3.88669256649469, -98.8177317163687
47748.2800507357, -19.9299801143486, 134.737350463867, -20, 0.375750073414927, 522.407409667969, 28.6090679168701, -80.5977325439453, -67.0198448836549, -22.2691865920199, 4.51323762531186, 8.57551033061272, -3.84881904775809, 1.62246930885274, 2.64303183786035, -0.609589540321959, 3.89672277174376, -99.0064430773284
47748.3600507357, -19.9294077578247, 133.541275024414, -20, 0.388935593083086, 520.226013183594, 28.6090698242188, -80.5977249145508, -66.1714949184102, -22.0570991007088, 4.65745711943741, 8.52516151917817, -3.91728338744183, 1.55248043671157, 2.63093954786098, -0.725125316906672, 3.98372894707729, -100.494988617773
47748.4200507357, -19.932051090864, 131.946441650391, -20, 0.404755581779218, 520.954650878906, 28.6090698242188, -80.5977172851563, -65.3231449531654, -22.0570991007088, 4.58958912221782, 8.45775013887627, -3.79295659003028, 1.7645679280567, 2.62027569595841, -0.499452281954622, 3.82565128682794, -97.5068113190716
47748.5000507357, -19.9346909553433, 130.351379394531, -20, 0.40183713832069, 527.5859375, 28.6090717315674, -80.5977172851563, -65.3231449531654, -21.8450116093976, 5.22585159625323, 8.3902106159132, -2.94996461088854, 1.58853531024296, 2.61606982272922, -0.754901243123951, 3.04494063029034, -104.359739007306
47748.5800507357, -19.9313572622704, 128.756317138672, -20, 0.3783283032771, 525.242919921875, 28.609073638916, -80.5977096557617, -64.4747949879207, -21.6329241180864, 4.52172112499826, 8.32048528116854, -3.52282310794014, 1.57156831093806, 2.61576777433042, -0.80501323001459, 3.61351796889103, -102.879289955289
47748.6600507357, -19.9267600473482, 127.560340881348, -20, 0.372147832800815, 522.158081054688, 28.6090755462646, -80.5977020263672, -63.626445022676, -21.4208366267752, 4.45385312777868, 8.26131598859484, -3.78979117698771, 1.50157943879688, 2.61658985439878, -0.901141542591478, 3.89530340431841, -103.384350287739
47748.7200507356, -19.9266617345685, 125.965927124023, -20, 0.388651231871652, 519.33203125, 28.6090774536133, -80.5976943969727, -62.7780950574312, -21.208749135464, 4.38598513055909, 8.17443937728118, -3.56220671288884, 1.53763431232827, 2.61803135363717, -0.863060254677518, 3.66513705962759, -103.627277318713
47748.8000507356, -19.9323433807475, 124.371269226074, -20, 0.411598754012693, 520.973449707031, 28.6090793609619, -80.5976867675781, -61.9297450921865, -20.9966616441528, 4.10602964199438, 8.08910796214359, -3.81053103497935, 1.52066731302337, 2.62279761959935, -0.914957627675568, 3.91868084749092, -103.510889360859
47748.8800507356, -19.9359614629447, 122.776313781738, -20, 0.404508755481074, 523.228149414063, 28.6090812683105, -80.5976791381836, -61.0813951269417, -20.7845741528416, 4.25024913611993, 8.00677398593184, -3.35756663686912, 1.50370031371848, 2.63186051647821, -0.97932076313844, 3.49731679740851, -106.26875201417
47748.9400507356, -19.9350868498307, 121.580093383789, -20, 0.38718284218191, 526.807373046875, 28.6090831756592, -80.5976715087891, -60.233045161697, -20.5724866615305, 4.18238113890036, 7.94736066961389, -3.74846412736858, 1.4337114415773, 2.64137212322369, -1.10259027507897, 3.90703898292289, -106.401070835827
47749.0200507356, -19.9271883976555, 119.985557556152, -20, 0.348777332627387, 521.431823730469, 28.6090850830078, -80.5976715087891, -60.233045161697, -20.3603991702193, 4.81864361293576, 7.86884841884241, -2.74993261302021, 1.46976631510869, 2.65586494783087, -1.09124481237716, 2.95838301849845, -111.650821241046
47749.1000507356, -19.9239353286819, 118.391525268555, -20, 0.374953058927854, 516.724975585938, 28.6090869903564, -80.5976638793945, -59.3846951964522, -20.1483116789081, 3.90242565033564, 7.78840151049371, -3.74145672697807, 1.45279931580379, 2.66836705602006, -1.11264982242477, 3.90316894967015, -106.571787920955
47749.1800507356, -19.9309660546731, 116.79727935791, -20, 0.414998835768082, 513.959167480469, 28.6090888977051, -80.59765625, -58.5363452312075, -19.9362241875969, 4.04664514446119, 7.705331993704, -3.24356177067073, 1.4358323164989, 2.6788455402759, -1.13140163377399, 3.43502472179875, -109.237877991665
47749.2400507356, -19.9419220311639, 115.60099029541, -20, 0.432225207392011, 522.109313964844, 28.6090908050537, -80.5976486206055, -57.6879952659628, -19.7241366962857, 3.97877714724162, 7.64408016173124, -3.62573983953884, 1.36584344435772, 2.68676758245355, -1.22631907529698, 3.82724964719852, -108.697150222655
47749.3200507356, -19.9458905036523, 114.005447387695, -20, 0.41181244762251, 525.391906738281, 28.6090927124023, -80.5976486206055, -57.6879952659628, -19.5120492049745, 4.61503962127702, 7.56589399692635, -2.64375466016942, 1.40189831788911, 2.69783920993664, -1.20119271709992, 2.90366638382754, -114.440800410523
47749.4000507355, -19.9402136330842, 112.41015625, -20, 0.369023457434298, 524.808532714844, 28.609094619751, -80.5976409912109, -56.839645300718, -19.2999617136633, 3.69882165867692, 7.48758138212619, -3.6513237103428, 1.38493131858422, 2.70527879734152, -1.20429659854348, 3.84454564029017, -108.264115064985
47749.4800507355, -19.9328390634205, 110.815490722656, -20, 0.360544799662917, 519.669372558594, 28.6090965270996, -80.5976333618164, -55.9912953354733, -19.0878742223522, 3.84304115280245, 7.40818122723547, -3.17846227762869, 1.36796431927932, 2.70843832788073, -1.19742038706546, 3.39631666138021, -110.651191497922
47749.5400507355, -19.9326745635457, 109.619682312012, -20, 0.387272134660588, 519.442504882813, 28.6090984344482, -80.5976257324219, -55.1429453702285, -18.875786731041, 3.77517315558289, 7.35090077414612, -3.55842606347465, 1.29797544713814, 2.70876595189792, -1.26222641788284, 3.77538905848731, -109.540498191509
47749.6200507355, -19.9370781257526, 108.025077819824, -20, 0.410818945158525, 519.60888671875, 28.6091003417969, -80.5976257324219, -55.1429453702285, -18.6636992397298, 4.41143562961828, 7.28078626336523, -2.6168137294998, 1.33403032066953, 2.7075161600461, -1.2059099290317, 2.88113199056371, -114.747698667712
47749.7000507355, -19.9386541767114, 106.430236816406, -20, 0.394859954663459, 523.265380859375, 28.6091022491455, -80.5976181030273, -54.2945954049838, -18.4516117484186, 3.49521766701816, 7.21390228890899, -3.66321848540824, 1.31706332136464, 2.70265424112876, -1.19445354523666, 3.85278397409944, -108.069708277769
47749.7800507355, -19.9336765561374, 104.835624694824, -20, 0.368773987492506, 521.536499023438, 28.6091041564941, -80.5976104736328, -53.4462454397391, -18.2395242571074, 3.63943716114372, 7.14362761737315, -3.20681109391919, 1.24707444922346, 2.68856018481431, -1.1934394823276, 3.4214686315162, -110.421564932898
47749.8400507355, -19.9311604901359, 103.639915466309, -20, 0.377100442601315, 517.023742675781, 28.6091041564941, -80.5976028442383, -52.5978954744943, -18.2395242571074, 3.57156916392414, 7.09451833944762, -3.56656704738244, 1.45916194056859, 2.67607529188375, -0.905539262257236, 3.67958454702397, -104.254436316278
47749.9200507355, -19.9322762791743, 102.045700073242, -20, 0.392190411398102, 514.604064941406, 28.6091060638428, -80.5976028442383, -52.5978954744943, -18.0274367657962, 4.20783163795954, 7.03748035379456, -2.67740490676263, 1.28312932275485, 2.65875586745161, -1.09204884161436, 2.89140095937438, -112.195441924967
47750.0000507354, -19.9386550848422, 100.451080322266, -20, 0.411881309220488, 518.691650390625, 28.6091079711914, -80.5975952148438, -51.7495455092496, -17.815349274485, 3.29161367535943, 6.98429160645966, -3.74486339481609, 1.26616232344995, 2.63654187636666, -1.05013950521863, 3.88911609275687, -105.674404280583
47750.0800507354, -19.941810933824, 98.8560104370117, -20, 0.400351427626182, 521.046203613281, 28.60910987854, -80.5975875854492, -50.9011955440048, -17.6032617831739, 3.43583316948499, 6.93074420993785, -3.37308171243499, 1.19617345130877, 2.61002118267337, -1.07113212797323, 3.53888096108885, -107.625987769357
47750.1400507354, -19.9396641893227, 97.6597518920898, -20, 0.37968867269351, 524.310974121094, 28.6091117858887, -80.5975875854492, -50.9011955440048, -17.3911742918627, 4.07209564352039, 6.89243498437457, -2.81400671792207, 1.23222832484017, 2.58960003901955, -0.998869096539962, 2.98589532662528, -109.549342565899
47750.2200507354, -19.9306296159208, 96.0652160644531, -20, 0.340099343055268, 516.442260742188, 28.6091136932373, -80.5975799560547, -50.0528455787601, -17.1790868005515, 3.3679651722654, 6.8500175697312, -3.58003660966798, 1.21526132553527, 2.56006661455578, -0.967575983637533, 3.70832127815755, -105.132693139118
47750.3000507354, -19.9260612278267, 94.4712753295898, -20, 0.366702902604167, 513.253845214844, 28.6091156005859, -80.5975723266602, -49.2044956135153, -16.9669993092403, 3.08800968370069, 6.80993121536642, -3.88834006002502, 1.19829432623038, 2.52795348119455, -0.931116533359627, 3.99810392729032, -103.476072662165
47750.3800507354, -19.9330812145281, 92.8770141601563, -20, 0.411646629627786, 512.511657714844, 28.6091175079346, -80.5975646972656, -48.3561456482706, -16.7549118179291, 3.23222917782625, 6.77430654738089, -3.61905328978465, 1.12830545408919, 2.4928133400288, -0.951324058301228, 3.74183915217943, -104.736614865563
47750.4400507354, -19.9401420276359, 91.6808319091797, -20, 0.41332550003908, 520.073974609375, 28.6091194152832, -80.5975646972656, -48.3561456482706, -16.5428243266179, 3.86849165186165, 6.75282359236458, -3.02719075773889, 1.16436032762059, 2.46406095411094, -0.850362366898588, 3.14425301927372, -105.696876655514
47750.5200507354, -19.9409766094348, 90.0856094360352, -20, 0.391051935154025, 520.018188476563, 28.6091194152832, -80.5975570678711, -47.5077956830259, -16.5428243266179, 3.16436118060667, 6.72909314275133, -3.82966635979852, 1.32342594612944, 2.42440335792264, -0.602867178956046, 3.8767579040553, -98.9524963025336
47750.6000507353, -19.9357200941558, 88.4906616210938, -20, 0.365595845416542, 517.055969238281, 28.6091213226318, -80.5975494384766, -46.6594457177811, -16.3307368353067, 2.88440569204194, 6.70204749919372, -4.11134833266551, 1.14739332831568, 2.38217930105404, -0.745176825762988, 4.17821974231742, -100.281612079889
47750.6800507353, -19.9330484688588, 86.8960037231445, -20, 0.374353470401618, 514.902160644531, 28.6091232299805, -80.5975494384766, -46.6594457177811, -16.1186493439956, 3.73275565742249, 6.67341691788603, -2.97727258698758, 1.07740445617452, 2.33443027339654, -0.731432978873528, 3.06572416271704, -103.808241101815
47750.7400507353, -19.9339718232837, 85.7000122070313, -20, 0.387801370260284, 512.498718261719, 28.6091251373291, -80.597541809082, -45.8110957525364, -15.9065618526844, 3.02862518616751, 6.65670521223078, -3.96604559041581, 1.1134593297059, 2.29931142210865, -0.653665214899304, 4.01946677832094, -99.3662319589889
47750.8200507353, -19.9419832943452, 84.1048431396484, -20, 0.426224964129029, 517.753234863281, 28.6091270446777, -80.597541809082, -45.8110957525364, -15.6944743613732, 3.66488766020291, 6.63044585752368, -3.10178447458201, 1.096492330401, 2.25189924960646, -0.613652551709465, 3.16184573152659, -101.195925827011
47750.9000507353, -19.9458764015311, 82.5091781616211, -20, 0.401523543166857, 527.440063476563, 28.6091270446777, -80.5975341796875, -44.9627457872916, -15.6944743613732, 2.74866969760278, 6.59587896756984, -4.10053701481248, 1.25555794890986, 2.20221057942812, -0.346830994815299, 4.11515371543319, -94.8387561689629
47750.9800507353, -19.9369495953305, 80.913818359375, -20, 0.350964964791188, 524.080505371094, 28.6091289520264, -80.597526550293, -44.1143958220469, -15.482386870062, 2.89288919172835, 6.55719478944623, -3.75566108486908, 1.02650345825983, 2.15368600103521, -0.573099323949963, 3.79907389806202, -98.6821626005823
47751.0400507353, -19.9276472592091, 79.7179641723633, -20, 0.346941732594321, 515.650207519531, 28.609130859375, -80.5975189208984, -43.2660458568022, -15.2702993787508, 2.82502119450877, 6.52858876126293, -3.97803487165438, 1.06255833179121, 2.11842207705996, -0.499445383385271, 4.00921515794569, -97.1616892313276
47751.1200507353, -19.9250076858133, 78.1239013671875, -20, 0.367742755782668, 508.040344238281, 28.6091327667236, -80.5975189208984, -43.2660458568022, -15.0582118874396, 3.46128366854417, 6.49614858070439, -3.14926343525213, 1.04559133248632, 2.07671816219913, -0.510445864484419, 3.19032172653193, -99.2111125895797
47751.2000507353, -19.9325416069774, 76.5295181274414, -20, 0.41080647385274, 511.49658203125, 28.6091346740723, -80.5975112915039, -42.4176958915574, -14.8461243961285, 2.54506570594405, 6.46615792447608, -4.23424450915231, 1.02862433318142, 2.04245263634235, -0.546286612803849, 4.26927536497498, -97.3579929687136
47751.2800507352, -19.9418091105231, 74.934196472168, -20, 0.41939152011313, 516.877624511719, 28.6091346740723, -80.5975036621094, -41.5693459263127, -14.8461243961285, 2.68928520006961, 6.42682402746887, -3.84781391470229, 1.18768995169028, 2.00957408566434, -0.327013430929188, 3.86166400558163, -94.8613222079117
47751.3400507352, -19.9450192962135, 73.7373886108398, -20, 0.397259201759624, 524.078735351563, 28.6091365814209, -80.5975036621094, -41.5693459263127, -14.6340369048173, 3.32554767410501, 6.39636233770042, -3.2150778667033, 1.01165733387653, 1.99169111641769, -0.585140467108443, 3.26783653377281, -100.319989563039
47751.4200507352, -19.9361705757938, 72.1420059204102, -20, 0.338573734935651, 519.172790527344, 28.6091384887695, -80.5974960327148, -40.7209959610679, -14.4219494135061, 2.62141720285004, 6.3598930681746, -3.97420524128258, 0.994690334571637, 1.97317465584592, -0.624020139229825, 4.02282037013179, -98.9304563047566
47751.5000507352, -19.9261351715942, 70.5474624633789, -19.0139901427776, 0.592826764657133, 533.260314941406, 28.6091384887695, -80.5974960327148, -40.7209959610679, -14.4219494135061, 3.25767967688543, 6.3158905602357, -3.10383454351256, 1.15375595308049, 1.9544577063475, -0.409817952073416, 3.13074676460588, -97.5251731270113
47751.5800507352, -19.9237972132325, 68.9533538818359, -18.0130480803566, 0.878986209099228, 569.369995117188, 28.6091403961182, -80.5974884033203, -39.8726459958232, -14.2098619221949, 2.55354920563045, 6.26965317081444, -3.76318081939983, 0.924701462430457, 1.94214735580234, -0.718774369070985, 3.8311125478432, -100.82067450347
47751.6400507352, -19.874094692218, 67.759635925293, -17.2701605274305, 0.820349008315302, 628.569946289063, 28.6091423034668, -80.5974807739258, -39.0242960305785, -13.9977744308837, 2.48568120841088, 6.22747937736853, -3.94307774585448, 0.960756335961846, 1.93004495953191, -0.632870884862671, 3.9934640533698, -99.1252034175239
47751.7200507352, -19.7330114258563, 66.1759490966797, -16.3022256163064, 0.760235418913183, 661.293273925781, 28.6091442108154, -80.5974807739258, -39.0242960305785, -13.7856869395725, 3.12194368244628, 6.15959911032974, -2.90773802892988, 0.943789336656952, 1.91394407140887, -0.634953643850154, 2.97619898382969, -102.323019251224
47751.8000507352, -19.5261516947955, 64.6070938110352, -15.3766952818107, 0.709839152760145, 676.815795898438, 28.6091442108154, -80.5974731445313, -38.1759460653337, -13.7856869395725, 2.20572571984615, 6.09137405359348, -3.92585211190165, 1.1028549551658, 1.90926344068879, -0.524755202099612, 3.96071354066934, -97.6191876381526
47751.8800507351, -19.3483104778494, 63.056568145752, -14.4752874219908, 1, 692.959655761719, 28.6091461181641, -80.5974731445313, -38.1759460653337, -13.5735994482613, 3.0540756852267, 6.00981642960414, -2.50784813468404, 0.873800464515772, 1.90454055095045, -0.794460772625602, 2.63060203353962, -107.58241125962
47751.9400507351, -19.0965137864811, 61.9066390991211, -13.8248273720352, 0.523402005499192, 719.195434570313, 28.6091480255127, -80.5974655151367, -37.327596100089, -13.3615119569502, 2.34994521397172, 5.94514330930707, -3.60860095202756, 0.909855338047161, 1.90269457563643, -0.766537377453765, 3.68901114723186, -101.99984343783
47752.0200507351, -18.7869172627115, 60.3940048217773, -12.9466498105812, 0.786904827446003, 705.032836914063, 28.6091480255127, -80.5974578857422, -36.4792461348442, -13.3615119569502, 2.28207721675214, 5.85109894951149, -3.35976023804808, 1.06892095655601, 1.90067357551787, -0.577201089447423, 3.40892475782827, -99.7534759167579
47752.1000507351, -18.5015631775044, 58.9051551818848, -12.0954653241852, 1, 734.121459960938, 28.6091499328613, -80.5974578857422, -36.4792461348442, -13.149424465639, 2.91833969078754, 5.75049960391104, -2.42862938887072, 0.892888338742266, 1.90107745225509, -0.80791801062047, 2.55941033169016, -108.405007345645
47752.1800507351, -18.276569971032, 57.4399375915527, -11.2505110624004, 1, 761.816223144531, 28.60915184021, -80.5974502563477, -35.6308961695995, -12.9373369743278, 2.21420921953255, 5.65087121120439, -2.91430504522163, 0.822899466601088, 1.9058057595919, -0.930878180530481, 3.05924184259398, -107.720790647933
47752.2400507351, -17.922845885349, 56.3589630126953, -10.6633736264907, 0.155235850038022, 755.54248046875, 28.6091537475586, -80.5974502563477, -35.6308961695995, -12.7252494830166, 2.85047169356796, 5.56958665442362, -2.4420736514832, 0.858954340132477, 1.91212958698802, -0.923608799255706, 2.6107968695907, -110.721877347677
47752.3200507351, -17.5340990403512, 54.9447212219238, -9.86064826180715, 0.600244042791552, 692.3017578125, 28.6091537475586, -80.5974426269531, -34.7825462043547, -12.7252494830166, 2.14634122231298, 5.45709591102666, -2.92064352900444, 1.01801995864133, 1.92154931323285, -0.752166224898614, 3.01586182340164, -104.447411201564
47752.4000507351, -17.2436829344966, 53.5570449829102, -9.06499832894864, 1, 710.411987304688, 28.6091556549072, -80.5974426269531, -34.7825462043547, -12.5131619917054, 2.78260369634838, 5.35434878430859, -2.10896652927372, 0.841987340827585, 1.93258842843385, -0.989670202559546, 2.32953741010724, -115.143036372535
47752.480050735, -17.0465826166285, 52.1909484863281, -8.24452210977097, 1, 742.721496582031, 28.6091575622559, -80.5974349975586, -33.93419623911, -12.3010745003942, 2.0784732250934, 5.25110229242869, -2.57006941350847, 0.771998468686402, 1.94263970064561, -1.07924606634796, 2.78733699707766, -112.784586474439
47752.540050735, -16.7244148699092, 51.1825218200684, -7.66942345916255, 0.680074093060186, 762.568176269531, 28.6091575622559, -80.5974273681641, -33.0858462738653, -12.3010745003942, 2.01060522787382, 5.16757556198487, -2.95981895044168, 0.984085960031538, 1.94957160828078, -0.827573192047411, 3.07323872604651, -105.627225970774
47752.620050735, -16.3504732834512, 49.8634338378906, -6.89231620768382, 1, 764.797973632813, 28.6091594696045, -80.5974273681641, -33.0858462738653, -12.088987009083, 2.64686770190922, 5.05276215328529, -1.82580251976463, 0.808053342217794, 1.9569278146049, -1.03441135166752, 2.09838020163149, -119.53661611826
47752.700050735, -15.9827736967931, 48.5739974975586, -6.15468187694658, 1, 793.852844238281, 28.6091613769531, -80.5974197387695, -32.2374963086205, -11.8768995177719, 1.7306497393091, 4.94952977686319, -2.89081806930298, 0.791086342912898, 1.96415035777691, -1.06337478021061, 3.08003820464199, -110.202636824094
47752.780050735, -15.678611473252, 47.3160934448242, -5.44396417981881, 1, 807.894226074219, 28.6091613769531, -80.5974197387695, -32.2374963086205, -11.8768995177719, 2.57899970468964, 4.84289544297721, -1.45409473188503, 0.950151961421749, 1.9655995825722, -0.831747578018749, 1.6751259619943, -119.771500122499
47752.840050735, -15.2413280058208, 46.3953018188477, -4.96433946975505, 0.413660762114005, 795.651672363281, 28.6091632843018, -80.597412109375, -31.3891463433758, -11.6648120264607, 1.87486923343467, 4.76890916861321, -2.7240292813137, 0.774119343608004, 1.96761833036644, -1.05544360811948, 2.92120818683268, -111.185377546047
47752.920050735, -14.7886304241051, 45.1993026733398, -4.28740346513505, 1, 772.979614257813, 28.6091651916504, -80.597412109375, -31.3891463433758, -11.4527245351495, 2.51113170747006, 4.67597730449895, -1.70863602886174, 0.757152344303108, 1.96529805812153, -1.0363966773772, 1.99830846410166, -121.241862178253
47753.000050735, -14.3992188687357, 44.036247253418, -3.63514739215839, 1, 797.769897460938, 28.6091651916504, -80.5974044799805, -30.540796378131, -11.4527245351495, 1.59491374486994, 4.58833885176096, -2.74502676610983, 0.916217962811959, 1.95702535161571, -0.791780076306488, 2.85685279527218, -106.095117221992
47753.0800507349, -14.0854601728982, 42.9057731628418, -2.99764761343331, 1, 809.070434570313, 28.609167098999, -80.5974044799805, -30.540796378131, -11.2406370438383, 2.44326371025048, 4.50831820093172, -1.48930294657194, 0.687163472161929, 1.9450595700674, -1.02559478128353, 1.80821210423527, -124.554468692292
47753.1400507349, -13.638047940812, 42.0810890197754, -2.5734820403373, 0.562274012025882, 804.040161132813, 28.6091690063477, -80.5973968505859, -29.6924464128863, -11.0285495525271, 1.7391332389955, 4.45584634628315, -2.68013425547828, 0.72321834569332, 1.93501392175444, -0.960288110896964, 2.84685794933866, -109.718310566233
47753.2200507349, -13.1739897732116, 41.0138053894043, -1.96961074824765, 1, 785.268920898438, 28.6091690063477, -80.5973968505859, -29.6924464128863, -11.0285495525271, 2.3753957130309, 4.39163147130887, -1.75310177281617, 0.88228396420217, 1.91986361630443, -0.738888258120226, 1.90240671165524, -112.856829583756
47753.3000507349, -12.7581519617379, 39.9811782836914, -1.39996176908893, 1, 809.192260742188, 28.6091709136963, -80.5973968505859, -29.6924464128863, -10.8164620612159, 2.3753957130309, 4.3336528201846, -1.73186567603503, 0.706251346388423, 1.90351471751173, -0.922477081570656, 1.96215786891596, -118.044559605854
47753.3800507349, -12.4283244476111, 39.2291107177734, -2.58563772609027, 1, 817.250549316406, 28.6091728210449, -80.5973892211914, -28.8440964476416, -10.6043745699047, 1.67126524177592, 4.27962292156807, -2.40809227505865, 0.636262474247245, 1.88088889914616, -0.933231550437064, 2.58250201355528, -111.188161872219
47753.4400507349, -11.9632603292676, 38.2583885192871, 0, 0.701384271209074, 801.234558105469, 28.6091728210449, -80.5973892211914, -28.8440964476416, -10.6043745699047, 2.30752771581132, 4.23811190330288, -1.82527490086076, 0.84834996559238, 1.85929959434632, -0.607226554576168, 1.92359762086433, -108.403667369579
47753.5200507349, -11.4964187120247, 37.3253135681152, 0, 1, 794.493408203125, 28.6091747283936, -80.5973815917969, -27.9957464823968, -10.3922870785936, 1.60339724455634, 4.19047305520418, -2.56917578553778, 0.672317347778634, 1.82962227216486, -0.777091884910763, 2.68405127091961, -106.833688950201
47753.6000507349, -11.0658180299771, 36.4274253845215, 0, 1, 811.743530273438, 28.6091766357422, -80.5973815917969, -27.9957464823968, -10.1801995872824, 2.23965971859174, 4.15418247270873, -1.75764636713791, 0.65535034847374, 1.7987568376713, -0.752417645533313, 1.91187747089309, -113.177575146788
47753.6800507349, -10.7266287996739, 35.7771873474121, 0, 1, 821.218322753906, 28.6091766357422, -80.5973739624023, -27.1473965171521, -10.1801995872824, 1.53552924733676, 4.12780699954282, -2.73811596328279, 0.81441596698259, 1.76504393304212, -0.500487894119888, 2.78344686353444, -100.362216491472
47753.7400507348, -10.2538110682527, 34.9428100585938, 0, 0.230125542779015, 772.767150878906, 28.6091785430908, -80.5973739624023, -27.1473965171521, -9.96811209597119, 2.17179172137217, 4.10996977905446, -2.01878376739207, 0.638383349168844, 1.73813229653934, -0.663823340749775, 2.12508045854631, -108.205212737403
47753.8200507348, -9.79702684207594, 34.1462631225586, 0, 0.806265402643627, 726.713012695313, 28.6091785430908, -80.5973739624023, -27.1473965171521, -9.96811209597119, 2.17179172137217, 4.08925318559835, -1.97386252715433, 0.797448967677695, 1.69930017803158, -0.404943013514053, 2.01495589114869, -101.595653783987
47753.9000507348, -9.45603579007907, 33.3799057006836, 0, 1, 750.006652832031, 28.6091804504395, -80.5973663330078, -26.2990465519073, -9.75602460466001, 1.25557375877205, 4.07763985740522, -3.10032249709736, 0.621416349863949, 1.66138913321072, -0.578428931984963, 3.15376806395617, -100.573069883012
47753.9800507348, -9.19706227376257, 32.8228988647461, 0, 1, 775.740966796875, 28.6091823577881, -80.5973663330078, -26.2990465519073, -9.54393711334882, 2.10392372415259, 4.06655924286705, -2.10360458250997, 0.551427477722771, 1.62838277664639, -0.660454676846028, 2.20480307604444, -107.433692134261
47754.0400507348, -8.80547297298227, 32.1064682006836, 0, 0.269838157945394, 739.0263671875, 28.6091823577881, -80.5973587036133, -25.4506965866626, -9.54393711334882, 1.39979325289761, 4.05694018752571, -2.95010569313166, 0.763514969067906, 1.58188498796568, -0.13321315021684, 2.95310915125244, -92.5865953914957
47754.1200507348, -8.40498480917741, 31.4227313995361, 0, 0.659451945931751, 692.760681152344, 28.6091842651367, -80.5973587036133, -25.4506965866626, -9.33184962203764, 2.03605572693301, 4.05578464298198, -2.25029618496151, 0.587482351254161, 1.54235811046495, -0.46631024477834, 2.2980788383016, -101.710035498419
47754.2000507348, -8.1101694120654, 30.7653350830078, 0, 1, 712.853576660156, 28.6091842651367, -80.5973510742188, -24.6023466214178, -9.33184962203764, 1.11983776433289, 4.05169957009694, -3.31443062492531, 0.746547969763011, 1.50214824759096, -0.222661757040773, 3.32189303122011, -93.8454546832947
47754.2800507348, -7.8975755835411, 30.287130355835, 0, 1, 746.481018066406, 28.6091861724854, -80.5973510742188, -24.6023466214178, -9.11976213072645, 1.96818772971343, 4.04723614311512, -2.30009281930874, 0.517493479112981, 1.46919838100067, -0.513198641970301, 2.35662010675198, -102.580970980925
47754.3400507347, -7.55521794209541, 29.6719970703125, 0, 0.199681931844066, 713.176696777344, 28.6091861724854, -80.5973510742188, -24.6023466214178, -9.11976213072645, 1.96818772971343, 4.04107693468966, -2.28164171973263, 0.729580970458116, 1.42261086045772, 0.0155467603987468, 2.28169465775039, -89.6094981020774
47754.4200507347, -7.19376958755774, 29.0861587524414, 0, 0.494451799324485, 654.550476074219, 28.609188079834, -80.5973434448242, -23.7539966561731, -8.90767463941526, 1.26405725845845, 4.03631669604981, -3.13359607981427, 0.55354835264437, 1.38098892232961, -0.300118677172939, 3.14792086744506, -95.4734762471768
47754.5000507347, -6.94548217825259, 28.5234222412109, 0, 0.884515420396645, 662.545471191406, 28.609188079834, -80.5973434448242, -23.7539966561731, -8.90767463941526, 1.90031973249385, 4.02050703663483, -2.2299868276855, 0.712613971153221, 1.34217420300986, -0.0842200610300564, 2.23157583076039, -92.1634104318506
47754.5800507347, -6.78449130158042, 28.1130065917969, 0, 1, 698.754638671875, 28.6091899871826, -80.5973358154297, -22.9056466909284, -8.69558714810408, 1.19618926123887, 4.00899123468458, -3.13510275196406, 0.483559480503193, 1.3141019136485, -0.336284529322463, 3.15306892795605, -96.1253794077764
47754.6400507347, -6.51797279121395, 27.5829677581787, 0, 0.316454564128355, 686.366027832031, 28.6091899871826, -80.5973358154297, -22.9056466909284, -8.69558714810408, 1.83245173527427, 3.98796867837393, -2.27678447138857, 0.695646971848326, 1.27540260222807, -0.0262822284668227, 2.2769360819024, -90.6615427059528
47754.7200507347, -6.17119977466565, 27.0779037475586, 0, 0.286639848867364, 622.947509765625, 28.6091918945313, -80.5973358154297, -22.9056466909284, -8.48349965679289, 1.83245173527427, 3.92789149282663, -1.9134584812158, 0.51961435403458, 1.23145756695408, -0.146013873176868, 1.91901940683216, -94.364523226594
47754.8000507347, -5.44751854255527, 26.6179065704346, 0, 0.01, 553.166015625, 28.6091918945313, -80.5973281860352, -22.0572967256836, -8.48349965679289, 0.916233772674154, 3.21216062220321, 4.5513092680057, 0.678679972543431, 1.01114408238489, 1.63173844915474, 4.834395878664, 70.2595020426021
47754.8800507347, -4.44298087605888, 26.3302230834961, 0, 0.01, 499.962890625, 28.6091938018799, -80.5973281860352, -22.0572967256836, -8.27141216548171, 1.76458373805469, 2.58342917061334, 3.8813290723231, 0.449625481893402, 0.89385386896165, 1.01790577933713, 4.01238857748519, 75.2947032918322
47754.9400507347, -2.51436020133787, 26.0686988830566, 0, 0.01, 444.262176513672, 28.6091938018799, -80.5973281860352, -22.0572967256836, -8.27141216548171, 1.76458373805469, 2.97550155685874, -4.24615531041625, 0.661712973238537, 1.12675719372928, -1.92712232660323, 4.66227770497768, -114.426654713164
47755.0200507346, -0.343879568547337, 25.9786720275879, 0, 0.01, 404.629486083984, 28.6091938018799, -80.5973205566406, -21.2089467604389, -8.27141216548171, 1.06045326679971, 2.70405679015747, 0.209685609197445, 0.661712973238537, 0.905518271345798, 1.74423619019712, 1.75679092623355, 6.85602355840039
