TIME, VerticalSpeed, RadarAltitude, TargetVerticalSpeed, TargetThrottle, EngineResponse(kn), Latitude, Longitude, XError, YError, TargetXSpeed, CurrentXSpeed, TargetXPitch, TargetYSpeed, CurrentYSpeed, TargetYPitch, TotalTargetPitch, TotalTargetHeading
47726.1888678748, -0.429413616224508, 547.465148925781, -20, 0.01, 315.314147949219, 28.6083583831787, -80.5997543334961, -291.832585673511, -101.165733359781, 15, -0.0667207573180394, 15, 8.09325866878247, -0.312569899346737, 10.0869942817551, 18.0113146616328, 55.9137274137033
47726.2688678748, -0.773093969002019, 547.41357421875, -20, 0.01, 315.479461669922, 28.6083583831787, -80.5997543334961, -291.832585673511, -101.165733359781, 15, -0.0667250009617937, 15, 8.09325866878247, -0.313667771244306, 10.1032713084162, 18.0202252996098, 55.8712801693779
47726.3488678748, -1.11660903816744, 547.334533691406, -20, 0.01, 314.654449462891, 28.6083583831787, -80.5997543334961, -291.832585673511, -101.165733359781, 15, -0.0669180501260423, 15, 8.09325866878247, -0.314879381432881, 10.1123047882642, 18.0251748501466, 55.8477419551846
47726.4288678748, -1.37414461926851, 547.227966308594, -20, 0.01, 314.830535888672, 28.6083564758301, -80.5997543334961, -291.832585673511, -101.377820851092, 15, -0.0706308574939404, 15, 8.32231315943251, -0.318443566768607, 10.4160041184335, 18.1933413358496, 55.0643958411503
47726.4888678748, -1.71813508786586, 547.130126953125, -20, 0.01, 315.190979003906, 28.6083564758301, -80.5997543334961, -291.832585673511, -101.377820851092, 15, -0.0845908633978726, 15, 8.11022566808737, -0.328607662504335, 10.253668911051, 18.103027216036, 55.4811865444374
47726.5688678748, -2.06282704906504, 546.975402832031, -20, 0.01, 315.118957519531, 28.6083564758301, -80.5997543334961, -291.832585673511, -101.377820851092, 15, -0.115085784620708, 15, 8.11022566808737, -0.349997931165746, 10.3448914699358, 18.1536590684524, 55.2464316341526
47726.6488678747, -2.40862411681407, 546.793090820313, -20, 0.01, 314.378173828125, 28.6083564758301, -80.5997543334961, -291.832585673511, -101.377820851092, 15, -0.152754245181542, 15, 8.11022566808737, -0.375963626182116, 10.4171549530574, 18.1939850450437, 55.0614568671252
47726.7288678747, -2.66816098136957, 546.583068847656, -20, 0.01, 314.201538085938, 28.6083564758301, -80.5997543334961, -291.832585673511, -101.377820851092, 15, -0.193791567930281, 15, 8.11022566808737, -0.403916167989474, 10.4724106676288, 18.2249486095342, 54.920606584602
47726.7888678747, -3.01488644006257, 546.407409667969, -20, 0.01, 314.235687255859, 28.6083564758301, -80.5997543334961, -291.832585673511, -101.377820851092, 15, -0.225537133081654, 15, 8.11022566808737, -0.425345509652039, 10.5078965734009, 18.2448922780527, 54.830419584761
47726.8688678747, -3.36172148928482, 546.148864746094, -20, 0.01, 315.196960449219, 28.6083564758301, -80.5997543334961, -291.832585673511, -101.377820851092, 15, -0.268302543097167, 15, 8.11022566808737, -0.453967626042902, 10.5494669240101, 18.2683134467158, 54.7250360444023
47726.9488678747, -3.7080395190677, 545.862487792969, -20, 0.01, 314.327301025391, 28.6083564758301, -80.5997543334961, -291.832585673511, -101.377820851092, 15, -0.310943966266406, 15, 8.11022566808737, -0.482235323696934, 10.5876039894605, 18.2898550560263, 54.6286091515232
47727.0288678747, -3.96748629391794, 545.548400878906, -20, 0.01, 315.048858642578, 28.6083545684814, -80.5997543334961, -291.832585673511, -101.589908342403, 15, -0.352969375661756, 15, 8.33928015873739, -0.509835356586343, 10.8976612243835, 18.4669125204956, 53.8535969582128
47727.0888678747, -4.31403109423528, 545.294677734375, -20, 0.01, 314.8212890625, 28.6083545684814, -80.5997543334961, -291.832585673511, -101.589908342403, 15, -0.38390271704124, 15, 8.12719266739226, -0.529982321482153, 10.6669962999235, 18.3348669236276, 54.4286465835257
47727.1688678747, -4.66060125810033, 544.931884765625, -20, 0.01, 314.426025390625, 28.6083545684814, -80.5997543334961, -291.832585673511, -101.589908342403, 15, -0.424192063814362, 15, 8.12719266739226, -0.556001556912582, 10.6988405545874, 18.352984421476, 54.3487354109458
47727.2488678747, -5.00673388224642, 544.541320800781, -20, 0.01, 314.07568359375, 28.6083545684814, -80.5997543334961, -291.832585673511, -101.589908342403, 15, -0.463145665779937, 15, 8.12719266739226, -0.580909303063991, 10.7273601619504, 18.3692409927872, 54.277309788646
47727.3288678746, -5.26598637218366, 544.19091796875, -20, 0.01, 314.794311523438, 28.6083545684814, -80.5997543334961, -291.832585673511, -101.589908342403, 15, -0.500629455166087, 15, 8.12719266739226, -0.604629535736561, 10.7539035478261, 18.3843970000811, 54.2109543910509
47727.3888678746, -5.61166517148972, 543.620544433594, -20, 0.01, 314.523132324219, 28.6083545684814, -80.5997543334961, -291.832585673511, -101.589908342403, 15, -0.527658143526451, 15, 8.12719266739226, -0.621570351909298, 10.7709882017259, 18.3941653500655, 54.1683063319619
47727.4688678746, -5.9569973776306, 543.464538574219, -20, 0.01, 314.070220947266, 28.6083526611328, -80.5997543334961, -291.832585673511, -101.801995833714, 15, -0.562040881298802, 15, 8.303225285206, -0.642905931617213, 11.0055956298047, 18.529340311769, 53.5875238893187
47727.5488678746, -6.30216733286322, 542.894287109375, -20, 0.01, 314.089599609375, 28.6083526611328, -80.5997543334961, -291.832585673511, -101.801995833714, 15, -0.594389887708724, 15, 8.14415966669716, -0.662733489205991, 10.8342453053289, 18.4304229297174, 54.0108184304692
47727.6288678746, -6.56082699770272, 542.323791503906, -20, 0.01, 314.131500244141, 28.6083526611328, -80.5997619628906, -292.680935638756, -101.801995833714, 15, -0.62452594736896, 15, 8.14415966669716, -0.680955873218621, 10.8511334567518, 18.4401266350855, 53.9688844606345
47727.6888678746, -6.9055937178335, 541.717346191406, -20, 0.01, 315.003997802734, 28.6083526611328, -80.5997619628906, -292.680935638756, -101.801995833714, 15, -0.645553898607671, 15, 8.14415966669716, -0.693503816727085, 10.8603051420393, 18.4454007515716, 53.9461304723966
47727.7688678746, -7.24993653408288, 541.146850585938, -20, 0.01, 314.326873779297, 28.6083526611328, -80.5997619628906, -292.680935638756, -101.801995833714, 15, -0.671386998780614, 15, 8.14415966669716, -0.708687735532954, 10.8740080784845, 18.4532860207433, 53.912160723045
47727.8488678746, -7.5940673149927, 540.990966796875, -20, 0.01, 314.778839111328, 28.6083526611328, -80.5997619628906, -292.680935638756, -101.801995833714, 15, -0.694479594873076, 15, 8.14415966669716, -0.721988624784606, 10.8829393425596, 18.4584289960049, 53.890036639251
47727.9288678745, -7.85168713321757, 540.384216308594, -20, 0.01, 315.0361328125, 28.6083507537842, -80.5997619628906, -292.680935638756, -102.014083325026, 15, -0.714651992714694, 15, 8.37321415734718, -0.733315391192104, 11.1638761533328, 18.6216141845566, 53.2007868290508
47727.9888678745, -8.19462854405239, 539.694152832031, -20, 0.01, 314.305694580078, 28.6083507537842, -80.5997619628906, -292.680935638756, -102.014083325026, 15, -0.727752805841926, 15, 8.16112666600205, -0.740458322050761, 10.9097621922692, 18.4738913993987, 53.8236712550343
47728.0688678745, -8.53761261015583, 539.087585449219, -20, 0.01, 314.872802734375, 28.6083507537842, -80.5997619628906, -292.680935638756, -102.014083325026, 15, -0.742361541761076, 15, 8.16112666600205, -0.748103289920088, 10.9119714881071, 18.4751660972017, 53.8182102622031
47728.1488678745, -8.88045853340503, 538.480895996094, -20, 0.01, 314.101257324219, 28.6083507537842, -80.5997619628906, -292.680935638756, -102.014083325026, 15, -0.75344012702146, 15, 8.16112666600205, -0.753531733564992, 10.9089934155137, 18.4734478780362, 53.8255717247638
47728.2288678745, -9.13709429640751, 537.790710449219, -20, 0.01, 315.126434326172, 28.6083507537842, -80.5997619628906, -292.680935638756, -102.014083325026, 15, -0.758497379036685, 15, 8.16112666600205, -0.757334339838237, 10.9084975315557, 18.4731618044461, 53.8267976359942
47728.2888678745, -9.47966193993997, 536.769653320313, -20, 0.01, 315.252288818359, 28.6083507537842, -80.5997619628906, -292.680935638756, -102.014083325026, 15, -0.755809903044192, 15, 8.16112666600205, -0.759796662568637, 10.9129085530825, 18.4757068071137, 53.8158942436954
47728.3688678745, -9.82199906483935, 536.043273925781, -20, 0.01, 314.539154052734, 28.6083488464355, -80.5997619628906, -292.680935638756, -102.226170816337, 15, -0.742173351107465, 15, 8.3371592838158, -0.762920361390712, 11.1339807106219, 18.6041201429333, 53.2735194062715
47728.4488678745, -10.1644078634959, 535.4365234375, -20, 0.01, 314.885894775391, 28.6083488464355, -80.5997619628906, -292.680935638756, -102.226170816337, 15, -0.716958944298917, 15, 8.17809366530695, -0.765839203861499, 10.9522233030355, 18.4984199364724, 53.7188551398331
47728.5288678744, -10.4220575186853, 534.746459960938, -20, 0.01, 314.465942382813, 28.6083488464355, -80.5997619628906, -292.680935638756, -102.226170816337, 15, -0.691641812035884, 15, 8.17809366530695, -0.767500636881347, 10.9519429272163, 18.4982577660448, 53.7195462827784
47728.5888678744, -10.7657701104106, 534.1396484375, -20, 0.01, 314.272583007813, 28.6083488464355, -80.5997619628906, -292.680935638756, -102.226170816337, 15, -0.649078837394385, 15, 8.17809366530695, -0.769013402155071, 10.9617934148732, 18.503956960917, 53.6952719796495
47728.6688678744, -11.1110641109063, 532.998901367188, -20, 0.01, 315.131286621094, 28.6083488464355, -80.5997619628906, -292.680935638756, -102.226170816337, 15, -0.590509170151053, 15, 8.17809366530695, -0.771669614423965, 10.9769346194988, 18.5127237659891, 53.6579909190894
47728.7488678744, -11.4585284710217, 532.272399902344, -20, 0.01, 314.2958984375, 28.6083488464355, -80.5997619628906, -292.680935638756, -102.226170816337, 15, -0.513399718051271, 15, 8.17809366530695, -0.776344066161742, 11.0048443077872, 18.5289043618302, 53.5893694008979
47728.8288678744, -11.7207579399465, 531.131774902344, -20, 0.01, 314.45361328125, 28.6083488464355, -80.5997619628906, -292.680935638756, -102.226170816337, 15, -0.447868447287307, 15, 8.17809366530695, -0.77969545545255, 11.0061092378777, 18.5296383408868, 53.5862623401076
47728.8888678744, -12.0723018368943, 530.405334472656, -20, 0.01, 315.037445068359, 28.6083488464355, -80.5997619628906, -292.680935638756, -102.226170816337, 15, -0.353412582963409, 15, 8.17809366530695, -0.782678504735274, 11.0197604334651, 18.5375629986096, 53.5527474293071
47728.9688678744, -12.4250393481286, 529.264526367188, -20, 0.01, 315.409515380859, 28.6083469390869, -80.5997619628906, -292.680935638756, -102.438258307648, 15, -0.251660900933881, 15, 8.35412628312068, -0.779757945646148, 11.1830673253125, 18.6328603968281, 53.1541732654086
47729.0488678744, -12.779536945134, 528.538146972656, -20, 0.01, 314.15576171875, 28.6083469390869, -80.5997619628906, -292.680935638756, -102.438258307648, 15, -0.141774009871634, 15, 8.19506066461184, -0.765271456025912, 10.8952285822558, 18.4655101820046, 53.8596157895142
47729.1288678744, -13.0469846001073, 527.517150878906, -20, 0.01, 315.101593017578, 28.6083469390869, -80.5997619628906, -292.680935638756, -102.438258307648, 15, -0.054323925085427, 15, 8.19506066461184, -0.745584387475899, 10.7887464736637, 18.4043297723625, 54.1240278326682
47729.1888678743, -13.4069730502503, 526.37646484375, -20, 0.01, 314.400512695313, 28.6083469390869, -80.5997619628906, -292.680935638756, -102.438258307648, 15, 0.0693223967196794, 15, 8.19506066461184, -0.706348799471376, 10.651388671079, 18.3260003014419, 54.4678743386959
47729.2688678743, -13.7713947976264, 525.650146484375, -20, 0.01, 314.391784667969, 28.6083469390869, -80.5997619628906, -292.680935638756, -102.438258307648, 15, 0.201908945600947, 15, 8.19506066461184, -0.648027199676728, 10.4453321331669, 18.2097607661142, 54.9895677307047
47729.3488678743, -14.1413425201051, 524.389709472656, -20, 0.01, 314.734893798828, 28.6083469390869, -80.5997543334961, -291.832585673511, -102.438258307648, 15, 0.341934140794916, 15, 8.19506066461184, -0.574391194741503, 10.2491264501582, 18.1005140196167, 55.4929127789413
47729.4288678743, -14.4210730950692, 523.368957519531, -20, 0.01, 314.584564208984, 28.6083469390869, -80.5997543334961, -291.832585673511, -102.438258307648, 15, 0.450606608230583, 15, 8.19506066461184, -0.512833827141553, 10.1171787067371, 18.0278465996774, 55.8350478815586
47729.4888678743, -14.7966993554811, 522.108520507813, -20, 0.01, 315.18408203125, 28.6083469390869, -80.5997543334961, -291.832585673511, -102.438258307648, 15, 0.599314893482714, 15, 8.19506066461184, -0.425064703270064, 9.97605710534098, 17.9508497653732, 56.2042224188359
47729.5688678743, -15.1746805521131, 520.968078613281, -20, 0.01, 315.549499511719, 28.6083469390869, -80.5997543334961, -291.832585673511, -102.438258307648, 15, 0.751327089854295, 15, 8.19506066461184, -0.332677871834671, 9.83738229171175, 17.8759249276647, 56.5702828676694
47729.6488678743, -15.5543990187403, 519.827514648438, -20, 0.01, 315.125030517578, 28.6083469390869, -80.5997543334961, -291.832585673511, -102.438258307648, 15, 0.906681722760617, 15, 8.19506066461184, -0.23635277484114, 9.69900031437923, 17.8018958147947, 56.938829527887
47729.7288678743, -15.8406899148637, 518.686889648438, -20, 0.01, 315.141967773438, 28.6083469390869, -80.5997543334961, -291.832585673511, -102.438258307648, 15, 1.02468071648069, 15, 8.19506066461184, -0.162182423171282, 9.5957449489771, 17.7471435672889, 57.2159523487039
47729.7888678742, -16.2240512560327, 517.546447753906, -20, 0.01, 315.056396484375, 28.6083469390869, -80.5997543334961, -291.832585673511, -102.438258307648, 15, 1.18427955335216, 15, 8.19506066461184, -0.0606796137925834, 9.46097861629952, 17.6763134793859, 57.5803885273864
47729.8688678742, -16.6087008162883, 516.286193847656, -20, 0.01, 314.466796875, 28.6083469390869, -80.5997543334961, -291.832585673511, -102.438258307648, 15, 1.34607999631346, 15, 8.19506066461184, 0.0434845104802023, 9.3225430663856, 17.60430749883, 57.9579883178389
47729.9488678742, -16.9949396893491, 514.731323242188, -20, 0.01, 314.876312255859, 28.6083488464355, -80.5997467041016, -290.984235708267, -102.226170816337, 15, 1.50981025856644, 14.5590191807719, 8.01902804679811, 0.150103307282057, 8.97124646466654, 17.0500960964351, 58.1871025573516
47730.0088678742, -17.2859049279839, 513.590942382813, -20, 0.01, 315.087554931641, 28.6083488464355, -80.5997467041016, -290.984235708267, -102.226170816337, 15, 1.63372195602122, 15, 8.17809366530695, 0.2315764156909, 9.0540352790586, 17.4668548670789, 58.6997685856415
47730.0888678742, -17.6746146161306, 512.330688476563, -20, 0.474837920191622, 353.138214111328, 28.6083488464355, -80.5997467041016, -290.984235708267, -102.226170816337, 15, 1.80036128165429, 14.6003312305397, 8.17809366530695, 0.342188290952111, 8.91271177267059, 17.0551007560288, 58.4244054645653
47730.1688678742, -18.0464117391907, 510.776123046875, -20, 0.230946407323463, 396.166046142578, 28.6083488464355, -80.5997467041016, -290.984235708267, -102.226170816337, 15, 1.98418197613767, 14.2612987851792, 8.17809366530695, 0.465640138538296, 8.67443972593488, 16.6453536832797, 58.5237168821556
47730.2488678742, -18.3482169185435, 509.480133056641, -20, 0.154991228475631, 401.928955078125, 28.6083507537842, -80.5997467041016, -290.984235708267, -102.014083325026, 15, 2.19704557284063, 13.2635634832663, 8.00206104749319, 0.610281280140739, 8.13662493330101, 15.5221888201016, 58.3298925027039
47730.3088678742, -18.5616214985048, 508.376007080078, -20, 0.01, 392.339660644531, 28.6083507537842, -80.599739074707, -290.135885743022, -102.014083325026, 15, 2.36087887710115, 13.9769610002702, 8.16112666600205, 0.722680886802836, 8.157899710375, 16.1424782919507, 59.5654579320258
47730.3888678742, -18.8512745753864, 506.8212890625, -20, 0.539931207073161, 415.198822021484, 28.6083507537842, -80.599739074707, -290.135885743022, -102.014083325026, 15, 2.57595987867274, 13.3444453005852, 8.16112666600205, 0.871641221467161, 7.99177245377213, 15.5171559050667, 58.9362929911282
47730.4688678741, -19.1465452575986, 505.146911621094, -20, 0.412528576100469, 460.105316162109, 28.6083526611328, -80.599739074707, -290.135885743022, -101.801995833714, 15, 2.79544289512596, 13.0578142149063, 7.98509404818831, 1.02875539191785, 7.53640761037143, 15.0438049159598, 59.8645689573592
47730.5488678741, -19.3759366179207, 503.472778320313, -20, 0.325620993933576, 473.390258789063, 28.6083526611328, -80.599739074707, -290.135885743022, -101.801995833714, 15, 3.03790139350285, 11.9955789155223, 8.14415966669716, 1.21126601807003, 7.32334649832579, 14.0263526739701, 58.4786459508529
47730.6088678741, -19.5264416217416, 502.368774414063, -20, 0.179187620473584, 469.939086914063, 28.6083545684814, -80.5997314453125, -289.287535777777, -101.589908342403, 15, 3.2257109314384, 12.7956403506678, 7.91510517604713, 1.35590848104762, 6.80125073834202, 14.4642014134161, 61.8659127621942
47730.6888678741, -19.7224234656648, 500.814056396484, -20, 0.523958839813273, 481.687591552734, 28.6083545684814, -80.5997314453125, -289.287535777777, -101.589908342403, 15, 3.47497664601447, 12.0448201869807, 8.12719266739226, 1.55037231961235, 6.81560641849435, 13.8146018430412, 60.3731228454945
47730.7688678741, -19.9247491392701, 499.139739990234, -20, 0.447013193044639, 509.378692626953, 28.6083564758301, -80.5997314453125, -289.287535777777, -101.377820851092, 15, 3.71891534026498, 11.8010712740545, 7.95116004957852, 1.7526261717021, 6.30819638026467, 13.3601595272392, 61.7528319101202
47730.8488678741, -20.083111939677, 497.585144042969, -20, 0.392865437932093, 517.955322265625, 28.6083583831787, -80.599723815918, -288.439185812532, -101.165733359781, 15, 3.96390674188206, 10.8933294386765, 7.88117117743733, 1.97777303559432, 5.78705862699129, 12.3186809425596, 61.9176825253342
47730.9088678741, -20.1875141740015, 496.481079101563, -20, 0.295254861413813, 515.276794433594, 28.6083602905273, -80.599723815918, -288.439185812532, -100.95364586847, 15, 4.14573306069634, 11.770037894887, 7.91722605096872, 2.15427887496567, 5.54551832175433, 12.9943252367663, 64.6509693197346
47730.9888678741, -20.3239967596941, 494.962615966797, -20, 0.537932123213743, 523.591491699219, 28.6083602905273, -80.5997161865234, -287.590835847288, -100.95364586847, 15, 4.38158279177914, 11.0903373592741, 8.07629166947758, 2.3926808045937, 5.43190555860211, 12.3341617547829, 63.7972267482166
47731.068867874, -20.464331870339, 493.288208007813, -20, 0.484802563707375, 544.103759765625, 28.608362197876, -80.5997161865234, -287.590835847288, -100.741558377159, 15, 4.60915016371874, 10.8876868863982, 7.90025905166382, 2.63799449774388, 4.87866157066341, 11.9187141510705, 65.760181003589
47731.148867874, -20.5727029553339, 491.769989013672, -20, 0.44511319113897, 553.632629394531, 28.6083660125732, -80.5997085571289, -286.742485882043, -100.317383394536, 15, 4.8353331144386, 10.0672919279243, 7.60121568887263, 2.90104268182376, 4.07490317082911, 10.8528296638175, 67.8775733858125
47731.208867874, -20.6422511366933, 490.251525878906, -20, 0.374966800056515, 548.281494140625, 28.6083679199219, -80.5997085571289, -286.742485882043, -100.105295903225, 15, 5.00460505210073, 10.8644518935783, 7.84935805374914, 3.10369206454928, 4.07870970233866, 11.5962172819218, 69.3255889328878
47731.288867874, -20.7322198171261, 488.732940673828, -20, 0.53467764572369, 553.811584472656, 28.6083698272705, -80.5997009277344, -285.894135916798, -99.8932084119138, 15, 5.2292842669194, 10.1870988296405, 7.83239105444427, 3.37344850549515, 3.74152924823814, 10.8456514929111, 69.7479040942524
47731.368867874, -20.8271546648698, 487.214569091797, -20, 0.508654978999393, 566.349975585938, 28.6083717346191, -80.5997009277344, -285.894135916798, -99.6811209206026, 15, 5.4541813623035, 9.92322486584752, 7.81542405513935, 3.64242824608101, 3.40755680971684, 10.4864425296533, 70.9701015655077
47731.448867874, -20.9022525204217, 485.281768798828, -20, 0.488955758035995, 570.796875, 28.6083736419678, -80.5996932983398, -285.045785951553, -99.4690334292914, 15, 5.67646000272151, 9.12602643245819, 7.74543518299818, 3.92161062738723, 2.91509055980904, 9.57653982141424, 72.221951198393
47731.508867874, -20.9513518378653, 484.177612304688, -20, 0.444949581211302, 570.785583496094, 28.608377456665, -80.5996932983398, -285.045785951553, -99.044858446669, 15, 5.84316704085141, 9.90578707142998, 7.60545743871583, 4.13322959151218, 2.47293606497189, 10.2068099888234, 75.9197767846277
47731.588867874, -21.0133639758238, 482.659118652344, -20, 0.553652754356132, 573.872619628906, 28.6083793640137, -80.5996856689453, -284.197435986309, -98.8327709553578, 15, 6.07008972786636, 9.18900640851847, 7.74755605791977, 4.41137326014089, 2.34246307843897, 9.48039243275283, 75.6436234190676
47731.6688678739, -21.0765476540186, 480.762603759766, -20, 0.531325301291037, 583.42333984375, 28.6083831787109, -80.5996856689453, -284.197435986309, -98.4085959727355, 15, 6.30128935814384, 8.88644874622372, 7.55455644080114, 4.6859663536333, 1.81027601130151, 9.06751064790867, 78.4425356243877
47731.7488678739, -21.1233311439293, 479.244232177734, -20, 0.511192376617648, 588.555297851563, 28.6083850860596, -80.5996780395508, -283.349086021064, -98.1965084814243, 15, 6.53030797892661, 8.0605192356606, 7.6436331871688, 4.96650930026914, 1.53803437150607, 8.20499193780892, 79.1635997565196
47731.8088678739, -21.1518616580895, 477.881561279297, -20, 0.480153063821815, 588.55224609375, 28.6083889007568, -80.5996704101563, -282.500736055819, -97.7723334988019, 15, 6.7028034353641, 8.85663272989235, 7.50365544288645, 5.17707593080269, 1.11718286386707, 8.92625811796388, 82.7826785177416
47731.8888678739, -21.1861078171412, 476.363006591797, -20, 0.538525121052798, 588.570922851563, 28.6083927154541, -80.5996704101563, -282.500736055819, -97.3481585161795, 15, 6.93844206876221, 8.10674178887803, 7.46972144427666, 5.45101532313224, 0.800470622508541, 8.14590290148155, 84.3422627192513
47731.9688678739, -21.2230961020449, 474.466430664063, -20, 0.534680253926755, 592.296447753906, 28.6083965301514, -80.5996627807617, -281.652386090574, -96.9239835335572, 15, 7.17405729650327, 7.83043981217852, 7.43578744566688, 5.71936223114571, 0.481050307109381, 7.84511022881724, 86.4736467779941
47732.0488678739, -21.2506140145793, 472.689575195313, -20, 0.525638048444022, 597.716125488281, 28.6084003448486, -80.5996551513672, -280.80403612533, -96.4998085509348, 15, 7.40461291088642, 7.01988837131174, 7.29580970138451, 5.98848730537045, -0.0146634637679779, 7.01990360944376, 90.1199818205833
47732.1088678739, -21.2662716486507, 471.62158203125, -20, 0.506532610800812, 596.129333496094, 28.6084041595459, -80.5996475219727, -279.955686160085, -96.0756335683124, 15, 7.5793689882472, 7.81100314707214, 7.3679194484473, 6.18765348391442, -0.13964675071663, 7.81224362247598, 91.0274146445956
47732.1888678739, -21.2839441007797, 469.844665527344, -20, 0.536333889935484, 596.1904296875, 28.6084079742432, -80.5996475219727, -279.955686160085, -95.6514585856901, 15, 7.81537116514412, 7.0742024912682, 7.3339854498375, 6.44578747049123, -0.433760888434682, 7.08742071208605, 93.5176225758531
47732.2688678738, -21.3013828692527, 467.948089599609, -20, 0.532331737794002, 601.506591796875, 28.6084117889404, -80.5996398925781, -279.10733619484, -95.2272836030677, 15, 8.05067870110303, 6.80260271219169, 7.30005145122771, 6.69710110791896, -0.724423072778857, 6.84088621763603, 96.0926714094434
47732.3488678738, -21.3091628897338, 466.585571289063, -20, 0.516144526536931, 599.230163574219, 28.6084156036377, -80.5996322631836, -278.258986229596, -94.8031086204453, 15, 8.28236734407417, 5.97652701011119, 7.16007370694537, 6.94588964633823, -1.17183302220587, 6.0899165508906, 101.112285992893
47732.4088678738, -21.3137562221667, 465.222869873047, -20, 0.515040497654537, 597.550903320313, 28.6084213256836, -80.5996246337891, -277.410636264351, -94.1668461465118, 15, 8.45597143324498, 6.78829308705165, 7.05615083619439, 7.12697762881582, -1.45885432877831, 6.94256516579393, 102.155111398592
47732.4888678738, -21.3185443287728, 463.362335205078, -20, 0.525148992224302, 595.441650390625, 28.6084251403809, -80.5996246337891, -277.410636264351, -93.7426711638894, 15, 8.68790974252573, 6.07751013722533, 7.18128245609345, 7.35955396837526, -1.52137333148978, 6.26434502737878, 104.077702512986
47732.5688678738, -21.3228066145882, 461.585388183594, -20, 0.526627377901239, 596.909362792969, 28.6084289550781, -80.5996170043945, -276.562286299106, -93.318496181267, 15, 8.91615297033048, 5.83619845255701, 7.14734845748366, 7.58418066119455, -1.77237327640691, 6.09849545698403, 106.917848765997
47732.6488678738, -21.3226046768701, 460.258728027344, -20, 0.520686559570987, 594.71923828125, 28.608434677124, -80.599609375, -275.713936333861, -92.6822337073335, 15, 9.13682775301933, 5.0799829982459, 6.77831622255127, 7.8036680069586, -2.44087195174956, 5.63457730912741, 115.686288708813
47732.7088678738, -21.3203378204242, 458.896453857422, -20, 0.516802829416726, 590.198059082031, 28.6084403991699, -80.5996017456055, -274.865586368617, -92.0459712333999, 15, 9.30095144471334, 5.86341394639624, 6.88648084314544, 7.96166923650771, -2.43517819778154, 6.34736148166261, 112.583305936318
47732.7888678738, -21.3187371128087, 457.1611328125, -20, 0.525071949316483, 594.637023925781, 28.6084442138672, -80.5995941162109, -274.017236403372, -91.6217962507775, 15, 9.51764126347387, 5.21352609781009, 7.0116124630445, 8.1625454786024, -2.45355201103588, 5.7605682135403, 115.226007005294
47732.8688678738, -21.3142614810771, 455.886840820313, -20, 0.521575213842528, 594.299011230469, 28.6084499359131, -80.5995864868164, -273.168886438127, -90.985533776844, 15, 9.72704554491021, 5.02110085359008, 6.80164584662098, 8.35689174189118, -2.89099682235455, 5.79205543088785, 119.953236899862
47732.9488678737, -21.3046279131854, 454.612487792969, -20, 0.510527136329979, 592.637817382813, 28.608455657959, -80.5995788574219, -272.320536472882, -90.3492713029104, 15, 9.92744003094302, 4.35025825670668, 6.59167923019743, 8.54548461426696, -3.32768082136631, 5.47511778842795, 127.424797453563
47733.0088678737, -21.2913498254539, 453.653533935547, -20, 0.489577482387437, 590.58544921875, 28.6084613800049, -80.5995712280273, -271.472186507638, -89.7130088289769, 15, 10.0735954629533, 5.0865919823194, 6.6998438507916, 8.68044610667221, -3.29619381011668, 6.05885686122034, 122.963824504205
47733.0888678737, -21.2762044435412, 452.694396972656, -20, 0.495778254148915, 587.260925292969, 28.6084651947021, -80.5995635986328, -270.623836542393, -89.2888338463545, 15, 10.2646575237979, 4.52430606697538, 6.82497547069064, 8.85040973663963, -3.2767248703025, 5.58425832733732, 125.927358085112
47733.1688678737, -21.2630746132715, 451.419891357422, -20, 0.5012739911153, 583.518615722656, 28.608470916748, -80.5995559692383, -269.775486577148, -88.652571372421, 15, 10.446188452898, 4.38159548938752, 6.61500885426713, 9.01026171047469, -3.64658595989247, 5.69824788354565, 129.77738658484
47733.2488678737, -21.2537450083994, 450.252471923828, -20, 0.512524172938195, 582.239440917969, 28.6084766387939, -80.5995483398438, -268.927136611903, -88.0163088984874, 15, 10.6172311653557, 3.83002873935655, 6.40504223784357, 9.160896217311, -4.01238098848591, 5.54475669087699, 136.32992700438
47733.3088678737, -21.2407626942898, 449.413116455078, -20, 0.491752282893877, 583.082275390625, 28.6084823608398, -80.5995407104492, -268.078786646659, -87.3800464245539, 15, 10.7418610004151, 4.45958281023986, 6.51320685843778, 9.26613813931484, -3.93318592769949, 5.94361573121741, 131.417470904554
47733.3888678737, -21.2233843892266, 448.216522216797, -20, 0.49039203138515, 582.104797363281, 28.6084880828857, -80.5995330810547, -267.230436681414, -86.7437839506203, 15, 10.904528761055, 3.98237343256354, 6.46230586052306, 9.39595174088525, -4.07357315551253, 5.69443209000456, 135.647537431883
47733.4688678737, -21.2038005747294, 447.127471923828, -20, 0.482839125023335, 580.545593261719, 28.6084938049316, -80.5995254516602, -266.382086716169, -86.1075214766867, 15, 11.0560471641097, 3.88732669306827, 6.41140486260837, 9.50917186543413, -4.14854563838932, 5.68289669955961, 136.858788180309
47733.5488678736, -21.186639254251, 445.962890625, -20, 0.487635454920025, 574.960754394531, 28.6084995269775, -80.5995178222656, -265.533736750924, -85.4712590027532, 15, 11.189215719285, 3.53451336855094, 6.20143824618486, 9.59966122300486, -4.34133063320001, 5.59607125276706, 140.840037484895
47733.6088678736, -21.1619608592717, 444.934020996094, -20, 0.443125883846986, 572.741638183594, 28.6085071563721, -80.5995101928711, -264.68538678568, -84.6229090375084, 15, 11.278518778393, 4.09223949114853, 6.13357024896526, 9.64859370371278, -4.29425484605392, 5.92922166630939, 136.377421854686
47733.6888678736, -21.1364174110452, 443.228912353516, -20, 0.457134042645134, 566.623168945313, 28.6085109710693, -80.5995025634766, -263.837036820435, -84.198734054886, 15, 11.3838157682463, 3.84882157009988, 6.41776748737318, 9.68783189421708, -3.80788166176651, 5.41216844086282, 134.694102032809
47733.7688678736, -21.1153862215417, 441.523773193359, -20, 0.465515318013886, 564.222839355469, 28.6085166931152, -80.599494934082, -262.98868685519, -83.5624715809525, 15, 11.4685929777686, 3.90381239679781, 6.20780087094966, 9.69660487775716, -3.8446711726596, 5.47707589512295, 134.563358257851
47733.8488678736, -21.10039914612, 439.818572998047, -20, 0.479781723406886, 563.753723144531, 28.6085243225098, -80.5994873046875, -262.140336889945, -82.7141216157078, 15, 11.5324480376346, 3.82654532889286, 5.76877976387607, 9.66898351532936, -4.06851343443244, 5.58306588954158, 136.752679887247
47733.9088678736, -21.0825600085103, 438.611328125, -20, 0.454789601786748, 564.096374511719, 28.6085300445557, -80.5994720458984, -260.443636959456, -82.0778591417742, 15, 11.5709660351871, 4.13273257607259, 6.0890318758154, 9.62803184673576, -3.43483583001525, 5.37188077357374, 129.73852330964
47733.9888678736, -21.0630762861589, 436.906219482422, -20, 0.462977090263457, 561.413269042969, 28.6085338592529, -80.5994644165039, -259.595286994211, -81.6536841591518, 15, 11.6114704187183, 4.07194024465763, 6.21416349571444, 9.55568936291541, -3.06748818350737, 5.09650184340487, 127.001601298607
47734.0688678736, -21.0468861122266, 435.201080322266, -20, 0.469731944884244, 565.808349609375, 28.6085414886475, -80.5994567871094, -258.746937028966, -80.8053341939071, 15, 11.6412399399471, 4.11941529451194, 5.82816426147717, 9.46857230708556, -3.31824983394332, 5.28785222233799, 128.860427458172
47734.1488678735, -21.0347139046598, 433.496002197266, -20, 0.479655443769367, 565.565246582031, 28.6085472106934, -80.5994491577148, -257.898587063722, -80.1690717199735, 15, 11.6673560072291, 4.05218633655785, 5.77726326356246, 9.36543244104229, -3.13826265091059, 5.12371712158848, 127.765663064655
47734.2088678735, -21.0170645827193, 432.288970947266, -20, 0.44812882061531, 568.839904785156, 28.6085529327393, -80.5994415283203, -257.050237098477, -79.53280924604, 15, 11.6829080231501, 4.18069814447038, 5.88542788415665, 9.28012777264406, -2.82863863538209, 5.04630817844096, 124.094876920264
47734.2888678735, -20.9960017409071, 430.583953857422, -20, 0.450914801549477, 565.225769042969, 28.6085586547852, -80.5994338989258, -256.201887133232, -78.8965467721064, 15, 11.6970187920369, 4.17721695953026, 5.83452688624196, 9.15741737846608, -2.67784439989607, 4.96057261816117, 122.675874579775
47734.3688678735, -20.9786991260764, 428.878936767578, -20, 0.458174250317779, 559.616088867188, 28.6085643768311, -80.5994262695313, -255.353537167987, -78.2602842981729, 15, 11.7049494871314, 4.21668671927555, 5.78362588832728, 9.02569385478028, -2.51585255202405, 4.90902515576777, 120.836740456574
47734.4488678735, -20.9709000288174, 427.588348388672, -20, 0.483086960324886, 561.913146972656, 28.608570098877, -80.5994186401367, -254.505187202743, -77.6240218242393, 15, 11.7073560261491, 4.2511892818764, 5.57365927190374, 8.8857412959927, -2.54080132353287, 4.95140678171674, 120.880311986344
47734.5088678735, -20.9650738546422, 425.883483886719, -20, 0.484020183490381, 564.848693847656, 28.6085758209229, -80.5994033813477, -252.808487272253, -76.9877593503058, 15, 11.7053598388111, 4.2952572140289, 5.68182389249791, 8.7752252844273, -2.22472468102011, 4.83625456602315, 117.397902193105
47734.5888678735, -20.9555320192481, 424.178558349609, -20, 0.480068661276696, 567.294677734375, 28.6085796356201, -80.5994033813477, -252.808487272253, -76.5635843676834, 15, 11.6957917832961, 4.36617125855587, 5.80695551239698, 8.6217818986518, -1.84702125764982, 4.74007725676314, 112.946163310837
47734.6688678735, -20.9437503670007, 422.473754882813, -20, 0.474120542323603, 567.920593261719, 28.608585357666, -80.5993881225586, -251.111787341764, -75.9273218937498, 15, 11.6779033108442, 4.49675499168531, 5.59698889597343, 8.46212821222954, -1.86311163024576, 4.86670935270912, 112.522618872224
47734.7488678735, -20.9305836655535, 421.266784667969, -20, 0.469771908478581, 565.392578125, 28.6085910797119, -80.5993804931641, -250.263437376519, -75.2910594198163, 15, 11.6557694304819, 4.51311041077195, 5.38702227954988, 8.29437330676753, -1.85533242141316, 4.87886271259539, 112.364808757059
47734.8088678734, -20.919433007273, 419.59814453125, -20, 0.464375369784221, 562.821105957031, 28.6085968017578, -80.5993728637695, -249.415087411274, -74.6547969458827, 15, 11.6344794573048, 4.53502149112696, 5.49518690014408, 8.1657209181663, -1.5443922357375, 4.79025929205349, 108.822318723511
47734.8888678734, -20.9131388680819, 417.893341064453, -20, 0.487258489499587, 566.031616210938, 28.6086006164551, -80.599365234375, -248.56673744603, -74.2306219632604, 15, 11.5978013535747, 4.69716795368684, 5.62031852004313, 7.99295589679125, -1.17960060180761, 4.84269817360587, 104.111387432692
47734.9688678734, -20.9081886766991, 416.188568115234, -20, 0.492518546743327, 569.970275878906, 28.608606338501, -80.5993576049805, -247.718387480785, -73.5943594893268, 15, 11.5522021210065, 4.93486225923005, 5.41035190361958, 7.81734951835962, -1.20144830756159, 5.0786585132845, 103.698434429522
47735.0488678734, -20.9027401335804, 415.276336669922, -20, 0.492976637845394, 570.991027832031, 28.6086120605469, -80.5993499755859, -246.87003751554, -72.9580970153932, 15, 11.5146747834698, 4.80814603026263, 5.20038528719604, 7.68163979186614, -1.59176646866511, 5.0641917381531, 108.335321852509
47735.1088678734, -20.8917197046683, 413.451995849609, -20, 0.468681241592428, 572.184875488281, 28.6086158752441, -80.5993347167969, -245.173337585051, -72.5339220327709, 15, 11.4597097122692, 5.00771935043344, 5.48458252560397, 7.49622558087937, -0.193120553924052, 5.01143229287616, 92.2113001115314
47735.1888678734, -20.8773835327839, 411.747253417969, -20, 0.468067448893096, 568.414611816406, 28.60862159729, -80.5993347167969, -245.173337585051, -71.8976595588373, 15, 11.3950247688262, 5.16112430457927, 5.27461590918043, 7.30995374100962, -0.680285866971454, 5.20564506521669, 97.5187226922313
47735.2688678734, -20.8679073426937, 410.078643798828, -20, 0.480372366218992, 566.190246582031, 28.6086254119873, -80.5993194580078, -243.476637654561, -71.4734845762149, 15, 11.3280207190355, 5.42863577401041, 5.39974752907949, 7.11956583470197, -0.272167791878554, 5.43543373431934, 92.8744346278606
47735.3488678734, -20.8651573864527, 408.752136230469, -20, 0.499686095705841, 568.166442871094, 28.6086311340332, -80.5993118286133, -242.628287689316, -70.8372221022814, 15, 11.2782442506832, 5.19462795532002, 5.03071529414712, 6.9730903040007, -0.870132554063972, 5.26680307087509, 99.5215610955641
47735.4088678733, -20.8618978447264, 407.047454833984, -20, 0.497140701149486, 574.0703125, 28.6086349487305, -80.5993041992188, -241.779937724072, -70.413047119659, 15, 11.2066440723702, 5.44726067876767, 5.31491253255502, 6.77560276248158, 0.583321702782483, 5.47831062390436, 83.8787124124559
47735.4888678733, -20.8526767401437, 405.223114013672, -20, 0.485136399134293, 575.243774414063, 28.6086387634277, -80.5992965698242, -240.931587758827, -69.9888721370366, 15, 11.1286066971775, 5.59228162024711, 5.28097853394523, 6.57605357500494, 0.302767360197053, 5.6004455641837, 86.8961175385437
47735.5688678733, -20.8414337733569, 403.932830810547, -20, 0.479512440341153, 570.435485839844, 28.608642578125, -80.5992889404297, -240.083237793582, -69.5646971544143, 15, 11.0487612463241, 5.90364109914616, 5.24704453533545, 6.37208372340211, 0.539065333390179, 5.92811441695025, 84.7736372126777
47735.6488678733, -20.8345481792489, 402.642517089844, -20, 0.491334106818211, 571.846313476563, 28.6086483001709, -80.5992813110352, -239.234887828337, -68.9284346804807, 15, 10.9914870235854, 5.60667913875945, 4.87801230040305, 6.21467539610313, -0.0651641185810992, 5.60705660439259, 90.666958898164
47735.7088678733, -20.828788996746, 400.818145751953, -20, 0.489821470192403, 577.228210449219, 28.6086502075195, -80.5992736816406, -238.386537863093, -68.7163471891695, 15, 10.9119555076097, 5.87231709282862, 5.3382421566247, 6.00416527341527, 1.66386307452463, 6.10269181373248, 74.1562224035175
47735.7888678733, -20.8185721774151, 399.113586425781, -20, 0.483175098816955, 573.771606445313, 28.6086559295654, -80.5992660522461, -237.538187897848, -68.080084715236, 15, 10.8246497006739, 6.03873152360035, 4.96920992169233, 5.79471124028078, 0.937512852856866, 6.11080615217285, 81.1595690403923
47735.8688678733, -20.8077260179202, 397.289245605469, -20, 0.481036496654623, 573.049377441406, 28.6086597442627, -80.5992584228516, -236.689837932603, -67.6559097326136, 15, 10.7364881474708, 6.37390547460338, 5.09434154159138, 5.58412069727463, 1.34851144905746, 6.51441832039068, 78.0313377968442
47735.9488678733, -20.8028196198301, 396.377136230469, -20, 0.497379939316241, 573.091064453125, 28.60866355896, -80.599250793457, -235.841487967358, -67.2317347499912, 15, 10.6727164379472, 6.05056564221303, 4.95436379730904, 5.42308304263179, 1.40444958383017, 6.21083611247947, 76.9097764594678
47736.0088678733, -20.7965950745569, 394.552856445313, -20, 0.489108644673736, 576.573669433594, 28.6086654663086, -80.5992431640625, -234.993138002114, -67.01964725868, 15, 10.583468956377, 6.35226413531141, 5.20250616218555, 5.21073694402317, 1.93924834852024, 6.64052118365, 72.9936174404666
47736.0888678732, -20.7860651591746, 392.728546142578, -20, 0.482991130713433, 573.246887207031, 28.6086692810059, -80.599235534668, -234.144788036869, -66.5954722760577, 15, 10.4901133937501, 6.4987093276786, 5.00950654506692, 4.99880119708174, 1.95890263108156, 6.78631353871364, 73.1947425360845
47736.1688678732, -20.776153179831, 391.438323974609, -20, 0.484171390759246, 572.491149902344, 28.6086730957031, -80.5992202758789, -232.448088106379, -66.1712972934353, 15, 10.3994842681921, 6.81634912369827, 4.97557254645712, 4.78524491588068, 2.18675563924468, 7.15694992136377, 72.1779036500573
47736.2488678732, -20.7708475585042, 389.992095947266, -20, 0.496913708572169, 574.089904785156, 28.6086769104004, -80.5992126464844, -231.599738141135, -65.7471223108129, 15, 10.3318421423862, 6.50227888885091, 4.83559480217476, 4.62496546035116, 2.21236651663383, 6.86681612189761, 71.1761926063371
47736.3088678732, -20.7611686485231, 388.167846679688, -20, 0.476810616067503, 574.141784667969, 28.608678817749, -80.5992126464844, -231.599738141135, -65.5350348195017, 15, 10.2379740194569, 6.81542523560608, 5.08373716705129, 4.41446157881621, 2.73926198901115, 7.34289779932415, 68.0645227102071
47736.3888678732, -20.7490188188202, 386.757873535156, -20, 0.47744270995976, 570.314392089844, 28.6086826324463, -80.5991973876953, -229.903038210645, -65.1108598368794, 15, 10.1398341162761, 6.96911960402152, 4.89073754993264, 4.20886750244521, 2.71809729741637, 7.47798131104851, 68.6526066601123
47736.4688678732, -20.7409445936515, 384.93359375, -20, 0.487769520861922, 569.660888671875, 28.6086864471436, -80.5991897583008, -229.0546882454, -64.686684854257, 15, 10.0435276396013, 7.31467675237591, 4.85680355132287, 4.00555904525079, 2.90488549949554, 7.86746173226539, 68.2954003319818
47736.5488678732, -20.736438349799, 383.606994628906, -20, 0.498058042204342, 576.935119628906, 28.6086883544922, -80.5991821289063, -228.206338280156, -64.4745973629458, 15, 9.97142183826252, 6.98295531973567, 4.94588029769054, 3.85500619778929, 3.17381058220424, 7.66712494986691, 65.5153675063274
47736.6088678732, -20.7247415886919, 382.197143554688, -20, 0.468414806518745, 573.558471679688, 28.6086902618408, -80.5991744995117, -227.357988314911, -64.2625098716346, 15, 9.87155946791422, 7.31506718418361, 4.98193517122191, 3.65790823935522, 3.42735941574413, 8.07422386563403, 64.8485648605909
47736.6888678731, -20.7083383140196, 380.372741699219, -20, 0.463488030648486, 571.160400390625, 28.6086940765381, -80.5991668701172, -226.509638349666, -63.8383348890123, 15, 9.77076027908074, 7.44723574119974, 4.78893555410328, 3.46534118999936, 3.39391739182798, 8.18016135420224, 65.4515913481528
47736.7688678731, -20.695799496466, 378.926605224609, -20, 0.471543785288706, 565.356201171875, 28.6086959838867, -80.5991592407227, -225.661288384422, -63.6262473977011, 15, 9.6738826806205, 7.77946659812858, 4.93103417330723, 3.27528609311194, 3.77498680608524, 8.64192808995978, 64.0620737289139
47736.8288678731, -20.6894238092162, 377.516540527344, -20, 0.487477815749381, 566.422668457031, 28.6086978912354, -80.5991516113281, -224.812938419177, -63.4141599063899, 15, 9.60066765556448, 7.45198079732121, 4.86104530116605, 3.13814351995974, 3.80261749322471, 8.36123597198626, 62.9171275547801
47736.9088678731, -20.6822865802268, 376.070373535156, -20, 0.479175100168628, 570.261169433594, 28.608699798584, -80.5991516113281, -224.812938419177, -63.2020724150787, 15, 9.501002334806, 7.77435559816306, 4.89710017469745, 2.96229883516054, 4.00585420875643, 8.74007086922451, 62.6868733654684
47736.9888678731, -20.6702382010768, 374.246002197266, -20, 0.471308935692308, 565.97802734375, 28.6087036132813, -80.5991363525391, -223.116238488687, -62.7778974324563, 15, 9.40235047529593, 7.88961498982982, 4.70410055757881, 2.79052888701172, 3.95134893844614, 8.81818266061999, 63.3425620601545
47737.0688678731, -20.6558502814992, 372.716247558594, -20, 0.463047713895411, 565.958679199219, 28.6087055206299, -80.5991287231445, -222.267888523443, -62.5658099411452, 15, 9.30753303133073, 8.21509689612858, 4.84619917678277, 2.62270024535124, 4.29548065196098, 9.26349344514891, 62.3373282014261
47737.1288678731, -20.6472002440682, 371.389678955078, -20, 0.476953707139487, 563.733520507813, 28.6087074279785, -80.59912109375, -221.419538558198, -62.353722449834, 15, 9.23674590584312, 7.88738105142662, 4.77621030464159, 2.50274195571123, 4.29767611790582, 8.97574156339772, 61.3613839897221
47737.2088678731, -20.6395583762244, 369.859954833984, -20, 0.472349929286707, 567.60693359375, 28.6087093353271, -80.59912109375, -221.419538558198, -62.1416349585228, 15, 9.14188745410987, 8.18643263041365, 4.81226517817297, 2.3513450420177, 4.46048095497538, 9.31546781039037, 61.3580090661362
47737.288867873, -20.6264843829388, 367.999298095703, -20, 0.463067878765607, 567.253173828125, 28.6087112426758, -80.5991134643555, -220.571188592953, -61.9295474672116, 15, 9.04973683236764, 8.28146486210175, 4.79529817886807, 2.20510174319481, 4.57903256000917, 9.45536458614482, 61.0019345644152
47737.368867873, -20.6096963675149, 366.469512939453, -20, 0.450345803489567, 561.20068359375, 28.6087131500244, -80.5991058349609, -219.722838627708, -61.7174599759004, 15, 8.9639654052306, 8.55459680375291, 4.77833117956319, 2.06224657202015, 4.70686027657281, 9.75554798011354, 61.1169922210508
47737.428867873, -20.6008768936049, 365.142791748047, -20, 0.469583848983123, 559.65673828125, 28.608715057373, -80.5990982055664, -218.874488662464, -61.5053724845892, 15, 8.90264274359862, 8.23526757432131, 4.70834230742201, 1.96006965672924, 4.69749026103394, 9.47279326358679, 60.2417073821102
47737.508867873, -20.5903937018719, 363.576812744141, -20, 0.454790625311593, 557.171813964844, 28.608715057373, -80.5990905761719, -218.026138697219, -61.5053724845892, 15, 8.82312864962405, 8.47206172676159, 4.92042979876714, 1.83177880471463, 5.04882743105131, 9.85293579550547, 59.1483594297751
47737.588867873, -20.5786853076079, 362.166595458984, -20, 0.458680415333311, 559.242431640625, 28.6087169647217, -80.5990829467773, -217.177788731974, -61.293284993278, 15, 8.74796067963327, 8.53466899232239, 4.74439718095339, 1.71107205887301, 4.92798224847553, 9.84609634763006, 59.93627798803
47737.668867873, -20.5671839904283, 360.186187744141, -20, 0.457441382992905, 557.999938964844, 28.6087188720703, -80.5990753173828, -216.329438766729, -61.0811975019669, 15, 8.68101073235557, 8.7245400204787, 4.67440830881222, 1.59421486067029, 4.95781678721109, 10.0253269643349, 60.3276090413264
47737.728867873, -20.5565758783624, 359.154113769531, -20, 0.45818786006777, 559.615844726563, 28.6087207794189, -80.5990676879883, -215.481088801485, -60.8691100106557, 15, 8.6347537700337, 8.4625683168334, 4.7104631823436, 1.51096054369357, 5.05902170064348, 9.84998908253555, 59.0694774006022
47737.808867873, -20.5401057443546, 357.329528808594, -20, 0.425663463865165, 556.633605957031, 28.6087207794189, -80.5990600585938, -214.63273883624, -60.8691100106557, 15, 8.57605645572145, 8.63144688878557, 4.86952880085245, 1.40867623115603, 5.30999947420844, 10.1234492781854, 58.3402826258612
47737.8888678729, -20.5233058621866, 355.763305664063, -20, 0.434777469829564, 552.386413574219, 28.6087226867676, -80.5990524291992, -213.784388870995, -60.6570225193445, 15, 8.52291479828095, 8.65873111932986, 4.69349618303871, 1.31564902766661, 5.14366693687097, 10.061267610006, 59.2257574437519
47737.9688678729, -20.5127132467928, 354.233367919922, -20, 0.448639074366512, 553.359924316406, 28.6087245941162, -80.5990447998047, -212.93603890575, -60.4449350280333, 15, 8.47943621368274, 8.75104117430316, 4.62350731089754, 1.22859820666125, 5.1220343341534, 10.1297348170731, 59.5953659147018
47738.0288678729, -20.5050369493359, 352.786926269531, -20, 0.455263312897051, 558.555786132813, 28.6087265014648, -80.5990371704102, -212.087688940506, -60.2328475367221, 15, 8.45132459935716, 8.56606531323728, 4.65956218442891, 1.16877135186145, 5.18457427309903, 10.0028298153524, 58.7557480915851
47738.1088678729, -20.4874966918381, 351.340362548828, -20, 0.411309931491583, 553.047302246094, 28.6087265014648, -80.5990371704102, -212.087688940506, -60.2328475367221, 15, 8.42067895586167, 8.62710876104379, 4.81862780293777, 1.10150778228817, 5.36535121860027, 10.1486941221601, 58.0621586564654
47738.1888678729, -20.467726426032, 349.810302734375, -20, 0.415303104641829, 547.314086914063, 28.6087284088135, -80.5990295410156, -211.239338975261, -60.0207600454109, 15, 8.40600284624061, 8.53022378623383, 4.64259518512402, 1.05385745676404, 5.06706412764281, 9.91210256853314, 59.2288968470596
47738.2688678729, -20.4559065932824, 347.949279785156, -20, 0.432865872197022, 545.439331054688, 28.6087284088135, -80.5990219116211, -210.390989010016, -60.0207600454109, 15, 8.41443477337362, 8.32966671929037, 4.80166080363287, 1.02541635973993, 5.15102396806375, 9.78412503053133, 58.2117223713559
47738.3288678729, -20.4515033778915, 346.953308105469, -20, 0.451672303721098, 546.932739257813, 28.6087303161621, -80.5990142822266, -209.542639044771, -59.8086725540997, 15, 8.43563158922364, 8.23482518744112, 4.62562818581913, 1.01728250978736, 4.81974072585928, 9.53320505615519, 59.6034726712965
47738.4088678729, -20.445851198916, 344.972595214844, -20, 0.443199036566997, 550.365905761719, 28.6087322235107, -80.599006652832, -208.694289079527, -59.5965850627886, 15, 8.48559964215338, 7.96429076607844, 4.60866118651424, 1.02791881943296, 4.62837052711854, 9.20399551766863, 59.7842425281092
47738.4888678729, -20.4378998329519, 343.442504882813, -20, 0.441129839485958, 548.408752441406, 28.6087322235107, -80.5989990234375, -207.845939114282, -59.5965850627886, 15, 8.56402885455237, 7.66186579206159, 4.76772680502309, 1.06712940021789, 4.56085001673128, 8.90962108365147, 59.1875687961006
47738.5688678728, -20.433208176619, 341.995941162109, -20, 0.449369866554863, 549.442199707031, 28.6087341308594, -80.598991394043, -206.997589149037, -59.3844975714774, 15, 8.661305544712, 7.16438917187725, 4.53867231437305, 1.13207963993085, 4.01772217244369, 8.20891699217998, 60.6729844560192
47738.6288678728, -20.4316142629818, 340.549468994141, -20, 0.458282810574028, 553.501159667969, 28.608736038208, -80.5989837646484, -206.149239183792, -59.1724100801662, 15, 8.74418541356045, 7.42110586621657, 4.57472718790445, 1.19146618941124, 3.88501542092986, 8.37147741283003, 62.3196922518609
47738.7088678728, -20.4264337609221, 339.019470214844, -20, 0.444465380027198, 556.695617675781, 28.608736038208, -80.5989761352539, -205.300889218548, -59.1724100801662, 15, 8.86512016845373, 6.99548041882714, 4.7337928064133, 1.28136437159966, 3.89040741563963, 7.99979444488991, 60.8783727249956
47738.7888678728, -20.4191575628603, 337.489593505859, -20, 0.442673186001619, 555.779846191406, 28.6087379455566, -80.5989685058594, -204.452539253303, -58.960322588855, 15, 8.99305370693685, 6.79427485274893, 4.55776018859954, 1.38539317746094, 3.45089192327473, 7.6167539626813, 63.0331762998419
47738.8688678728, -20.4158095314726, 335.665069580078, -20, 0.452985029828036, 555.406188964844, 28.6087398529053, -80.5989608764648, -203.604189288058, -58.7482350975438, 15, 9.12751359435474, 6.25134914407314, 4.48777131645838, 1.498147688804, 3.16854877087157, 7.0056540940466, 63.0873501667698
47738.9288678728, -20.4164005752679, 334.633056640625, -20, 0.464705185416535, 557.657348632813, 28.6087398529053, -80.5989532470703, -202.755839322814, -58.7482350975438, 15, 9.23269028168278, 6.68552468636095, 4.69985880780351, 1.58792573830545, 3.26506560097556, 7.43696556318612, 63.9310345624107
47739.0088678728, -20.4163450579822, 332.688812255859, -20, 0.464272122432317, 562.601501464844, 28.6087417602539, -80.5989456176758, -201.907489357569, -58.5361476062326, 15, 9.37910694002062, 6.20502162817975, 4.52382618998975, 1.71359695321658, 2.86051556826853, 6.83028716703229, 65.2167288414815
47739.0888678728, -20.4148842433954, 331.278717041016, -20, 0.461953395452172, 561.185485839844, 28.6087436676025, -80.5989379882813, -201.059139392324, -58.3240601149214, 15, 9.53359682734622, 5.96345766850862, 4.50685919068487, 1.84563348884053, 2.63610040156128, 6.51818517333307, 66.1217378394921
47739.1688678727, -20.4121618459562, 329.33447265625, -20, 0.459495246600266, 558.717834472656, 28.6087455749512, -80.5989303588867, -200.210789427079, -58.1119726236103, 15, 9.69323512650224, 5.33736693175674, 4.43687031854368, 1.98474832620744, 2.33405038466442, 5.82404565959947, 66.3554411997624
47739.2288678727, -20.4121644693974, 328.458526611328, -20, 0.467957374884227, 560.480529785156, 28.6087474822998, -80.5989227294922, -199.362439461835, -57.8998851322991, 15, 9.8163030706039, 5.86720576728306, 4.47292519207508, 2.09187888721705, 2.22224385762453, 6.27257490436569, 69.2270411012838
47739.3088678727, -20.4153809001806, 326.514434814453, -20, 0.481044145701296, 564.886657714844, 28.6087474822998, -80.5989151000977, -198.51408949659, -57.8998851322991, 15, 9.9878286378042, 5.30195265043391, 4.63199081058393, 2.23637703670658, 2.22921080038911, 5.75029467782339, 67.1715676254707
47739.3888678727, -20.4143576027654, 325.104461669922, -20, 0.469063742532778, 563.794372558594, 28.6087493896484, -80.5989074707031, -197.665739531345, -57.6877976409879, 14.964909197127, 10.1682056342499, 4.98084293474982, 4.45595819277018, 2.38306856534785, 1.82714979270417, 5.30460724852409, 69.8349648154577
47739.4688678727, -20.4124575635961, 323.160369873047, -20, 0.467856704692017, 562.900024414063, 28.6087512969971, -80.5988998413086, -196.8173895661, -57.4757101496767, 15, 10.3543920510521, 4.29327886804304, 4.385969320629, 2.53271332454877, 1.54292281068926, 4.56162216951626, 70.2176585898838
47739.5288678727, -20.4143918817855, 322.284393310547, -20, 0.480974716926257, 564.61962890625, 28.6087551116943, -80.5988922119141, -195.969039600856, -57.0515351670543, 15, 10.4974015271003, 4.91456267334985, 4.24599157634664, 2.64550565569129, 1.23497139431245, 5.06698512650159, 75.8787435059264
47739.6088678727, -20.4170725819337, 320.376586914063, -20, 0.48383527537826, 568.090698242188, 28.6087551116943, -80.5988845825195, -195.120689635611, -57.0515351670543, 14.9733926968134, 10.6943262357798, 4.24538326747934, 4.56412281336435, 2.79676829704301, 1.43008109401079, 4.47936008446587, 71.3695455635993
47739.6888678727, -20.4183258930128, 318.966644287109, -20, 0.482378765154499, 571.0986328125, 28.6087589263916, -80.598876953125, -194.272339670366, -56.627360184432, 14.6934372082488, 10.8965235957191, 3.63029249571004, 4.21205757773685, 2.95006097160508, 0.809435949987903, 3.71931890985294, 77.4227849492926
47739.7688678726, -20.417357554741, 317.178619384766, -20, 0.47815515360005, 568.405334472656, 28.6087608337402, -80.5988693237305, -193.423989705121, -56.4152726931208, 14.8376567023743, 11.1030328456102, 3.00917326364939, 4.30113432410453, 3.10791767784616, 0.693624333858668, 3.08800841981091, 77.0143904861721
47739.8288678726, -20.4144471594684, 315.768646240234, -20, 0.471099384835688, 565.095947265625, 28.6087627410889, -80.5988540649414, -191.727289774632, -56.2031852018096, 14.0656582338998, 11.260783676329, 2.77767927292589, 4.33718919763592, 3.2257354020152, 0.601923840489378, 2.84209967484162, 77.7686101534689
47739.9088678726, -20.4162055121055, 314.394927978516, -20, 0.487476829477225, 568.025085449219, 28.6087646484375, -80.5988464355469, -190.878939809387, -55.9910977104984, 14.6340527107156, 11.4742115311784, 2.788589411181, 4.32022219833103, 3.38139175856365, 0.406281445395771, 2.8180073034567, 81.7074986124204
47739.9888678726, -20.4213705334647, 312.606872558594, -20, 0.499486740893171, 570.530456542969, 28.6087665557861, -80.5988388061523, -190.030589844142, -55.7790102191872, 14.3540972221509, 11.6939896274468, 2.14341038480804, 4.30325519902613, 3.53341647284024, 0.231344577122178, 2.15585329322642, 83.838336311738
47740.0688678726, -20.4222378121366, 311.233245849609, -20, 0.490734882956367, 576.906127929688, 28.6087703704834, -80.5988311767578, -189.182239878898, -55.3548352365648, 14.4983167162764, 11.916842448846, 1.47040678456643, 4.00421183623491, 3.68747096702709, -0.32734280788552, 1.50639500156197, 102.551823874258
47740.1288678726, -20.4195371785775, 309.823364257813, -20, 0.479877964201311, 575.489807128906, 28.608772277832, -80.5988159179688, -187.485539948408, -55.1427477452537, 13.7263182478018, 12.0863933564926, 1.29875587993036, 4.25235420111145, 3.80499758573931, -0.190192979243244, 1.31260580879185, 98.3320028464231
47740.2088678726, -20.4123568037952, 308.071563720703, -20, 0.470065435148954, 573.390197753906, 28.6087741851807, -80.5988082885742, -186.637189983163, -54.9306602539425, 14.2947127246176, 12.3148363402842, 1.26659100150867, 4.23538720180655, 3.96112772311895, -0.393399978906135, 1.32626961719119, 107.255857294978
47740.2888678726, -20.40725182857, 306.697906494141, -20, 0.475096200027629, 567.688842773438, 28.6087779998779, -80.5988006591797, -185.788840017919, -54.5064852713201, 14.014757236053, 12.5431617056357, 0.658713391533856, 4.0423875846879, 4.11713500911405, -0.811346675197957, 1.04506351775097, 140.927342757291
47740.3688678726, -20.407377724105, 304.909851074219, -20, 0.489846951263636, 568.176452636719, 28.6087799072266, -80.5987930297852, -184.940490052674, -54.2943977800089, 14.1589767301785, 12.7689984380258, 0.0156796087399873, 4.13146433105558, 4.27220186471598, -0.883594168356127, 0.883733265749574, 178.983337887906
47740.4288678725, -20.4107542693633, 303.655883789063, -20, 0.503201416936979, 572.580993652344, 28.6087837219238, -80.5987777709961, -183.243790122184, -53.8702227973866, 13.3869782617039, 12.9370454427471, -0.114000224189191, 3.99148658677323, 4.39025591215877, -1.21101063743768, 1.21636379417396, -174.621833001879
47740.5088678725, -20.410297024003, 301.904174804688, -20, 0.492284304892954, 576.720825195313, 28.6087856292725, -80.5987701416016, -182.39544015694, -53.6581353060754, 13.9553727385198, 13.1624455094005, -0.131920554770758, 4.13358520597717, 4.54750157296063, -1.22832020203457, 1.2353828901531, -173.869517934714
47740.5888678725, -20.4036675690223, 300.530548095703, -20, 0.476148141872334, 576.559448242188, 28.6087894439697, -80.598762512207, -181.547090191695, -53.233960323453, 13.6754172499551, 13.3898637623943, -0.755676999406896, 3.94058558885854, 4.70451969757219, -1.64724611797021, 1.81226657972828, -155.354265815871
47740.6688678725, -20.3957335426058, 298.778686523438, -20, 0.471692738206577, 572.871459960938, 28.608793258667, -80.598747253418, -179.850390261206, -52.8097853408306, 13.1155062728256, 13.6128950558182, -2.22018219420952, 3.80060784457618, 4.86510712822348, -2.03554572261953, 3.01174055251962, -132.516896071393
47740.7288678725, -20.3885269673233, 297.524810791016, -20, 0.466149166191521, 572.2197265625, 28.6087970733643, -80.5987396240234, -179.002040295961, -52.3856103582083, 13.6839007496414, 13.7765105032081, -0.731324367726188, 3.87271759163896, 4.98675621415777, -2.10774648189902, 2.23096151370338, -160.861249661524
47740.8088678725, -20.382692336247, 295.77294921875, -20, 0.475073154578998, 568.326354980469, 28.6087989807129, -80.5987319946289, -178.153690330716, -52.1735228668971, 13.6160327524219, 13.9940617114359, -1.47864804377839, 4.01481621084292, 5.14391427895715, -2.08891572171421, 2.55910141769335, -144.704079254287
47740.8888678725, -20.380900861822, 294.555236816406, -20, 0.486077633606875, 569.922546386719, 28.6088027954102, -80.5987167358398, -176.456990400227, -51.7493478842747, 12.4198593012571, 14.2072776648525, -3.13883085287849, 3.82181659372427, 5.29967144419211, -2.49809939768385, 4.01079976432559, -128.520328386753
47740.9688678725, -20.3793775152845, 292.839630126953, -20, 0.487732292098672, 569.4833984375, 28.6088066101074, -80.5987091064453, -175.608640434982, -51.3251729016523, 13.4124287607631, 14.4121938612552, -2.64428910968881, 3.68183884944192, 5.46217740276435, -2.9131200619896, 3.93351068940691, -137.767271524816
47741.0288678724, -20.3735464616538, 291.585632324219, -20, 0.471183583618349, 575.619750976563, 28.6088104248047, -80.5986938476563, -173.911940504492, -50.90099791903, 12.6404302922886, 14.5683911614783, -2.88198418832682, 3.7539485965047, 5.57680936209455, -2.89276533716816, 4.08250712122867, -135.106877469053
47741.1088678724, -20.3609604849998, 289.833862304688, -20, 0.456194237527881, 570.170654296875, 28.608814239502, -80.5986862182617, -173.063590539248, -50.4768229364076, 13.2088247691044, 14.7777844849122, -2.85140814618652, 3.7200145978949, 5.72581205051668, -3.08509456942773, 4.20005672759127, -137.252233980692
47741.1888678724, -20.3488236688276, 288.237915039063, -20, 0.454464547747238, 566.241760253906, 28.6088180541992, -80.5986785888672, -172.215240574003, -50.0526479537852, 12.9288692805397, 14.9777416011995, -3.35817081625336, 3.68608059928512, 5.87685182625923, -3.32409387053746, 4.72379643767652, -134.708147636774
47741.2688678724, -20.3427130947833, 286.864166259766, -20, 0.46876230453296, 565.781372070313, 28.6088218688965, -80.5986633300781, -170.518540643513, -49.6284729711628, 12.3689583034102, 15.1691637383827, -4.67599367643301, 3.54610285500275, 6.02796603468056, -3.67594794941618, 5.94537540614351, -128.18382846489
47741.3288678724, -20.3363622800486, 285.268249511719, -20, 0.461655658876667, 561.815002441406, 28.6088256835938, -80.5986480712891, -168.821840713024, -49.2042979885405, 12.2332223089711, 15.3084201060776, -4.13864605497257, 3.61821260206554, 6.14011947908287, -3.71369141121091, 5.55840748703506, -131.907101893381
47741.4088678724, -20.3314324920315, 283.672271728516, -20, 0.470100875446029, 565.033386230469, 28.608829498291, -80.5986404418945, -167.973490747779, -48.7801230059181, 12.8016167857869, 15.4924614429375, -4.01546223154137, 3.58427860345574, 6.28003142065612, -3.85226825944862, 5.56233730002996, -133.813596802172
47741.4888678724, -20.3261028856452, 282.334808349609, -20, 0.46854037883017, 564.311279296875, 28.6088333129883, -80.5986328125, -167.125140782534, -48.3559480232957, 12.5216612972222, 15.6764138362732, -5.03325844832625, 3.55034460484596, 6.40907187200905, -3.96858840455182, 6.40646835846842, -128.268386601735
47741.5688678724, -20.3178002528778, 281.116912841797, -20, 0.459473092418952, 563.137634277344, 28.6088371276855, -80.5986175537109, -165.428440852045, -47.9317730406734, 11.9617503200928, 15.8533765484318, -5.40831658420444, 3.4103668605636, 6.538108289806, -4.2938773405201, 6.90162724823156, -128.462781649756
47741.6288678724, -20.3053385448393, 279.520904541016, -20, 0.435245065360167, 557.856201171875, 28.6088409423828, -80.5986022949219, -163.731740921555, -47.507598058051, 11.8260143256536, 15.9836545978323, -5.38072457828828, 3.48247660762637, 6.62930101042303, -4.26281907611085, 6.86078360913396, -128.402905125298
47741.7088678723, -20.2963662992496, 277.805145263672, -20, 0.452398657424241, 555.820007324219, 28.6088447570801, -80.5985946655273, -162.883390956311, -47.0834230754286, 12.3944088024695, 16.1534827335463, -5.20207787550848, 3.44854260901658, 6.7396726393265, -4.35447874374289, 6.78018790580668, -129.943134290847
47741.7888678723, -20.291333679197, 276.209106445313, -20, 0.461651638966596, 557.715026855469, 28.608850479126, -80.5985794067383, -161.186691025821, -46.4471606014951, 11.1982353513046, 16.3176465523382, -7.20548141629958, 3.23857599259306, 6.84187664771532, -4.6707089801716, 8.58016930648315, -122.991967080106
47741.8688678723, -20.2856951225199, 274.991180419922, -20, 0.459306083058331, 560.951599121094, 28.6088542938232, -80.5985717773438, -160.338341060576, -46.0229856188727, 12.1908048108107, 16.435986300924, -5.40571183474103, 3.25766386681954, 6.91646932869464, -4.5331568370396, 7.05054581366872, -129.995169083569
47741.9288678723, -20.2714251816675, 273.395141601563, -20, 0.421655801484002, 556.909851074219, 28.6088581085205, -80.5985565185547, -158.641641130087, -45.5988106362503, 11.4188063423362, 16.5901386576366, -6.78982445181054, 3.32977361388233, 7.00921109513048, -4.92809547984817, 8.38295843559141, -126.002564784169
47742.0088678723, -20.2574316047331, 271.835174560547, -20, 0.430370303149973, 552.364990234375, 28.6088638305664, -80.5985488891602, -157.793291164842, -44.9625481623168, 11.987200819152, 16.7392595670829, -6.25276196346146, 3.11980699745878, 7.09013821685417, -4.95987997911779, 7.9749391589233, -128.443061392753
47742.0888678723, -20.2475073675872, 270.239013671875, -20, 0.438060199091752, 546.99267578125, 28.6088676452637, -80.5985336303711, -156.096591234353, -44.5383731796944, 10.7910273679872, 16.8756506396762, -8.10099407105903, 3.24493861735786, 7.17005387444813, -4.90117493558263, 9.45977055219758, -121.227994307466
47742.1688678723, -20.243869075993, 269.02099609375, -20, 0.453477137219419, 549.56494140625, 28.6088733673096, -80.598518371582, -154.399891303863, -43.9021107057608, 11.0794663562383, 16.9702170394911, -7.21839683805612, 2.87590638242547, 7.22764799012206, -5.24919638516878, 8.91702297961481, -126.058538757913
47742.2288678723, -20.2376354489146, 267.34130859375, -20, 0.440325246144163, 549.201293945313, 28.6088771820068, -80.5985107421875, -153.551541338619, -43.4779357231385, 11.6478608330541, 17.091947875877, -6.89048901348807, 3.16010362083337, 7.2949117399991, -5.23203871505726, 8.64412501332554, -127.23807123132
47742.3088678722, -20.2281638291025, 265.745056152344, -20, 0.43502254192373, 544.795532226563, 28.6088809967041, -80.5984954833984, -151.854841408129, -43.0537607405161, 10.8758623645795, 17.2106997793874, -7.94211533323164, 3.12616962222358, 7.34611943205867, -5.04900489533802, 9.4024506612125, -122.494722528254
47742.3888678722, -20.219681168986, 264.184967041016, -20, 0.435404734797861, 545.788879394531, 28.60888671875, -80.5984802246094, -150.15814147764, -42.4174982665825, 10.3159513874501, 17.3150151137624, -8.89590041271726, 2.91620300580005, 7.39829061150274, -5.37438207584808, 10.3821202028152, -121.202722212473
47742.4688678722, -20.2132828028112, 262.966888427734, -20, 0.439229172703197, 548.278503417969, 28.6088905334473, -80.5984725952148, -149.309791512395, -41.9933232839602, 11.3085208469562, 17.3872546254252, -7.29501045596975, 2.93529088002656, 7.43269753188649, -5.34824873322684, 9.03693095739424, -126.280731295993
47742.5288678722, -20.2018651748082, 261.37060546875, -20, 0.413775753849617, 545.863647460938, 28.6088943481445, -80.5984573364258, -147.613091581905, -41.5691483013378, 10.5365223784816, 17.4797806833263, -8.49014359107402, 3.00740062708932, 7.46496667993852, -5.20195547379207, 9.94708097522036, -121.554449933921
47742.6088678722, -20.187702484844, 259.810455322266, -20, 0.412221657401572, 543.127746582031, 28.6089000701904, -80.5984420776367, -145.916391651416, -40.9328858274042, 10.4007863840425, 17.5602333793609, -8.66474736322519, 2.79743401066579, 7.49344681320713, -5.46343077278387, 10.232247450175, -122.292336719034
47742.6888678722, -20.177552956384, 257.835815429688, -20, 0.419412438027962, 537.399475097656, 28.6089057922363, -80.5984344482422, -145.068041686171, -40.2966233534707, 10.7570933695131, 17.6245392701882, -8.35813020521196, 2.7465330127511, 7.52278712928144, -5.5699927239071, 10.0330772118003, -123.732330328653
47742.7688678722, -20.1743572461905, 256.617523193359, -20, 0.436375914113982, 537.566589355469, 28.6089096069336, -80.5984191894531, -143.371341755682, -39.8724483708483, 10.1971823923837, 17.6662229789357, -8.75558796801373, 2.7656208869776, 7.53795894927884, -5.49982269107477, 10.3282335036284, -122.195892744886
47742.8288678722, -20.1707124579015, 255.021118164063, -20, 0.431452356772985, 544.189147949219, 28.6089134216309, -80.5984039306641, -141.674641825192, -39.448273388226, 10.0614463979446, 17.7079737369351, -8.97519216219971, 2.83773063404037, 7.55468403098861, -5.4108545682132, 10.4685918887017, -121.150488979519
47742.9088678721, -20.1587069152721, 253.460876464844, -20, 0.410020682233685, 542.536437988281, 28.6089191436768, -80.5983963012695, -140.826291859947, -38.8120109142924, 10.6298408747604, 17.7265090886238, -8.14692299925839, 2.62776401761684, 7.56308610881642, -5.61442272986252, 9.88338186526201, -124.619959038277
47742.9888678721, -20.14269566487, 251.900497436523, -20, 0.394973257819189, 537.96240234375, 28.608922958374, -80.5983810424805, -139.129591929458, -38.38783593167, 9.43366742359557, 17.7191043243967, -9.36535390575303, 2.75289563751589, 7.55317273306842, -5.31884305492122, 10.7585965675345, -119.667807369909
47743.0688678721, -20.1351600435661, 250.682159423828, -20, 0.414065503285817, 534.451721191406, 28.6089286804199, -80.5983657836914, -137.432891998968, -37.7515734577365, 9.72210641184668, 17.6914725224004, -8.859253577622, 2.38386340258352, 7.5377880528626, -5.66681599142187, 10.5044124672411, -122.666320398965
47743.1288678721, -20.1310156983482, 249.121795654297, -20, 0.418032598755687, 536.020080566406, 28.6089324951172, -80.5983581542969, -136.584542033724, -37.3273984751141, 10.2905008886625, 17.6261408952672, -7.82190207631459, 2.66806064099143, 7.49930929233158, -5.14872588966963, 9.35556254706008, -123.401078467736
47743.2088678721, -20.1312313915633, 247.405487060547, -20, 0.432986734046601, 537.4443359375, 28.6089382171631, -80.5983428955078, -134.887842103234, -36.6911360011805, 9.09432743749767, 17.5303261582577, -8.92045800816843, 2.45809402456789, 7.43505180505681, -5.13421796026279, 10.2820872378836, -119.989853100735
47743.2888678721, -20.1330251876226, 245.845199584961, -20, 0.438091920528864, 540.228942871094, 28.6089420318604, -80.5983276367188, -133.191142172745, -36.2669610185582, 9.38276642574878, 17.4019464766728, -7.85990082402542, 2.58322564446695, 7.36019910432366, -4.81859425332084, 9.21145975043092, -121.560858703612
47743.3488678721, -20.135048162338, 244.626983642578, -20, 0.439913100969051, 542.632873535156, 28.6089477539063, -80.5983123779297, -131.494442242255, -35.6306985446246, 9.2470304313096, 17.2924840588156, -8.36069416081963, 2.21419340953457, 7.29461644816291, -5.09135069554556, 9.77950483270117, -121.396769686716
47743.4288678721, -20.1384535922672, 243.030548095703, -20, 0.447814358530745, 545.675842285156, 28.6089515686035, -80.5983047485352, -130.646092277011, -35.2065235620022, 9.81542490812543, 17.1351032632434, -7.13623174371788, 2.49839064794248, 7.19311713472765, -4.52685232534865, 8.44464779285728, -122.428991702736
47743.508867872, -20.1407373573338, 241.434158325195, -20, 0.443534605301578, 551.052612304688, 28.6089553833008, -80.5982894897461, -128.949392346521, -34.7823485793799, 8.61925145696065, 16.9637557874248, -8.26794841573056, 2.46445664933269, 7.08361543371907, -4.37984850268758, 9.34925960523607, -117.971146554769
47743.588867872, -20.1417837275344, 239.874053955078, -20, 0.441374482616233, 549.28173828125, 28.6089611053467, -80.5982818603516, -128.101042381276, -34.1460861054463, 9.61182091646667, 16.7784101355645, -6.29039978556794, 2.25449003290915, 6.96890612016545, -4.45887170490667, 7.70523779905145, -125.357486606517
47743.648867872, -20.14257466107, 238.619720458984, -20, 0.441583016335349, 549.692810058594, 28.6089649200439, -80.5982666015625, -126.404342450787, -33.721911122824, 8.83982244799214, 16.6327426383753, -7.80918157706732, 2.27357790713566, 6.87775054080413, -4.27810612221171, 8.89786466431905, -118.767649864658
47743.728867872, -20.1470023098891, 236.903701782227, -20, 0.456355195911746, 551.246948242188, 28.6089687347412, -80.598258972168, -125.555992485542, -33.2977361402016, 9.40821692480796, 16.4298220399737, -6.45982251173628, 2.34568765419842, 6.7513359813722, -4.00684807094712, 7.59710679381079, -121.843658228157
47743.808867872, -20.1542140300925, 235.307525634766, -20, 0.462766625215054, 553.719604492188, 28.6089725494385, -80.5982437133789, -123.859292555053, -32.8735611575792, 8.21204347364314, 16.2144471026197, -7.54977510905347, 2.31175365558864, 6.62427761247696, -3.89372027479399, 8.48953982005668, -117.331609882162
47743.888867872, -20.161286133554, 233.711288452148, -20, 0.465537964106061, 555.365905761719, 28.6089782714844, -80.5982284545898, -122.162592624563, -32.2372986836456, 8.50048246189424, 15.9918409485979, -6.33026624325553, 2.10178703916509, 6.48652633398762, -3.90368964978173, 7.43296634856543, -121.693219083284
47743.948867872, -20.1665433914774, 232.49333190918, -20, 0.463507064098986, 561.729125976563, 28.6089820861816, -80.5982208251953, -121.314242659318, -31.8131237010233, 9.06887693871006, 15.8188103088738, -6.37428779253967, 2.1208749133916, 6.37844228670512, -3.70593200023194, 7.36944721780878, -120.20721669181
47744.028867872, -20.1719025992908, 230.741287231445, -20, 0.470619375868358, 564.756225585938, 28.6089859008789, -80.5982131958008, -120.465892694074, -31.3889487184009, 9.00100894149049, 15.58014742116, -5.68235537472772, 2.19298466045438, 6.22799505526425, -3.39457787135374, 6.61623064273332, -120.880253126575
47744.108867872, -20.173228760671, 229.14518737793, -20, 0.457227824797492, 563.294555664063, 28.6089897155762, -80.5981979370117, -118.769192763584, -30.9647737357785, 7.80483549032565, 15.3274399991619, -6.715198686185, 2.15905066184458, 6.07966161530353, -3.27628846659854, 7.468517568083, -116.046787267462
47744.1888678719, -20.1763580376736, 227.403015136719, -20, 0.463536292956004, 560.869750976563, 28.6089935302734, -80.5981826782227, -117.072492833095, -30.5405987531562, 8.09327447857676, 15.0656889434582, -5.33694918995069, 2.01907291756223, 5.93055717585206, -3.26268312362018, 6.25278467623398, -121.462160595986
47744.2488678719, -20.1827123522929, 226.733154296875, -20, 0.474553746524402, 562.854919433594, 28.6089973449707, -80.5981750488281, -116.22414286785, -30.1164237705338, 8.66166895539259, 14.8656088178403, -5.53665243400053, 2.091182664625, 5.81544055430946, -3.00736311648201, 6.29845846240772, -118.536023241697
47744.3288678719, -20.194774183241, 225.170028686523, -20, 0.503680026522363, 566.125671386719, 28.609001159668, -80.5981674194336, -115.375792902605, -29.6922487879114, 8.59380095817303, 14.5933247952999, -4.75462359567874, 2.05724866601522, 5.65758412452125, -2.82877945944336, 5.53082808080165, -120.769350072189
47744.4088678719, -20.2068094001613, 223.726623535156, -20, 0.498601529183364, 570.183471679688, 28.6090049743652, -80.5981521606445, -113.679092972116, -29.2680738052891, 7.39762750700815, 14.3089043573319, -5.76323311727329, 2.02331466740542, 5.50376790641585, -2.71800674626532, 6.37004558363457, -115.278110530346
47744.4888678719, -20.2137421816554, 222.163543701172, -20, 0.489126882865522, 575.013854980469, 28.6090087890625, -80.59814453125, -112.830743006871, -28.8438988226667, 8.39019696651429, 14.0138240041543, -3.40377727112788, 1.88333692312307, 5.34877196669847, -2.69390934768644, 4.33985099919711, -128.365876588599
47744.5488678719, -20.2177456852887, 221.051147460938, -20, 0.484075897224754, 572.642150878906, 28.6090126037598, -80.5981292724609, -111.134043076381, -28.4197238400443, 7.61819849803971, 13.7872871584621, -5.31504367867907, 1.95544667018584, 5.23015507137098, -2.44330279646017, 5.84827171853951, -114.712651965749
47744.6288678719, -20.2231464976076, 219.432144165039, -20, 0.494629569676719, 573.698425292969, 28.6090145111084, -80.5981216430664, -110.285693111137, -28.2076363487331, 8.18659297485554, 13.478663930221, -3.65120822015961, 2.0975452893898, 5.07240141449488, -2.08887647676846, 4.20580762188797, -119.785360224321
47744.7088678719, -20.2326494066443, 218.255996704102, -20, 0.504640750329144, 575.030090332031, 28.6090183258057, -80.5981140136719, -109.437343145892, -27.7834613661108, 7.90663748629081, 13.1634202930346, -3.56341480096026, 1.90454567227116, 4.91608973891871, -2.14612610162358, 4.15906740765281, -121.069561762613
47744.7888678718, -20.2430405937016, 216.756820678711, -20, 0.511470523225776, 579.161804199219, 28.6090221405029, -80.5981063842773, -108.588993180647, -27.3592863834884, 8.05085698041638, 12.845396531919, -2.19568928601269, 1.7645679279888, 4.7497121693633, -2.04134022183221, 2.99767928288049, -132.914666097126
47744.8488678718, -20.2485811442198, 215.524749755859, -20, 0.502277449134173, 581.546936035156, 28.6090240478516, -80.5980911254883, -106.892293250158, -27.1471988921772, 7.27885851194181, 12.6014813545318, -4.18452111455891, 2.01271029286533, 4.62429040268028, -1.58824431686075, 4.4752933057146, -110.798840394714
47744.9288678718, -20.2549934127952, 214.292739868164, -20, 0.512809575664159, 582.46240234375, 28.6090278625488, -80.5980834960938, -106.043943284913, -26.7230239095548, 7.84725298875765, 12.2683786484136, -2.43735492997592, 1.81971067574668, 4.46263993657958, -1.66981681257229, 2.95420124755676, -124.419078214505
47745.0088678718, -20.2602016609727, 212.673889160156, -20, 0.507319661027733, 584.461486816406, 28.6090297698975, -80.5980758666992, -105.195593319668, -26.5109364182436, 7.56729750019292, 11.9303110865891, -2.33387443512971, 1.96180929495064, 4.29841787074095, -1.28481427934396, 2.6639828233577, -118.837758517886
47745.0888678718, -20.2646776437831, 211.118927001953, -20, 0.508114302168358, 585.461975097656, 28.6090335845947, -80.5980682373047, -104.347243354424, -26.0867614356213, 7.71151699431846, 11.5891524929891, -0.877668088700356, 1.66276593215944, 4.12791432878035, -1.39392311213533, 1.64717058413503, -147.802351245573
47745.1488678718, -20.2676739062912, 210.217803955078, -20, 0.50653438891469, 583.938354492188, 28.6090354919434, -80.5980606079102, -103.498893389179, -25.8746739443101, 7.64364899709891, 11.3293278471229, -2.11316974564313, 1.91090829703596, 4.00304684270885, -0.977668278119162, 2.32828009307874, -114.831741771883
47745.2288678718, -20.2734584421223, 208.598999023438, -20, 0.521170481617145, 587.140563964844, 28.609037399292, -80.5980529785156, -102.650543423934, -25.6625864529989, 7.57578099987932, 10.977797047055, -1.08769983843841, 1.89394129773106, 3.84248345037403, -0.851360858416212, 1.38123827572176, -128.051528050997
47745.3088678718, -20.2795223523537, 207.311172485352, -20, 0.520288929081653, 588.826599121094, 28.6090412139893, -80.5980453491211, -101.802193458689, -25.2384114703765, 7.2958255113146, 10.6230370336386, -0.976377077717089, 1.70094168061242, 3.68286896860588, -0.900125391918047, 1.32795311951257, -132.673273369194
47745.3888678717, -20.2846931532468, 205.636566162109, -20, 0.521004708660841, 593.390197753906, 28.6090431213379, -80.598030090332, -100.1054935282, -25.0263239790653, 6.73591453418518, 10.2675828341709, -0.330002317692936, 1.79001842698009, 3.51355382117718, -0.518678955211743, 0.614757198731409, -147.53379481775
47745.4488678717, -20.2831106440752, 204.292770385742, -20, 0.504699997862536, 591.163635253906, 28.6090469360352, -80.5980224609375, -99.2571435629551, -24.602148996443, 7.30430901100101, 9.99762053445569, -0.855953582132382, 1.65004068269774, 3.38603551493927, -0.529352421099565, 1.00640432929015, -121.73472312448
47745.5288678717, -20.2822326227589, 203.004959106445, -20, 0.506268923478215, 587.990966796875, 28.6090488433838, -80.5980224609375, -99.2571435629551, -24.3900615051318, 7.94057148503641, 9.63666012036676, 1.02184287062101, 1.79213930190169, 3.2176852123362, -0.170509944517398, 1.03596979244811, 99.4738650789107
47745.6088678717, -20.2843010770307, 201.717132568359, -20, 0.516227960183077, 588.949523925781, 28.6090507507324, -80.598014831543, -98.4087935977103, -24.1779740138206, 7.02435352243628, 9.27721333743363, 0.340562933498554, 1.7751723025968, 3.04862262680674, 0.0163281206416492, 0.340954126030846, 87.2550681523103
47745.6888678717, -20.2872466906409, 199.986618041992, -20, 0.520600810055191, 591.688659667969, 28.6090526580811, -80.5980072021484, -97.5604436324656, -23.9658865225094, 7.16857301656185, 8.91554078665841, 1.86745984261875, 1.70518343045562, 2.88444756071976, 0.0917517462480884, 1.86971165303707, 87.1867184463685
47745.7488678717, -20.2887506779376, 199.029678344727, -20, 0.518678142536404, 589.947570800781, 28.6090545654297, -80.5979995727539, -96.7120936672209, -23.7537990311982, 7.10070501934228, 8.64231053331148, 0.545162657659466, 1.74123830398701, 2.76317437475949, 0.261351119943198, 0.604569822203048, 64.3866691131789
47745.8288678717, -20.2865894697502, 197.29914855957, -20, 0.507817492545041, 590.616333007813, 28.6090564727783, -80.5979919433594, -95.8637437019761, -23.5417115398871, 7.03283702212268, 8.27720320283391, 1.58993244321476, 1.72427130468211, 2.60415846634896, 0.410993354613691, 1.64218066972841, 75.5047933528702
47745.9088678717, -20.2850662172105, 195.83576965332, -20, 0.511820514967406, 586.655578613281, 28.609058380127, -80.5979843139648, -95.0153937367314, -23.3296240485759, 6.75288153355796, 7.91291578479009, 1.6840533879347, 1.70730430537722, 2.44888293157295, 0.548317532014766, 1.77104526916547, 71.9628946591924
47745.9888678717, -20.2852170256908, 194.49201965332, -20, 0.517199318588871, 589.454406738281, 28.6090602874756, -80.5979766845703, -94.1670437714866, -23.1175365572647, 6.89710102768353, 7.55273252413725, 3.15862028610999, 1.63731543323604, 2.29166558765763, 0.667031786567418, 3.22821354398914, 78.0699736503461
47746.0488678716, -20.2858223028143, 193.092407226563, -20, 0.519909201701399, 592.228515625, 28.6090621948242, -80.5979690551758, -93.3186938062419, -22.9054490659535, 6.82923303046395, 7.2831732628912, 1.82014850331987, 1.67337030676743, 2.17456015750323, 0.842447659257854, 2.00559713525398, 65.1602636377427
47746.1288678716, -20.2809631597616, 191.748748779297, -20, 0.505166906226284, 590.082275390625, 28.6090621948242, -80.5979690551758, -93.3186938062419, -22.9054490659535, 7.46549550449935, 6.9221415292497, 3.70337977878799, 1.83243592527628, 2.0253063533525, 1.16062589968505, 3.88074706341293, 72.588925732003
47746.2088678716, -20.2726528320045, 190.229461669922, -20, 0.494720941076718, 588.46630859375, 28.6090641021729, -80.5979614257813, -92.4703438409972, -22.6933615746423, 6.54927754189924, 6.56238075269569, 3.0260884948063, 1.65640330746253, 1.88228645292422, 1.07407565438038, 3.21088417639819, 70.4509204371415
47746.2888678716, -20.2673628993096, 188.829879760742, -20, 0.50148990388714, 583.265441894531, 28.6090660095215, -80.5979537963867, -91.6219938757524, -22.4812740833311, 6.69349703602478, 6.20752090831688, 4.47566790645719, 1.58641443532136, 1.74123756001347, 1.14444126442024, 4.6193813275473, 75.6435610214083
47746.3488678716, -20.2628708133501, 187.430160522461, -20, 0.498957498113288, 580.829956054688, 28.6090679168701, -80.5979537963867, -91.6219938757524, -22.2691865920199, 7.32975951006019, 5.94520898542106, 3.97380580087176, 1.62246930885274, 1.63966139847601, 1.26748310978631, 4.17073964107737, 72.2974722680235
47746.4288678716, -20.2621274564237, 185.910842895508, -20, 0.512861060565859, 582.395874023438, 28.6090679168701, -80.5979461669922, -90.7736439105077, -22.2691865920199, 6.6256290388052, 5.59896501495591, 4.17465368801355, 1.7815349273616, 1.51116810262728, 1.5607082039577, 4.45636975250361, 69.4872642884744
47746.5088678716, -20.2595198703066, 184.455352783203, -20, 0.508325911928412, 585.102661132813, 28.6090698242188, -80.5979461669922, -90.7736439105077, -22.0570991007088, 7.26189151284061, 5.25424388216673, 5.34201885173579, 1.60550230954785, 1.39322390948498, 1.41205364676112, 5.52496875458896, 75.1745767105206
47746.5888678716, -20.2532432422092, 182.869293212891, -20, 0.497969460110419, 585.877563476563, 28.6090698242188, -80.5979385375977, -89.9252939452629, -22.0570991007088, 6.55776104158563, 4.91426117095539, 5.72044625593054, 1.7645679280567, 1.27321991291169, 1.76277878900659, 5.98502814817953, 72.8488363522631
47746.6488678715, -20.2396299326261, 181.664489746094, -20, 0.464237563182777, 578.608581542969, 28.6090717315674, -80.5979309082031, -89.0769439800182, -21.8450116093976, 6.48989304436606, 4.66152013039314, 4.4394872981354, 1.58853531024296, 1.18813877713751, 1.60465863191321, 4.72004464084461, 70.1116001767301
47746.7288678715, -20.2286394976503, 180.059616088867, -20, 0.479207080105471, 575.451843261719, 28.6090717315674, -80.5979309082031, -89.0769439800182, -21.8450116093976, 7.12615551840145, 4.33120976253081, 6.18338061986071, 1.74760092875181, 1.08424559969613, 1.84912734437374, 6.45292042873854, 73.3229813437815
47746.8088678715, -20.2223706194134, 178.455795288086, -20, 0.489706347049178, 569.981750488281, 28.609073638916, -80.5979309082031, -89.0769439800182, -21.6329241180864, 7.12615551840145, 4.01101930110877, 6.49420198422624, 1.57156831093806, 0.981166295749799, 1.75595163813109, 6.72642618916523, 74.8410390481209
47746.8888678715, -20.2195411276861, 176.853103637695, -20, 0.498192655730604, 572.561401367188, 28.609073638916, -80.5979232788086, -88.2285940147734, -21.6329241180864, 6.42202504714648, 3.70030936831147, 6.72940123490483, 1.73063392944691, 0.881756540609573, 2.03927957237073, 7.03024612987297, 73.1078287501935
47746.9488678715, -20.2129319556629, 175.651733398438, -20, 0.481561397294504, 570.099304199219, 28.6090755462646, -80.5979232788086, -88.2285940147734, -21.4208366267752, 7.05828752118188, 3.46969203392658, 6.39505856109157, 1.55460131163316, 0.812926182703025, 1.853812281064, 6.65725995624276, 73.8049027090357
47747.0288678715, -20.2004242077238, 174.05078125, -20, 0.468746585907924, 570.596374511719, 28.6090755462646, -80.5979156494141, -87.3802440495287, -21.4208366267752, 6.3541570499269, 3.16894066475906, 6.43955707264835, 1.71366693014202, 0.726273889562365, 2.11105230895907, 6.77537119632554, 71.8176182676133
47747.1088678715, -20.1878456558262, 172.451278686523, -20, 0.464918465470877, 567.268737792969, 28.6090755462646, -80.5979156494141, -87.3802440495287, -21.4208366267752, 6.9904195239623, 2.8781957317569, 7.48020746887448, 1.71366693014202, 0.64134663711762, 2.20088506290562, 7.79550154698433, 73.5643234065439
47747.1888678715, -20.1778521762815, 170.853088378906, -20, 0.46859483721826, 563.39501953125, 28.6090774536133, -80.5979156494141, -87.3802440495287, -21.208749135464, 6.9904195239623, 2.59879013091631, 8.43159817850644, 1.48461243949199, 0.555254755716082, 2.03880813513168, 8.67286196528268, 76.3619031696374
47747.2488678715, -20.1652121374006, 169.654968261719, -20, 0.447516695945089, 564.269958496094, 28.6090774536133, -80.5979080200195, -86.531894084284, -21.208749135464, 6.28628905270731, 2.39693987342774, 6.55179432388311, 1.69669993083712, 0.492343471318195, 2.35295301336358, 6.95975873781555, 70.2105690518837
47747.3288678714, -20.1512868368562, 168.058532714844, -20, 0.45056819967808, 559.300598144531, 28.6090774536133, -80.5979080200195, -86.531894084284, -21.208749135464, 6.92255152674272, 2.13573715624977, 8.07772545257671, 1.69669993083712, 0.414878679423715, 2.39880931585994, 8.42411747071256, 73.4130506270911
47747.4088678714, -20.1384965887169, 166.462966918945, -20, 0.449483230197547, 558.9111328125, 28.6090793609619, -80.5979080200195, -86.531894084284, -20.9966616441528, 6.92255152674272, 1.88585094493054, 8.29674447267044, 1.52066731302337, 0.342823676502497, 2.23440503559202, 8.59031935033265, 74.8804897366211
47747.4888678714, -20.1281587126684, 164.868225097656, -20, 0.452508538658839, 556.014831542969, 28.6090793609619, -80.597900390625, -85.6835441190392, -20.9966616441528, 6.21842105548773, 1.6484356648628, 8.23943445034294, 1.67973293153223, 0.271075837070513, 2.51020438462678, 8.61080164170066, 73.0062102633742
47747.5488678714, -20.114946078159, 163.672729492188, -20, 0.430031529902139, 553.852783203125, 28.6090793609619, -80.597900390625, -85.6835441190392, -20.9966616441528, 6.85468352952314, 1.47834241306817, 8.11290898183786, 1.67973293153223, 0.222062882079607, 2.52191528680691, 8.49333743108884, 72.6829055285637
47747.6288678714, -20.0995507696869, 162.079071044922, -20, 0.430595218867783, 549.710388183594, 28.6090793609619, -80.597900390625, -85.6835441190392, -20.9966616441528, 6.85468352952314, 1.26068286835023, 8.73532283300964, 1.67973293153223, 0.163349525532361, 2.54380504557553, 9.09541574639828, 73.7093024398556
47747.7088678714, -20.0855939666882, 160.485931396484, -20, 0.429648977368761, 548.491027832031, 28.6090793609619, -80.597900390625, -85.6835441190392, -20.9966616441528, 6.85468352952314, 1.05690629583181, 8.88037065030484, 1.67973293153223, 0.107815258911205, 2.58786052520931, 9.24685272934879, 73.6966399678414
47747.7888678714, -20.0744055188315, 159.291244506836, -20, 0.432951530550322, 546.171752929688, 28.6090812683105, -80.597900390625, -85.6835441190392, -20.7845741528416, 6.85468352952314, 0.865837525289002, 9.49560989415932, 1.4506784408822, 0.0580419173418285, 2.33063031763592, 9.77489730477037, 76.1525360124329
47747.8488678714, -20.0607217468006, 157.698501586914, -20, 0.41070292178265, 543.652648925781, 28.6090812683105, -80.5978927612305, -84.8351941537945, -20.7845741528416, 6.15055305826817, 0.73124425761102, 7.91526249891929, 1.66276593222733, 0.0257812036759131, 2.57413742936687, 8.32077830721882, 71.9368391097781
47747.9288678713, -20.0477878056762, 156.105819702148, -20, 0.419644914239061, 537.878601074219, 28.6090812683105, -80.5978927612305, -84.8351941537945, -20.7845741528416, 6.78681553230356, 0.562746230238084, 9.14024005380299, 1.66276593222733, -0.00773699518473825, 2.5444750251257, 9.4848995230285, 74.3857025750808
47748.0088678713, -20.0379194817734, 154.512741088867, -20, 0.424006721855395, 539.245056152344, 28.6090812683105, -80.5978927612305, -84.8351941537945, -20.7845741528416, 6.78681553230356, 0.408677791637179, 9.60589824352423, 1.66276593222733, -0.0327260723001817, 2.51184989816834, 9.92589731410627, 75.2844466281011
47748.0888678713, -20.0301912890344, 153.317535400391, -20, 0.426772947463254, 540.487121582031, 28.6090812683105, -80.5978927612305, -84.8351941537945, -20.7845741528416, 6.78681553230356, 0.269225335895218, 9.28366429454733, 1.66276593222733, -0.056410877153811, 2.53186496347481, 9.6198003329832, 74.6860660741193
47748.1488678713, -20.0148873325142, 151.723281860352, -20, 0.389768518120522, 536.718017578125, 28.6090812683105, -80.5978927612305, -84.8351941537945, -20.7845741528416, 6.78681553230356, 0.173391076166828, 9.07681967563131, 1.66276593222733, -0.0684642487938252, 2.49026542754005, 9.40946888738024, 74.6014524851248
47748.2288678713, -19.997762716434, 150.128921508789, -20, 0.391967601559429, 532.007080078125, 28.6090812683105, -80.5978927612305, -84.8351941537945, -20.7845741528416, 6.78681553230356, 0.0593192677400438, 9.3558694580141, 1.66276593222733, -0.0786695522037465, 2.4599109991865, 9.67106873964797, 75.2103586838086
47748.3088678713, -19.9851909064814, 148.683120727539, -20, 0.398890247023134, 525.979797363281, 28.6090812683105, -80.5978851318359, -83.9868441885497, -20.7845741528416, 5.87059756970343, -0.0286957673958126, 8.39017730922029, 1.66276593222733, -0.0835849123359862, 2.42753193743166, 8.73188407787168, 73.8130435674531
47748.3888678713, -19.9775819953972, 147.485931396484, -20, 0.40854470329791, 526.643249511719, 28.6090812683105, -80.5978851318359, -83.9868441885497, -20.7845741528416, 6.71894753508398, -0.0717065603005471, 8.90767333777575, 1.66276593222733, -0.0817836464937035, 2.37639136326669, 9.216740363693, 75.0089809174608
47748.4488678713, -19.9717717989081, 145.888076782227, -20, 0.406081406003646, 530.229736328125, 28.6090831756592, -80.5978851318359, -83.9868441885497, -20.5724866615305, 6.71894753508398, -0.0963121696661879, 8.80461340021215, 1.48673331441359, -0.073750267984914, 2.08962416654747, 9.04728236302574, 76.6009161187366
47748.5288678712, -19.9605503506096, 144.288650512695, -20, 0.393309801384484, 528.733093261719, 28.6090831756592, -80.5978851318359, -83.9868441885497, -20.5724866615305, 6.71894753508398, -0.0827577090082876, 8.5075888863947, 1.64579893292244, -0.0605180723408933, 2.24708164534397, 8.79723119565059, 75.1560676174264
47748.6088678712, -19.951230902868, 142.687835693359, -20, 0.394607919679559, 522.880004882813, 28.6090831756592, -80.5978851318359, -83.9868441885497, -20.5724866615305, 6.71894753508398, -0.0211888647817595, 7.92372036774883, 1.64579893292244, -0.0326870379124392, 2.1055359019055, 8.19697043673794, 75.0767179326553
47748.6888678712, -19.9493860480769, 141.485977172852, -20, 0.41244624707408, 522.931701660156, 28.6090831756592, -80.5978851318359, -83.9868441885497, -20.5724866615305, 6.71894753508398, 0.0476772255407925, 7.94561084047057, 1.64579893292244, -0.00474026550418494, 2.07245217152548, 8.20976361705875, 75.3393775274451
47748.7488678712, -19.9541963919361, 139.881820678711, -20, 0.434639073112272, 529.352355957031, 28.6090831756592, -80.5978851318359, -83.9868441885497, -20.5724866615305, 6.71894753508398, 0.162221036762837, 7.4708207414009, 1.64579893292244, 0.0365092664568251, 1.82102378039132, 7.68833365139901, 76.2660037954482
47748.8288678712, -19.957805277461, 138.275299072266, -20, 0.42872113843639, 533.031860351563, 28.6090831756592, -80.5978851318359, -83.9868441885497, -20.5724866615305, 6.71894753508398, 0.29857443679732, 7.14876104371786, 1.64579893292244, 0.0819704517072724, 1.83925785111876, 7.38038483320622, 75.5381195793159
47748.9088678712, -19.9573138463432, 136.666946411133, -20, 0.41812760132207, 536.304809570313, 28.6090831756592, -80.5978775024414, -83.138494223305, -20.5724866615305, 5.80272957248387, 0.453631358061656, 5.33852192953941, 1.64579893292244, 0.132915723248413, 1.73820318465015, 5.61359223475111, 71.9431038090367
47748.9888678712, -19.9554390059966, 135.459899902344, -20, 0.413834640152348, 533.604797363281, 28.6090831756592, -80.5978775024414, -83.138494223305, -20.5724866615305, 6.6510795378644, 0.58103049279195, 6.8035946678164, 1.64579893292244, 0.174278939974828, 1.76160995169457, 7.02691750292994, 75.4530496258079
47749.0488678712, -19.9556192576086, 133.849533081055, -20, 0.419052525563459, 537.121887207031, 28.6090831756592, -80.5978775024414, -83.138494223305, -20.5724866615305, 6.6510795378644, 0.764204161132776, 6.17018676396208, 1.64579893292244, 0.227762947440725, 1.47366401507983, 6.3430661624621, 76.5437080766486
47749.1288678712, -19.9589236460144, 132.237777709961, -20, 0.427704888398625, 537.970825195313, 28.6090850830078, -80.5978775024414, -83.138494223305, -20.3603991702193, 6.6510795378644, 0.962888423167686, 5.81998674968697, 1.46976631510869, 0.277955597670995, 1.36154233995811, 5.97659290948014, 76.8121999165246
47749.2088678711, -19.9630687263999, 130.624588012695, -20, 0.431109671388698, 541.559020996094, 28.6090850830078, -80.5978775024414, -83.138494223305, -20.3603991702193, 6.6510795378644, 1.17521984923888, 4.93529225866273, 1.62883193361754, 0.334464332163829, 1.43827546288151, 5.14009991023686, 73.7350439070221
47749.2888678711, -19.9637597699726, 129.414169311523, -20, 0.422571483685477, 541.910400390625, 28.6090850830078, -80.5978698730469, -82.2901442580602, -20.3603991702193, 5.9469490666094, 1.34321259170063, 4.75579608376895, 1.62883193361754, 0.383697261915933, 1.31142923914614, 4.93289887754729, 74.5680098542724
47749.3488678711, -19.9675837788642, 127.799354553223, -20, 0.43483172550961, 540.118774414063, 28.6090850830078, -80.5978698730469, -82.2901442580602, -20.3603991702193, 6.58321154064482, 1.57748142379948, 4.7451223658279, 1.62883193361754, 0.451654422568244, 1.21347298099798, 4.89748248843118, 75.6404468750227
47749.4288678711, -19.978726392793, 126.183494567871, -20, 0.453756384475086, 543.818115234375, 28.6090850830078, -80.5978698730469, -82.2901442580602, -20.3603991702193, 6.58321154064482, 1.82322742713806, 4.3679563648, 1.62883193361754, 0.517862357976815, 1.14803142349822, 4.51602309791719, 75.2612816921231
47749.5088678711, -19.9901142768467, 124.566062927246, -20, 0.458315776313489, 547.236328125, 28.6090869903564, -80.5978698730469, -82.2901442580602, -20.1483116789081, 6.58321154064482, 2.08182984027308, 3.31740519162799, 1.45279931580379, 0.585863208777248, 0.842437944605598, 3.42258464419149, 75.7440803380841
47749.5888678711, -19.9965925407323, 123.352439880371, -20, 0.448295488414422, 551.2021484375, 28.6090869903564, -80.5978622436523, -81.4417942928155, -20.1483116789081, 5.87908106938985, 2.28405484275605, 3.30199125702249, 1.61186493431265, 0.638451838764276, 0.954914459819438, 3.43714970961424, 73.8627148121215
47749.6488678711, -20.0039040844227, 121.733413696289, -20, 0.459042393547612, 553.458374023438, 28.6090869903564, -80.5978622436523, -81.4417942928155, -20.1483116789081, 6.51534354342524, 2.56444781967479, 3.14593556177876, 1.61186493431265, 0.711206963013641, 0.848551705094011, 3.25825517934324, 74.898155924885
47749.7288678711, -20.0093774748256, 120.114166259766, -20, 0.450307253792252, 553.082885742188, 28.6090869903564, -80.5978622436523, -81.4417942928155, -20.1483116789081, 6.51534354342524, 2.85634062374779, 2.71234269555571, 1.61186493431265, 0.785521432884594, 0.748340323886122, 2.81360937932106, 74.5706512934373
47749.808867871, -20.0174980581868, 118.494422912598, -20, 0.459837432598474, 554.096008300781, 28.6090888977051, -80.5978546142578, -80.5934443275708, -19.9362241875969, 5.81121307217025, 3.15799089914169, 0.679691009356627, 1.4358323164989, 0.857704838606014, 0.466926578750212, 0.824615104684082, 55.5118144881829
47749.888867871, -20.0260155541571, 117.27904510498, -20, 0.463914899927438, 560.889099121094, 28.6090888977051, -80.5978546142578, -80.5934443275708, -19.9362241875969, 6.44747554620566, 3.39056147726004, 2.43879023396696, 1.59489793500775, 0.911724724654911, 0.594568044050183, 2.51017836877361, 76.2950334137991
47749.948867871, -20.0341324158445, 115.658386230469, -20, 0.472620664465091, 562.106506347656, 28.6090888977051, -80.5978546142578, -80.5934443275708, -19.9362241875969, 6.44747554620566, 3.7108667667306, 1.39860283837861, 1.59489793500775, 0.983637866270775, 0.509611580536177, 1.48853695886133, 69.9780933441751
47750.028867871, -20.0405577218631, 114.037628173828, -20, 0.464038811879382, 562.122497558594, 28.6090908050537, -80.5978469848633, -79.745094362326, -19.7241366962857, 5.53125758360556, 4.0413046487396, -0.172186656855104, 1.41886531719401, 1.05572109503526, 0.210887426405128, 0.272252855868508, -39.2311820393168
47750.108867871, -20.044889519759, 112.417068481445, -20, 0.460500728914296, 559.840270996094, 28.6090908050537, -80.5978469848633, -79.745094362326, -19.7241366962857, 6.37960754898608, 4.37997096941116, -0.467745593050366, 1.57793093570286, 1.12706875771549, 0.322026408774554, 0.56787731421349, -55.4537979320204
47750.168867871, -20.0542714449729, 111.201499938965, -20, 0.476626806816116, 560.014404296875, 28.6090927124023, -80.5978393554688, -78.8967443970813, -19.5120492049745, 5.67547707773109, 4.63692515987672, -0.160709567123263, 1.34887644505283, 1.17989744314122, -0.00931139926961244, 0.160979088375549, -93.3159742720074
47750.248867871, -20.0709219059459, 109.580230712891, -20, 0.514713957421623, 565.787963867188, 28.6090927124023, -80.5978393554688, -78.8967443970813, -19.5120492049745, 6.3117395517665, 4.98507627714284, -0.497891559494251, 1.56096393639796, 1.24798299851988, 0.18138649756049, 0.529902102610621, -69.9826490628104
47750.328867871, -20.0853943335363, 107.958625793457, -20, 0.500800416808396, 571.338562011719, 28.6090927124023, -80.5978317260742, -78.0483944318366, -19.5120492049745, 5.39552158916639, 5.34271316261413, -2.09761839198889, 1.56096393639796, 1.31332911757543, 0.123715034975517, 2.10126188030878, -86.623923459996
47750.4088678709, -20.0921035763366, 106.337074279785, -20, 0.484109104115524, 573.114685058594, 28.609094619751, -80.5978240966797, -77.2000444665918, -19.2999617136633, 5.53974108329193, 5.7101384153572, -3.35754342728404, 1.38493131858422, 1.38190589176634, -0.19404372860768, 3.3631395637016, -93.3095198172802
47750.4688678709, -20.0952278322444, 105.12133026123, -20, 0.476621037779353, 568.757690429688, 28.609094619751, -80.5978240966797, -77.2000444665918, -19.2999617136633, 6.17600355732734, 5.99003868420404, -1.35475949782762, 1.54399693709307, 1.42956659042555, -0.0225703467343719, 1.35494746118287, -90.9545505525307
47750.5488678709, -20.1036664300532, 103.500625610352, -20, 0.500203565898966, 571.344116210938, 28.6090965270996, -80.5978164672852, -76.3516945013471, -19.0878742223522, 5.47187308607237, 6.36572342898865, -3.36963640699773, 1.36796431927932, 1.48772766636287, -0.263299672844666, 3.37989589873779, -94.4705010054547
47750.6288678709, -20.1169226029575, 101.880187988281, -20, 0.510322689726247, 575.740783691406, 28.6090965270996, -80.5978088378906, -75.5033445361023, -19.0878742223522, 5.19191759750765, 6.74529861830813, -4.19149425929135, 1.52702993778817, 1.54567389729031, -0.140359985340134, 4.19383951696512, -91.9196476867751
47750.7088678709, -20.1261161272122, 100.259780883789, -20, 0.503888266098478, 577.694030761719, 28.6090984344482, -80.5978088378906, -75.5033445361023, -18.875786731041, 6.04026756288819, 7.13076194536088, -4.64450394072007, 1.35099731997443, 1.60656486253644, -0.446958246439801, 4.66591371194705, -95.5027955656338
47750.7688678709, -20.1305398969765, 99.0450744628906, -20, 0.494034358875946, 576.97021484375, 28.6091003417969, -80.5978012084961, -74.6549945708576, -18.6636992397298, 5.3361370916332, 7.42354765482958, -4.18373283626112, 1.28100844783325, 1.65081472919336, -0.570083043987163, 4.22232605315437, -97.7661276833087
47750.8488678709, -20.1355575790917, 97.4260940551758, -20, 0.501863402994138, 582.078247070313, 28.6091003417969, -80.5977935791016, -73.8066446056128, -18.6636992397298, 5.26826909441363, 7.81700054295898, -5.49436072391446, 1.49309593917838, 1.70678967907317, -0.360232406746519, 5.50612106069339, -93.7568873058605
47750.9288678709, -20.140089591041, 95.807991027832, -20, 0.498614388362403, 579.902770996094, 28.6091022491455, -80.597785949707, -72.9582946403681, -18.4516117484186, 4.9883136058489, 8.21315397214409, -6.3285253554279, 1.31706332136464, 1.76839570329669, -0.687992900681274, 6.36566107544907, -96.2168161606464
47751.0088678708, -20.1426301063573, 94.1908950805664, -20, 0.49509534756505, 578.691711425781, 28.6091022491455, -80.5977783203125, -72.1099446751234, -18.4516117484186, 5.13253309997447, 8.61107638502875, -7.64312939402916, 1.47612893987349, 1.82746093507863, -0.549217558890124, 7.66271985000489, -94.1221876122464
47751.0688678708, -20.1454656214092, 92.9790115356445, -20, 0.49740713965788, 579.040222167969, 28.6091041564941, -80.597770690918, -71.2615947098786, -18.2395242571074, 5.06466510275488, 8.90978876245455, -6.34722064409951, 1.30009632205974, 1.86938715756363, -0.787382728231581, 6.39567378944282, -97.0856221599176
47751.1488678708, -20.1509713066073, 91.3638381958008, -20, 0.511050539762746, 580.668579101563, 28.6091041564941, -80.597770690918, -71.2615947098786, -18.2395242571074, 5.70092757679029, 9.30849285587776, -6.81497450968827, 1.45916194056859, 1.92297390371718, -0.643817502274543, 6.84517508527663, -95.4093306088825
47751.2288678708, -20.1539481122802, 88.3664016723633, -20, 0.501797944384069, 581.707824707031, 28.6091060638428, -80.5977630615234, -70.4132447446339, -18.0274367657962, 4.78470961419019, 9.70848159094577, -8.40799637680835, 1.28312932275485, 1.97000975524627, -0.862917460140465, 8.45184457564171, -95.8804984033038
47751.3088678708, -20.1546815924641, 86.7535247802734, -20, 0.497065075094659, 579.121765136719, 28.6091079711914, -80.5977554321289, -69.5648947793891, -17.815349274485, 4.92892910831572, 10.1092168674997, -9.72636074106828, 1.21314045061367, 2.0143197545694, -0.9802731577928, 9.77516138994319, -95.7823994340462
47751.3688678708, -20.1551802869764, 85.5447158813477, -20, 0.497273375143042, 579.313903808594, 28.6091079711914, -80.5977401733398, -67.8681948488996, -17.815349274485, 4.15693063984116, 10.4083435471467, -9.25280938066945, 1.4252279419588, 2.0455914130588, -0.744057966415933, 9.28241792258393, -94.6173346220137
47751.4488678708, -20.1567508103158, 83.9341354370117, -20, 0.502281652260149, 582.264404296875, 28.60910987854, -80.5977401733398, -67.8681948488996, -17.6032617831739, 5.42945558791197, 10.8049765094704, -8.93733653470199, 1.24919532414506, 2.08697169349921, -1.00325918382491, 8.99301597870005, -96.430418597781
47751.5288678708, -20.1559244615376, 82.3248443603516, -20, 0.495315178289432, 578.325988769531, 28.6091117858887, -80.5977249145508, -66.1714949184102, -17.3911742918627, 3.59701966271175, 11.2012533271495, -11.6152041282526, 1.23222832484017, 2.12286366560331, -1.02624014525929, 11.6598314088923, -95.0834515160813
47751.6088678708, -20.1543769644555, 80.7171401977539, -20, 0.49358819140824, 576.600402832031, 28.6091117858887, -80.5977172851563, -65.3231449531654, -17.3911742918627, 4.58958912221782, 11.5936495685836, -11.8510849847342, 1.39129394334901, 2.153688933555, -0.834961359433641, 11.8800422968595, -94.0587229045672
47751.6688678707, -20.154089815907, 79.5122756958008, -20, 0.497254920014386, 579.982299804688, 28.6091136932373, -80.5977096557617, -64.4747949879207, -17.1790868005515, 4.52172112499826, 11.8849128630597, -10.5484453821095, 1.21526132553527, 2.17460238195259, -1.04981721785573, 10.5999686652081, -95.7152593952887
47751.7488678707, -20.1514091203921, 77.9070053100586, -20, 0.488553123599083, 579.079162597656, 28.6091156005859, -80.5977020263672, -63.626445022676, -16.9669993092403, 4.45385312777868, 12.2711751261573, -11.8121478168624, 1.19829432623038, 2.1952208408176, -1.04122126637402, 11.8573004614169, -95.0729053888483
47751.8288678707, -20.1448287799962, 76.303466796875, -20, 0.479314120305552, 572.235290527344, 28.6091156005859, -80.5976943969727, -62.7780950574312, -16.9669993092403, 4.17389763921395, 12.6537026969362, -12.5859011397255, 1.35735994473922, 2.20779290347213, -0.805761374127476, 12.6112522079953, -93.6925542566032
47751.9088678707, -20.1438851400625, 74.701416015625, -20, 0.493651138046557, 570.816650390625, 28.6091175079346, -80.5976791381836, -61.0813951269417, -16.7549118179291, 3.61398666208453, 13.0272993538566, -14.5787680767009, 1.12830545408919, 2.21813518861298, -1.07718603750879, 14.617648845615, -94.2712778770282
47751.9688678707, -20.1450950436329, 73.5006256103516, -20, 0.500038843231831, 573.097351074219, 28.6091194152832, -80.5976715087891, -60.233045161697, -16.5428243266179, 4.18238113890036, 13.3032370892002, -12.5686831172995, 1.16436032762059, 2.22310928563198, -1.01269818669773, 12.6087608150779, -94.6433002775997
47752.0488678707, -20.1420789988238, 71.9006805419922, -20, 0.486331222920097, 573.372619628906, 28.6091213226318, -80.5976638793945, -59.3846951964522, -16.3307368353067, 4.11451314168077, 13.6671995344832, -13.7547071220661, 1.14739332831568, 2.22468085482599, -0.997852097676541, 13.7901586136315, -94.1890950252821
47752.1288678707, -20.1333876240875, 70.3023529052734, -20, 0.472147838112861, 570.886596679688, 28.6091213226318, -80.5976486206055, -57.6879952659628, -16.3307368353067, 2.91833969051594, 14.0266975054697, -15, 1.30645894682454, 2.22531125295954, -0.80140613211636, 15.0209024706492, -93.0932857108841
47752.2088678707, -20.1225189097575, 68.7058792114258, -20, 0.463390514751504, 569.897644042969, 28.6091232299805, -80.5976409912109, -56.839645300718, -16.1186493439956, 3.91090915002205, 14.3787693606875, -15, 1.07740445617452, 2.22170741368891, -1.04110557560105, 15.0352593345937, -94.0157133640327
47752.2688678706, -20.1147502586952, 67.5097122192383, -20, 0.468880646084466, 563.544799804688, 28.6091251373291, -80.5976333618164, -55.9912953354733, -15.9065618526844, 3.84304115280245, 14.6368403750133, -14.8967267137822, 1.1134593297059, 2.21379767392679, -0.936939639555489, 14.9254967104337, -93.6395138260364
47752.3488678706, -20.1066745078819, 65.9162445068359, -20, 0.458876615100518, 562.851684570313, 28.6091251373291, -80.5976181030273, -54.2945954049838, -15.9065618526844, 3.0710426843279, 14.971647619167, -15, 1.27252494821475, 2.1994968587534, -0.701482780481422, 15.0160175848176, -92.7082348853473
47752.4288678706, -20.0994257591357, 64.3241424560547, -20, 0.46553455358931, 561.383728027344, 28.6091270446777, -80.5976104736328, -53.4462454397391, -15.6944743613732, 3.42734966979858, 15.2971347469164, -15, 1.096492330401, 2.18692923364688, -0.911512046756059, 15.0270351247957, -93.5172387467786
47752.5088678706, -20.0936036451794, 62.7333755493164, -20, 0.467437815260762, 562.585266113281, 28.6091289520264, -80.5975952148438, -51.7495455092496, -15.482386870062, 2.86743869266916, 15.6132007425734, -15, 1.02650345825983, 2.16943973324812, -0.938511577169209, 15.0286588874558, -93.6211390608707
47752.5688678706, -20.0817596243034, 61.5412712097168, -20, 0.44856467914956, 561.160034179688, 28.609130859375, -80.5975875854492, -50.9011955440048, -15.2702993787508, 3.43583316948499, 15.8451949584758, -15, 1.06255833179121, 2.15246733524054, -0.836980069633022, 15.0227979135163, -93.230300642179
47752.6488678706, -20.0650815397286, 59.9533958435059, -20, 0.416939031103908, 554.777648925781, 28.609130859375, -80.5975723266602, -49.2044956135153, -15.2702993787508, 2.66383470101042, 16.1460378911182, -15, 1.22162395030007, 2.1297367313232, -0.618795543641973, 15.0124654734371, -92.3894097676626
47752.7288678706, -20.0504326737166, 58.3672523498535, -20, 0.430985108917243, 550.402954101563, 28.6091327667236, -80.5975646972656, -48.3561456482706, -15.0582118874396, 3.02014168648112, 16.4339515371293, -15, 1.04559133248632, 2.10631838288133, -0.797623164593625, 15.0207057355857, -93.0787132263965
47752.8088678706, -20.0440567822764, 56.7822265625, -20, 0.449612210474873, 553.426879882813, 28.6091346740723, -80.5975494384766, -46.6594457177811, -14.8461243961285, 2.46023070935168, 16.7079111320133, -15, 0.975602460345141, 2.07523856709886, -0.787732736045621, 15.0201957653371, -93.0406120629192
47752.8688678706, -20.0342971117179, 55.5940361022949, -20, 0.429706710517241, 551.682739257813, 28.6091365814209, -80.5975341796875, -44.9627457872916, -14.6340369048173, 2.32449471491252, 16.9069499691118, -15, 1.01165733387653, 2.04948000720101, -0.689692328920596, 15.0154839413867, -92.6627834364018
47752.9488678705, -20.0180800327879, 54.0109214782715, -20, 0.41609259089173, 546.488037109375, 28.6091365814209, -80.597526550293, -44.1143958220469, -14.6340369048173, 2.89288919172835, 17.1631648846728, -15, 1.17072295238538, 2.01616187281634, -0.46720776767924, 15.0071074220618, -91.8045352907547
47753.0288678705, -20.0027582496067, 52.4290809631348, -20, 0.412979239149027, 542.906494140625, 28.6091384887695, -80.5975112915039, -42.4176958915574, -14.4219494135061, 1.69671574056352, 17.4058437321115, -15, 0.994690334571637, 1.98275448157896, -0.638479064492914, 15.0132707689465, -92.4653200534468
47753.1088678705, -19.9921732321551, 50.8481826782227, -20, 0.421085090295653, 538.532104492188, 28.6091384887695, -80.5974960327148, -40.7209959610679, -14.4219494135061, 1.98515472881463, 17.6344220761046, -15, 1.15375595308049, 1.94306361209901, -0.353476638206683, 15.0040687164908, -91.3654616263843
47753.1688678705, -19.9823906169485, 49.6628913879395, -20, 0.411462173096665, 537.266357421875, 28.6091403961182, -80.5974884033203, -39.8726459958232, -14.2098619221949, 2.55354920563045, 17.7959838227646, -15, 0.977723335266741, 1.91219243968334, -0.517200851088072, 15.0087093804843, -91.9974738668449
47753.2488678705, -19.9746458675782, 48.0826263427734, -20, 0.421896938219311, 539.126586914063, 28.6091423034668, -80.5974731445313, -38.1759460653337, -13.9977744308837, 1.78155073715589, 17.9996691131734, -15, 0.960756335961846, 1.87021010256733, -0.481754204513604, 15.007556775458, -91.8606789984264
47753.3288678705, -19.9629792715667, 46.502571105957, -20, 0.407860930096763, 537.144287109375, 28.6091423034668, -80.5974578857422, -36.4792461348442, -13.9977744308837, 1.22163976002647, 18.1909040889483, -15, 1.1198219544707, 1.82526635961665, -0.215296782522547, 15.0015095522047, -90.8317824940931
47753.4088678705, -19.951952152104, 44.9228897094727, -20, 0.405407938265781, 535.440612792969, 28.6091442108154, -80.5974502563477, -35.6308961695995, -13.7856869395725, 2.21420921953255, 18.3687219761208, -15, 0.890767463820669, 1.78314909905196, -0.461533981831326, 15.0069358843985, -91.7826356602144
47753.4688678705, -19.9368079132387, 43.7383308410645, -17.7088873646551, 1, 558.638366699219, 28.6091461181641, -80.5974349975586, -33.93419623911, -13.5735994482613, 1.442210751058, 18.4927682506342, -15, 0.926822337352056, 1.75045602087206, -0.368479292422357, 15.004421372075, -91.4233919494964
47753.5488678704, -19.9129030816848, 42.1592407226563, -14.5789347914597, 1, 640.339233398438, 28.6091461181641, -80.5974197387695, -32.2374963086205, -13.5735994482613, 1.30647475661883, 18.6516758063795, -15, 1.08588795586091, 1.70570100863609, -0.115658575998383, 15.000435656594, -90.4468610581709
47753.6288678704, -19.7806614039764, 40.5857772827148, -11.3924658812006, 1, 701.313049316406, 28.6091480255127, -80.5974044799805, -30.540796378131, -13.3615119569502, 0.746563779489414, 18.8238499028022, -15, 0.909855338047161, 1.66147057101227, -0.278356794004432, 15.0025232601503, -91.07535754885
47753.7088678704, -19.6092083876182, 39.0271797180176, -8.17543820935869, 1, 737.67578125, 28.6091480255127, -80.5973968505859, -29.6924464128863, -13.3615119569502, 1.7391332389955, 18.9989669359328, -15, 1.06892095655601, 1.6119876234236, 0.0108608567219515, 15.0000038416963, -89.9580368797409
47753.7688678704, -19.3078769501129, 37.8722038269043, -5.76117772401465, 1, 773.809814453125, 28.6091499328613, -80.5973815917969, -27.9957464823968, -13.149424465639, 0.967134770520938, 19.1265022630658, -15, 0.892888338742266, 1.57279659184595, -0.132968782848434, 15.0005758189681, -90.5137376965809
47753.8488678704, -18.9406412260043, 36.3552131652832, -2.51756999187179, 1, 798.51318359375, 28.6091499328613, -80.5973663330078, -26.2990465519073, -13.149424465639, 0.831398776081776, 19.2858685309413, -15, 1.05195395725112, 1.51965294312888, 0.127975228236662, 15.0005333828164, -89.5055543732692
47753.9288678704, -18.5263789209783, 34.8680992126465, 0, 1, 815.315002441406, 28.60915184021, -80.5973510742188, -24.6023466214178, -12.9373369743278, 0.271487798952355, 19.4261901693042, -15, 0.875921339437371, 1.46322521906916, 0.00861007770201166, 15.0000024143989, -89.9667332181885
47754.0088678704, -18.1926511919898, 33.4136581420898, 0, 1, 825.462158203125, 28.6091537475586, -80.5973358154297, -22.9056466909284, -12.7252494830166, 0.559926787203465, 19.5322275639308, -15, 0.805932467296193, 1.40564747208131, 0.00186212747659609, 15.0000001129311, -89.9928052919531
47754.0688678704, -17.7229667598679, 32.3455352783203, 0, 1, 834.33056640625, 28.6091537475586, -80.5973205566406, -21.2089467604389, -12.7252494830166, 0.424190792764304, 19.578624021422, -15, 1.01801995864133, 1.36412228071558, 0.289408496582239, 15.002727582986, -88.8819581199898
47754.1488678703, -17.2327879458438, 30.9528617858887, 0, 1, 840.3369140625, 28.6091556549072, -80.5973129272461, -20.3605967951941, -12.5131619917054, 0.992585269580126, 19.5888034834419, -15, 0.841987340827585, 1.31577128605572, 0.0831920679245868, 15.0002254008215, -89.6785740170943
47754.2288678703, -16.7310388267989, 29.5970726013184, 0, 1, 843.889953613281, 28.6091556549072, -80.597297668457, -18.6638968647047, -12.5131619917054, -0.2035881815847, 19.5410165893869, -15, 1.00105295933643, 1.27350932785688, 0.278899421414168, 15.00253310657, -88.9225466644945
47754.3088678703, -16.3497469744374, 28.2788066864014, 0, 1, 845.588562011719, 28.6091575622559, -80.597282409668, -16.9671969342152, -12.3010745003942, 0.0848508066664071, 19.4260199343414, -15, 0.771998468686402, 1.23808120420592, -0.00507884429042577, 15.0000008400879, -90.0196231466783
47754.3688678703, -15.8421175264914, 27.314905166626, 0, 1, 847.884765625, 28.6091575622559, -80.5972671508789, -15.2704970037257, -12.3010745003942, -0.0508851877727516, 19.2950849698252, -15, 0.984085960031538, 1.21656376039866, 0.224571101894659, 15.0016423997624, -89.1323924327961
47754.4488678703, -14.0180534899168, 26.1183738708496, 0, 0.402230843254968, 806.125427246094, 28.6091575622559, -80.5972595214844, -14.422147038481, -12.3010745003942, 0.517509289043074, 17.2333887310869, -4.60970624099189, 0.984085960031538, 1.05976215371865, 1.3735101011369, 4.80955811388896, -73.3926012629008
47754.5288678703, -8.4323352635665, 25.3084583282471, 0, 0.01, 702.179748535156, 28.6091594696045, -80.5972442626953, -12.7254471079915, -12.088987009083, -0.678664162121757, 13.8096065742583, 8.26747797653005, 0.808053342217794, 1.20016227794134, -1.2355358585824, 8.35865606112671, 98.528163068104
47754.6088678703, -5.14556712863993, 24.9109477996826, 0, 0.01, 624.580993652344, 28.6091594696045, -80.5972290039063, -11.028747177502, -12.088987009083, -0.390225173870648, 11.3820492682527, 10.1168170485914, 0.967118960726644, 1.34810744267393, -1.27908390866961, 10.1965192137365, 97.2423430573028
47754.6688678703, -3.75740673714283, 24.6098308563232, 0, 0.01, 536.38525390625, 28.6091613769531, -80.5972213745117, -10.1803972122572, -11.8768995177719, 0.178169302945176, 11.3987385905734, -13.6308562028113, 0.791086342912898, 1.38360336961906, -0.778644206432407, 13.6526570998215, -93.3002661487114
47754.7488678703, -3.63196522843312, 24.3170738220215, 0, 0.972111919038517, 551.62158203125, 28.6091613769531, -80.5972137451172, -9.3320472470125, -11.8768995177719, 0.110301305725598, 11.4566440329775, -14.0999823052142, 0.950151961421749, 1.43147071871001, -0.64963718686813, 14.1146369187394, -92.6646782902823
47754.8288678702, -3.57713379636293, 24.023494720459, 0, 1, 633.928527832031, 28.6091632843018, -80.5971984863281, -7.63534731652302, -11.6648120264607, -1.08587214543924, 11.5519510341039, -15, 0.774119343608004, 1.4836353771092, -0.956271350967319, 15.0297527095082, -93.689469303657
47754.9088678702, -3.45619145160461, 23.8057022094727, 0, 0.921135911921623, 680.598205566406, 28.6091651916504, -80.5971908569336, -6.78699735127828, -11.4527245351495, -0.0933026859331413, 11.7020731334948, -15, 0.704130471466824, 1.54834162172978, -1.21264275667703, 15.047815502584, -94.674542634745
47754.9688678702, -3.19783111064545, 23.5266532897949, 0, 0.281458011192136, 665.844116210938, 28.6091651916504, -80.5971832275391, -5.93864738603354, -11.4527245351495, -0.16117068315272, 11.8507058054973, -15, 0.916217962811959, 1.6035464067509, -1.09154692172206, 15.0387542050609, -94.2095675894812
47755.0488678702, -2.9042800838871, 23.2661437988281, 0, 0.317655841815431, 607.659545898438, 28.609167098999, -80.59716796875, -4.24194745554405, -11.2406370438383, -0.933169151627282, 12.0779926048149, -15, 0.740185344998213, 1.67855616365911, -1.40407379464521, 15.0640689905295, -95.4082618948014
47755.1288678702, -2.70932225981727, 23.0198459625244, 0, 0.506740899189277, 583.602600097656, 28.609167098999, -80.5971603393555, -3.39359749029931, -11.2406370438383, -0.576862166156593, 12.3146843190159, -15, 0.899250963507064, 1.74814648762436, -1.25673681053343, 15.0513500106483, -94.8436968476838
47755.2088678702, -2.61154733718205, 22.8403396606445, 0, 0.725923119239413, 594.716979980469, 28.6091690063477, -80.5971450805664, -1.69689755980983, -11.0285495525271, -1.13677314328602, 12.5022277056747, -15, 0.670196472857036, 1.7965095705924, -1.43133464184853, 15.0665754570685, -95.5126039850729
47755.2688678702, -2.49033540642424, 22.6060009002686, 0, 0.531367487062072, 610.420349121094, 28.6091690063477, -80.5971374511719, -0.848547594565089, -11.0285495525271, -0.568378666470196, 12.7808173516002, -15, 0.88228396420217, 1.83873088041724, -1.28755906817149, 15.0538951139156, -94.9618858633652
47755.3488678702, -2.34191672237422, 22.3792552947998, 0, 0.521781673605508, 605.302734375, 28.6091709136963, -80.5971298217773, -0.000197629320348109, -10.8164620612159, -0.636246663689775, 13.0987254804269, -15, 0.706251346388423, 1.84110901570451, -1.09818277436943, 15.0392262183824, -94.235062913544
47755.4288678701, -2.20737499306328, 22.1606922149658, 0, 0.51821395517076, 601.89501953125, 28.6091728210449, -80.5971145629883, 1.69650230116913, -10.6043745699047, -1.83242011485461, 13.4444650045171, -15, 0.689284347083529, 1.79815309263608, -0.727877723127323, 15.0172449560891, -92.8099728608707
47755.5088678701, -2.12037815671717, 22.0013809204102, 0, 0.615108807506212, 602.833435058594, 28.6091728210449, -80.5970993041992, 3.39320223165862, -10.6043745699047, -1.5439811266035, 13.720793934763, -15, 0.84834996559238, 1.74932794187922, -0.43511037471905, 15.006164594661, -91.6806390574648
