TIME, VerticalSpeed, RadarAltitude, TargetVerticalSpeed, TargetThrottle, EngineResponse(kn), Latitude, Longitude, XError, YError, TargetXSpeed, CurrentXSpeed, TargetXPitch, TargetYSpeed, CurrentYSpeed, TargetYPitch, TotalTargetPitch, TotalTargetHeading
47927.1088678427, -0.529830074382133, 536.6474609375, -20, 0.01, 311.787933349609, 28.6083583831787, -80.5997543334961, -291.832585673511, -101.165733359781, 15, -0.0675329937684021, 15, 8.09325866878247, -0.313103964308482, 10.0876351597091, 18.011665313248, 55.9120552854367
47927.1888678426, -0.877900901061366, 536.587768554688, -20, 0.01, 311.474487304688, 28.6083564758301, -80.5997543334961, -291.832585673511, -101.377820851092, 15, -0.0675053478791185, 15, 8.26929128659622, -0.314329704705133, 10.3164051393299, 18.1378151713463, 55.3195892653128
47927.2688678426, -1.22609094579988, 536.500061035156, -20, 0.01, 311.686431884766, 28.6083564758301, -80.5997543334961, -291.832585673511, -101.377820851092, 15, -0.0676721284433579, 15, 8.11022566808737, -0.315656973343162, 10.1346212874075, 18.0374154451032, 55.7896516912857
47927.3488678426, -1.48740502947446, 536.384582519531, -20, 0.01, 311.712982177734, 28.6083564758301, -80.5997543334961, -291.832585673511, -101.377820851092, 15, -0.0715707322242088, 15, 8.11022566808737, -0.318921045436681, 10.1598075172079, 18.051252486036, 55.7241923686158
47927.4088678426, -1.83530199767428, 536.279663085938, -20, 0.01, 311.422729492188, 28.6083564758301, -80.5997543334961, -291.832585673511, -101.377820851092, 15, -0.086339113490656, 15, 8.11022566808737, -0.327427072864229, 10.2356570753485, 18.0930663473537, 55.5277039839889
47927.4888678426, -2.18454649956915, 536.115417480469, -20, 0.01, 312.018768310547, 28.6083564758301, -80.5997543334961, -291.832585673511, -101.377820851092, 15, -0.118699149476768, 15, 8.11022566808737, -0.344982897666861, 10.3100966437149, 18.1343104695927, 55.3358089383638
47927.5688678426, -2.53471074095555, 535.923156738281, -20, 0.01, 312.017761230469, 28.6083564758301, -80.5997543334961, -291.832585673511, -101.377820851092, 15, -0.158723131474017, 15, 8.11022566808737, -0.366003511266215, 10.3680882793561, 18.1665829932539, 55.1869588516083
47927.6488678426, -2.79773275328874, 535.760559082031, -20, 0.01, 312.184143066406, 28.6083564758301, -80.5997543334961, -291.832585673511, -101.377820851092, 15, -0.202430255401682, 15, 8.11022566808737, -0.38841396450193, 10.4122035322183, 18.191215854865, 55.0741032611415
47927.7088678426, -3.14807287550937, 535.519226074219, -20, 0.01, 311.362915039063, 28.6083564758301, -80.5997543334961, -291.832585673511, -101.377820851092, 15, -0.236338517063891, 15, 8.11022566808737, -0.405477847629215, 10.4403500460851, 18.2069693112111, 55.0022689959889
47927.7888678426, -3.49844549101553, 535.249755859375, -20, 0.01, 312.663879394531, 28.6083545684814, -80.5997543334961, -291.832585673511, -101.589908342403, 15, -0.282033534607306, 15, 8.28625828590111, -0.428067582304941, 10.6844525085608, 18.3447940036839, 54.3848205073948
47927.8688678425, -3.84832804766867, 534.952331542969, -20, 0.01, 312.211761474609, 28.6083545684814, -80.5997543334961, -291.832585673511, -101.589908342403, 15, -0.327633371814778, 15, 8.12719266739226, -0.45016222655369, 10.5232360451598, 18.253527429581, 54.7914995075077
47927.9488678425, -4.11094636586506, 534.710815429688, -20, 0.01, 311.543029785156, 28.6083545684814, -80.5997543334961, -291.832585673511, -101.589908342403, 15, -0.361457905309099, 15, 8.12719266739226, -0.466264621808074, 10.5044918178304, 18.2429767703758, 54.8390636206259
47928.0088678425, -4.46133077956911, 534.364318847656, -20, 0.01, 312.226989746094, 28.6083545684814, -80.5997543334961, -291.832585673511, -101.589908342403, 15, -0.405757284459517, 15, 8.12719266739226, -0.486978417210386, 10.6208868645922, 18.3086974847191, 54.544653357006
47928.0888678425, -4.81117978506434, 533.989685058594, -20, 0.01, 311.277099609375, 28.6083545684814, -80.5997543334961, -291.832585673511, -101.589908342403, 15, -0.44897998187587, 15, 8.12719266739226, -0.50676296073389, 10.5927816037155, 18.2927836477871, 54.6155365680201
47928.1688678425, -5.16114065433452, 533.478881835938, -20, 0.01, 312.34130859375, 28.6083545684814, -80.5997619628906, -292.680935638756, -101.589908342403, 15, -0.490785397150277, 15, 8.12719266739226, -0.525477643968364, 10.6141374076759, 18.3048732056306, 54.5616639324985
47928.2488678425, -5.42339045056239, 533.322448730469, -20, 0.01, 311.463104248047, 28.6083545684814, -80.5997619628906, -292.680935638756, -101.589908342403, 15, -0.521184300601545, 15, 8.12719266739226, -0.538806547672741, 10.6282606044334, 18.3128773503025, 54.5260780559088
47928.3088678425, -5.77289052879257, 532.752197265625, -20, 0.01, 312.099365234375, 28.6083526611328, -80.5997619628906, -292.680935638756, -101.801995833714, 15, -0.560116844686335, 15, 8.303225285206, -0.555509055289583, 10.8586095125026, 18.4444254690996, 53.9503361077425
47928.3888678425, -6.1218940763314, 532.18212890625, -20, 0.01, 311.890655517578, 28.6083526611328, -80.5997619628906, -292.680935638756, -101.801995833714, 15, -0.5971600251077, 15, 8.14415966669716, -0.57097494233582, 10.6839872881526, 18.3445292991632, 54.3859878485748
47928.4688678424, -6.47083045308722, 531.5751953125, -20, 0.01, 311.684020996094, 28.6083526611328, -80.5997619628906, -292.680935638756, -101.801995833714, 15, -0.63210051677437, 15, 8.14415966669716, -0.58513095795113, 10.698133903656, 18.3525819874097, 54.3505068847604
47928.5288678424, -6.73173776755807, 531.418701171875, -20, 0.01, 311.311950683594, 28.6083526611328, -80.5997619628906, -292.680935638756, -101.801995833714, 15, -0.656805555913296, 15, 8.14415966669716, -0.594849785006827, 10.7060580552338, 18.3570957672314, 54.3306468942427
47928.6088678424, -7.07991017286089, 530.8486328125, -20, 0.01, 312.203796386719, 28.6083526611328, -80.5997619628906, -292.680935638756, -101.801995833714, 15, -0.68748447428157, 15, 8.14415966669716, -0.606526204563809, 10.7174551835169, 18.3635917456198, 54.3021009465436
47928.6888678424, -7.42780606073238, 530.24169921875, -20, 0.01, 312.475036621094, 28.6083526611328, -80.5997619628906, -292.680935638756, -101.801995833714, 15, -0.715512106230107, 15, 8.14415966669716, -0.616724617096792, 10.7256169333006, 18.3682465001107, 54.2816717363676
47928.7688678424, -7.77532454069636, 529.671630859375, -20, 0.01, 311.580657958984, 28.6083526611328, -80.5997619628906, -292.680935638756, -101.801995833714, 15, -0.740612420759228, 15, 8.14415966669716, -0.625364488989534, 10.7313113440916, 18.3714954973336, 54.2674249088231
47928.8288678424, -8.03608417456653, 529.101318359375, -20, 0.01, 312.027618408203, 28.6083507537842, -80.5997619628906, -292.680935638756, -102.014083325026, 15, -0.75741414988436, 15, 8.3201922845109, -0.630795197443355, 10.943945973442, 18.4936334471617, 53.739264675232
47928.9088678424, -8.38320041700128, 528.374755859375, -20, 0.01, 311.726928710938, 28.6083507537842, -80.5997619628906, -292.680935638756, -102.014083325026, 15, -0.776964364288316, 15, 8.16112666600205, -0.636596886256249, 10.7562730182043, 18.3857511562213, 54.2050366518198
47928.9888678424, -8.73014779876618, 527.767761230469, -20, 0.01, 312.218536376953, 28.6083507537842, -80.5997619628906, -292.680935638756, -102.014083325026, 15, -0.79305904810876, 15, 8.16112666600205, -0.640706924637271, 10.7555591528919, 18.3853431601488, 54.2068194288486
47929.0688678423, -9.07681563637189, 527.041076660156, -20, 0.01, 312.099609375, 28.6083507537842, -80.5997619628906, -292.680935638756, -102.014083325026, 15, -0.804887123757743, 15, 8.16112666600205, -0.641893712743568, 10.7421013378573, 18.3776549764446, 54.2404441685675
47929.1288678423, -9.33696757102754, 526.470886230469, -20, 0.01, 311.112579345703, 28.6083507537842, -80.5997619628906, -292.680935638756, -102.014083325026, 15, -0.80912050480763, 15, 8.16112666600205, -0.638649448982935, 10.7021445386025, 18.3548662588567, 54.3404538880956
47929.2088678423, -9.68358615340365, 525.863830566406, -20, 0.01, 312.052825927734, 28.6083507537842, -80.5997619628906, -292.680935638756, -102.014083325026, 15, -0.803808230380156, 15, 8.16112666600205, -0.628675520226191, 10.6548458377663, 18.3279635524827, 54.4591817142698
47929.2888678423, -10.0307864318642, 524.723510742188, -20, 0.01, 312.300598144531, 28.6083488464355, -80.5997619628906, -292.680935638756, -102.226170816337, 15, -0.782187408432862, 15, 8.3371592838158, -0.613171056529946, 10.8131608749255, 18.4183221517501, 54.0632378979814
47929.3688678423, -10.2916415131255, 523.996887207031, -20, 0.01, 311.327087402344, 28.6083488464355, -80.5997619628906, -292.680935638756, -102.226170816337, 15, -0.743829885480663, 15, 8.17809366530695, -0.595057706817702, 10.5879979890336, 18.2900778784752, 54.627614213846
47929.4288678423, -10.6407736704493, 523.426574707031, -20, 0.01, 311.486511230469, 28.6083488464355, -80.5997619628906, -292.680935638756, -102.226170816337, 15, -0.705516829453515, 15, 8.17809366530695, -0.579593105264815, 10.5558991865416, 18.2719430210656, 54.7087555531591
47929.5088678423, -10.9923375116851, 522.699951171875, -20, 0.01, 312.203887939453, 28.6083488464355, -80.5997619628906, -292.680935638756, -102.226170816337, 15, -0.639189286345593, 15, 8.17809366530695, -0.559084987157781, 10.5391143174603, 18.2624748465224, 54.7512536565627
47929.5888678423, -11.346211501838, 521.523010253906, -20, 0.01, 311.44140625, 28.6083488464355, -80.5997619628906, -292.680935638756, -102.226170816337, 15, -0.554934482706975, 15, 8.17809366530695, -0.541491121423713, 10.5468342392084, 18.2668283146953, 54.7317015340611
47929.6688678423, -11.6131343510852, 520.796325683594, -20, 0.01, 312.218414306641, 28.6083488464355, -80.5997619628906, -292.680935638756, -102.226170816337, 15, -0.457170516248891, 15, 8.17809366530695, -0.526223057440175, 10.552919528937, 18.2702614850656, 54.7162964117077
47929.7288678422, -11.9713062543921, 520.226257324219, -20, 0.01, 312.216644287109, 28.6083488464355, -80.5997619628906, -292.680935638756, -102.226170816337, 15, -0.3779356890953, 15, 8.17809366530695, -0.515393650550983, 10.5513567440443, 18.269379673012, 54.7202520676504
47929.8088678422, -12.3313549636812, 519.0859375, -20, 0.01, 311.202178955078, 28.6083488464355, -80.5997619628906, -292.680935638756, -102.226170816337, 15, -0.266829588590315, 15, 8.17809366530695, -0.501307549942095, 10.5440452586104, 18.2652552867438, 54.7387639956755
47929.8888678422, -12.6927719690304, 517.909118652344, -20, 0.01, 312.086242675781, 28.6083469390869, -80.5997619628906, -292.680935638756, -102.438258307648, 15, -0.151060297301877, 15, 8.35412628312068, -0.487389822273258, 10.746919136718, 18.3804065532593, 54.2284033183877
47929.9688678422, -12.9646124430873, 517.219299316406, -20, 0.01, 311.948547363281, 28.6083469390869, -80.5997619628906, -292.680935638756, -102.438258307648, 15, -0.0312781394916746, 15, 8.19506066461184, -0.473339059077498, 10.5451164319983, 18.2658594118346, 54.7360513385179
47930.0288678422, -13.3274719799129, 516.079162597656, -20, 0.126148095339425, 323.121795654297, 28.6083469390869, -80.5997619628906, -292.680935638756, -102.438258307648, 15, 0.0606067312761178, 15, 8.19506066461184, -0.463190888600329, 10.5420325975539, 18.2641202892028, 54.7438614084914
47930.1088678422, -13.6852792312591, 514.939086914063, -20, 0.01, 328.710235595703, 28.6083469390869, -80.5997619628906, -292.680935638756, -102.438258307648, 15, 0.188603379176076, 15, 8.19506066461184, -0.449639636449934, 10.5325341688569, 18.2587658239668, 54.7679269292127
47930.1888678422, -14.0259167646947, 513.762145996094, -20, 0.01, 323.639526367188, 28.6083469390869, -80.5997619628906, -292.680935638756, -102.438258307648, 15, 0.322557420326102, 15, 8.19506066461184, -0.436649855939797, 10.5280628379627, 18.2562463674415, 54.7792608374705
47930.2688678422, -14.2853755028539, 513.072326660156, -20, 0.01, 321.032409667969, 28.6083469390869, -80.5997619628906, -292.680935638756, -102.438258307648, 15, 0.421572396846817, 15, 8.19506066461184, -0.429605966326626, 10.5517694281032, 18.2696125242602, 54.7192074594668
47930.3288678421, -14.6364200686144, 511.932098388672, -20, 0.398237106445502, 351.323120117188, 28.6083469390869, -80.5997543334961, -291.832585673511, -102.438258307648, 15, 0.55451444451981, 15, 8.19506066461184, -0.419647346126533, 10.5424600949009, 18.2643613550499, 54.7427786409754
47930.4088678421, -14.9770364354129, 510.755310058594, -20, 0.01, 367.350341796875, 28.6083469390869, -80.5997543334961, -291.832585673511, -102.438258307648, 15, 0.705139862380601, 15, 8.19506066461184, -0.39924368080487, 10.4465133015659, 18.2104227052393, 54.9865570841358
47930.4888678421, -15.2700346861232, 509.495697021484, -20, 0.01, 353.539154052734, 28.6083469390869, -80.5997543334961, -291.832585673511, -102.438258307648, 15, 0.880852785086141, 15, 8.19506066461184, -0.360525252382738, 10.2695349329163, 18.1118113667506, 55.4402560674795
47930.5488678421, -15.5058759568655, 508.392181396484, -20, 0.01, 341.186767578125, 28.6083469390869, -80.5997543334961, -291.832585673511, -102.438258307648, 15, 1.01289304553749, 15, 8.19506066461184, -0.325446513038309, 10.1721535697208, 18.0580439326421, 55.6921438832847
47930.6288678421, -15.8397277477732, 507.252075195313, -20, 0.616710074993956, 380.051177978516, 28.6083469390869, -80.5997543334961, -291.832585673511, -102.438258307648, 15, 1.18851200742947, 15, 8.19506066461184, -0.274686158376649, 10.0881016750612, 18.0119205733744, 55.9108381339645
47930.7088678421, -16.1659547489089, 505.955902099609, -20, 0.237022943925685, 422.894775390625, 28.6083469390869, -80.5997543334961, -291.832585673511, -102.438258307648, 15, 1.38238993904773, 14.8979416738201, 8.19506066461184, -0.215585314604097, 9.96135551097468, 17.858510632203, 56.0660567362248
47930.7888678421, -16.4125831830677, 504.816192626953, -20, 0.01, 414.584106445313, 28.6083469390869, -80.5997543334961, -291.832585673511, -102.438258307648, 15, 1.6086269284644, 13.8262067032026, 8.19506066461184, -0.144508242757063, 9.79291296931006, 16.8876515135665, 54.5593902552274
47930.8488678421, -16.5937567608411, 503.712982177734, -20, 0.01, 383.010070800781, 28.6083469390869, -80.5997467041016, -290.984235708267, -102.438258307648, 15, 1.77742402526709, 14.6306199161234, 8.19506066461184, -0.0905907466860628, 9.72708644301263, 17.5100503269165, 56.2213963866412
47930.928867842, -16.8708873865875, 502.572784423828, -20, 0.593987637761913, 410.307556152344, 28.6083469390869, -80.5997467041016, -290.984235708267, -102.438258307648, 15, 1.98905239150013, 14.0658401139498, 8.19506066461184, -0.0221695756597775, 9.67757099998928, 17.0179498806375, 55.3291878445948
47931.008867842, -17.158171498143, 500.899688720703, -20, 0.346103641196891, 453.762390136719, 28.6083469390869, -80.5997467041016, -290.984235708267, -102.438258307648, 15, 2.20994483860697, 13.7415206149845, 8.19506066461184, 0.0502345567484463, 9.56732969161533, 16.691259827858, 55.019798183084
47931.088867842, -17.373865468981, 499.640350341797, -20, 0.121059568050605, 453.260620117188, 28.6083469390869, -80.5997467041016, -290.984235708267, -102.438258307648, 15, 2.46154004144912, 12.5878707722902, 8.19506066461184, 0.133832121518729, 9.38951085399556, 15.6586019264364, 53.18181438332
47931.148867842, -17.5237879730079, 498.537200927734, -20, 0.01, 421.836364746094, 28.6083469390869, -80.599739074707, -290.135885743022, -102.438258307648, 15, 2.65182299401417, 13.4582396551732, 8.19506066461184, 0.19773353844862, 9.3055951164309, 16.3130953395436, 55.209288661017
47931.228867842, -17.7524186335312, 496.983581542969, -20, 0.574515217083915, 437.950897216797, 28.6083469390869, -80.599739074707, -290.135885743022, -102.438258307648, 15, 2.89120729783189, 12.8124053902981, 8.19506066461184, 0.278944921959257, 9.24440314178517, 15.7538892979222, 54.0798386101534
47931.308867842, -18.001499723871, 495.760955810547, -20, 0.419692274689939, 478.487579345703, 28.6083488464355, -80.599739074707, -290.135885743022, -102.226170816337, 15, 3.13202427600701, 12.5221743393834, 8.01902804679811, 0.362434152458977, 8.92201834650266, 15.3340717547575, 54.4237675673526
47931.388867842, -18.1452949493569, 494.207641601563, -20, 0.0534002675948857, 475.308044433594, 28.6083488464355, -80.5997314453125, -289.287535777777, -102.226170816337, 15, 3.39878462497234, 11.3475464963711, 8.17809366530695, 0.457524170849288, 8.91795961304611, 14.396269331474, 51.7666849972529
47931.448867842, -18.3148872559552, 493.104431152344, -20, 0.399472443481779, 448.375854492188, 28.6083488464355, -80.5997314453125, -289.287535777777, -102.226170816337, 15, 3.59701712861921, 12.2996495907814, 8.17809366530695, 0.531126131333884, 8.81138097406197, 15.0905146845075, 54.2807482349812
47931.528867842, -18.5226394111013, 491.467895507813, -20, 0.376610088708911, 469.627197265625, 28.6083488464355, -80.5997314453125, -289.287535777777, -102.226170816337, 15, 3.84593436455193, 11.6297366679642, 8.17809366530695, 0.625234415734157, 8.73470079202907, 14.5083938305254, 53.0084674519449
47931.6088678419, -18.7145774369315, 490.245269775391, -20, 0.360149919971062, 482.456420898438, 28.6083507537842, -80.599723815918, -288.439185812532, -102.014083325026, 15, 4.10248507010636, 11.2733428110695, 8.00206104749319, 0.726260723410044, 8.35616554712443, 14.0003249049446, 53.3730844929076
47931.6888678419, -18.844333884401, 488.728729248047, -20, 0.154785448486864, 476.236633300781, 28.6083507537842, -80.599723815918, -288.439185812532, -102.014083325026, 15, 4.36007528523113, 10.3188466480537, 8.16112666600205, 0.836383851219615, 8.35253017920091, 13.2471271435332, 50.9594323707854
47931.7488678419, -19.0093904180034, 487.625579833984, -20, 0.531773743197249, 468.36328125, 28.6083507537842, -80.5997161865234, -287.590835847288, -102.014083325026, 15, 4.54790811232757, 11.2689648772581, 8.16112666600205, 0.921512469732773, 8.22935687893833, 13.9224706858131, 53.7782541753569
47931.8288678419, -19.1964511425149, 485.989013671875, -20, 0.451519777782212, 500.308288574219, 28.6083526611328, -80.5997161865234, -287.590835847288, -101.801995833714, 15, 4.78984556164849, 10.5810233948738, 7.98509404818831, 1.03460321956031, 7.89107479185639, 13.1725748970394, 53.2158865101779
47931.9088678419, -19.3486519396541, 484.472564697266, -20, 0.356239857158903, 505.563842773438, 28.6083526611328, -80.5997161865234, -287.590835847288, -101.801995833714, 15, 5.04281613968513, 10.2026759829357, 8.14415966669716, 1.15925661164099, 7.85123756910085, 12.8484551522539, 52.3609338173243
47931.9888678419, -19.4450878681465, 482.836151123047, -20, 0.169010933295894, 496.816497802734, 28.6083545684814, -80.5997085571289, -286.742485882043, -101.589908342403, 15, 5.29156090783381, 9.31983897830523, 7.91510517604713, 1.29477237594507, 7.3375817377066, 11.8415918495097, 51.7396068655005
47932.0488678419, -19.5763661011287, 481.732940673828, -20, 0.495316022956966, 480.949584960938, 28.6083545684814, -80.5997085571289, -286.742485882043, -101.589908342403, 15, 5.46896121173365, 10.2715288470779, 8.12719266739226, 1.39764497159931, 7.4603196168888, 12.6713253045651, 53.9396150733495
47932.1288678419, -19.7370684175594, 480.2529296875, -20, 0.480682397430272, 508.298370361328, 28.6083564758301, -80.5997009277344, -285.894135916798, -101.377820851092, 15, 5.69224405843531, 9.6669165647193, 7.95116004957852, 1.53334058729516, 7.10238883107148, 11.9755230998186, 53.6350732264327
47932.2088678418, -19.8702730030781, 478.616668701172, -20, 0.41034814488604, 520.843872070313, 28.6083564758301, -80.5997009277344, -285.894135916798, -101.377820851092, 15, 5.91938325332118, 8.80302730221156, 8.11022566808737, 1.68217531734936, 7.02126497979345, 11.2428886417215, 51.3842158779314
47932.2888678418, -19.9510644800191, 477.550231933594, -20, 0.233801114843524, 513.930480957031, 28.6083583831787, -80.5996932983398, -285.045785951553, -101.165733359781, 15, 6.08733170909728, 9.62039782061175, 7.88117117743733, 1.802278410944, 6.8226262663935, 11.775466144605, 54.5931091675564
47932.3488678418, -20.054371461518, 475.619903564453, -20, 0.473357843602873, 510.771209716797, 28.6083583831787, -80.5996856689453, -284.197435986309, -101.165733359781, 15, 6.30295438347881, 9.01105160824808, 8.09325866878247, 1.96453324908037, 6.16432750597579, 10.903390722701, 55.5658899304472
47932.4288678418, -20.1745177215121, 474.020050048828, -20, 0.438106046959822, 523.546752929688, 28.6083602905273, -80.5996856689453, -284.197435986309, -100.95364586847, 15, 6.50737103884461, 8.8565908676084, 7.91722605096872, 2.12812885670532, 6.15698623744392, 10.7724203369955, 55.1381358579266
47932.5088678418, -20.2739077180599, 472.540344238281, -20, 0.386213189033246, 523.942260742188, 28.608362197876, -80.5996780395508, -283.349086021064, -100.741558377159, 15, 6.70518147394277, 8.17921580079605, 7.90025905166382, 2.30413159712584, 5.83684595575464, 10.0367544831229, 54.442400442838
47932.5888678418, -20.3412722016284, 471.473937988281, -20, 0.284323725039737, 517.438293457031, 28.6083641052246, -80.5996704101563, -282.500736055819, -100.529470885847, 15, 6.8481106879416, 8.92035750158154, 7.83027017952267, 2.44061790675231, 5.54746698587865, 10.4927575473715, 58.0592344306695
47932.6488678418, -20.4345075204651, 469.837219238281, -20, 0.522495858145796, 522.707214355469, 28.6083660125732, -80.5996704101563, -282.500736055819, -100.317383394536, 15, 7.0296450452113, 8.41935398224277, 7.86632505305403, 2.62238102899044, 5.37845192212811, 9.98021204055223, 57.373292343306
47932.7288678418, -20.5361369720092, 467.943695068359, -20, 0.464981618012717, 537.4736328125, 28.6083679199219, -80.5996627807617, -281.652386090574, -100.105295903225, 15, 7.20153902504152, 8.29162280603317, 7.84935805374914, 2.80692520899185, 5.11981452000782, 9.73551072446408, 58.250587838416
47932.8088678417, -20.6113974046871, 466.464233398438, -20, 0.387358495036779, 538.465148925781, 28.6083698272705, -80.5996551513672, -280.80403612533, -99.8932084119138, 15, 7.36954310083542, 7.70376027994439, 7.83239105444427, 3.00239667247355, 4.78679773405356, 9.06217660047575, 58.0973233688187
47932.8688678417, -20.6608192923476, 465.397033691406, -20, 0.305462700289807, 527.189331054688, 28.6083717346191, -80.5996551513672, -280.80403612533, -99.6811209206026, 15, 7.49162660878419, 8.32768121756343, 7.76240218230306, 3.15002528194424, 4.5181740636633, 9.46679244386367, 61.4582424042806
47932.9488678417, -20.7328445580565, 463.540435791016, -20, 0.500461800236548, 527.83837890625, 28.6083736419678, -80.5996475219727, -279.955686160085, -99.4690334292914, 15, 7.64648910813073, 7.90188659153752, 7.79845705583447, 3.34190394478646, 4.37194688237475, 9.0239872862199, 60.9917090266578
47933.0288678417, -20.8164930062857, 461.940826416016, -20, 0.478195236626257, 542.548706054688, 28.6083755493164, -80.5996398925781, -279.10733619484, -99.2569459379802, 15, 7.79032495414568, 7.81775121635548, 7.78149005652956, 3.52724127755204, 4.18164505849549, 8.85972351165711, 61.8052132370529
47933.1088678417, -20.8733869553376, 460.460632324219, -20, 0.395582899779038, 543.083801269531, 28.608377456665, -80.5996398925781, -279.10733619484, -99.044858446669, 15, 7.91927394496071, 7.45653979993797, 7.71150118438841, 3.70398698478421, 3.95320676611746, 8.43442195177902, 62.0207864311377
47933.1688678417, -20.9043791054519, 458.980499267578, -20, 0.309816707697088, 531.225158691406, 28.6083793640137, -80.5996322631836, -278.258986229596, -98.8327709553578, 15, 8.00506937151247, 8.00520544169316, 7.74755605791977, 3.82583770572809, 3.95969037505309, 8.92526038674027, 63.6251422333091
47933.2488678417, -20.9487671146362, 457.500335693359, -20, 0.429479494346755, 525.370178222656, 28.6083812713623, -80.5996246337891, -277.410636264351, -98.6206834640467, 15, 8.1032926248986, 7.79964620225632, 7.73058905861487, 3.9699811877495, 3.90679737805796, 8.71797680813374, 63.3408179011944
47933.3288678417, -21.0037786199176, 455.643249511719, -20, 0.431600584027092, 531.012756347656, 28.6083850860596, -80.5996170043945, -276.562286299106, -98.1965084814243, 15, 8.17745224604142, 7.89658993694103, 7.53758944149625, 4.0897788916223, 3.71679217745146, 8.72256116618356, 64.7399295947151
47933.4088678417, -21.0473035281158, 454.162902832031, -20, 0.40359628611957, 531.6904296875, 28.6083869934082, -80.599609375, -275.713936333861, -97.9844209901131, 15, 8.23072925849725, 7.86014611845483, 7.62666618786392, 4.18951231846457, 3.85723596173015, 8.75023915576281, 63.8072313106825
47933.4688678416, -21.0743924200245, 452.719421386719, -20, 0.353031017680534, 526.128784179688, 28.6083908081055, -80.599609375, -275.713936333861, -97.5602460074907, 15, 8.26292918434354, 8.11816654484868, 7.48668844358155, 4.25505538484382, 3.70512000631043, 8.91854964569018, 65.4106843962722
47933.5488678416, -21.1113951568363, 451.238983154297, -20, 0.449046226768185, 527.237548828125, 28.6083927154541, -80.5996017456055, -274.865586368617, -97.3481585161795, 15, 8.30017473360995, 8.04098957028429, 7.62878706278551, 4.33144933348304, 3.86907953018269, 8.91789493175891, 64.2479938148228
47933.6288678416, -21.1544858522301, 454.145965576172, -20, 0.44101326768896, 533.595031738281, 28.6083946228027, -80.5995941162109, -274.017236403372, -97.1360710248684, 15, 8.33421881583606, 8.02948029936548, 7.61182006348063, 4.39723956552687, 3.85187039144038, 8.90012208867758, 64.3158235676317
47933.7088678416, -21.17874782675, 452.702423095703, -20, 0.381186049337101, 534.115417480469, 28.6083984375, -80.5995864868164, -273.168886438127, -96.711896042246, 15, 8.3682370769307, 7.90778544954098, 7.31277670068941, 4.45433327034327, 3.49201661927127, 8.6400061089165, 66.1199210219038
47933.7688678416, -21.2049842757107, 451.222229003906, -20, 0.431559954763749, 528.459167480469, 28.6084003448486, -80.5995788574219, -272.320536472882, -96.4998085509348, 15, 8.3947308628361, 8.02275633844203, 7.56091906556593, 4.49025280980454, 3.81753380104416, 8.87934596831859, 64.4968262011827
47933.8488678416, -21.2372081582661, 449.365081787109, -20, 0.434222072812295, 532.596374511719, 28.6084022521973, -80.5995788574219, -272.320536472882, -96.2877210596236, 15, 8.43088121716742, 7.91220694506373, 7.54395206626103, 4.52941077350869, 3.81810614530906, 8.77998524962581, 64.1851872674037
47933.9288678416, -21.2657451574793, 447.884826660156, -20, 0.432593490709518, 536.967163085938, 28.6084060668945, -80.5995712280273, -271.472186507638, -95.8635460770012, 15, 8.46924593414784, 7.85478616806828, 7.35095244914241, 4.55948530242364, 3.62077610471574, 8.64438718216808, 65.1981677088054
47934.0088678416, -21.2845223590243, 446.027740478516, -20, 0.405826639269457, 535.268127441406, 28.6084098815918, -80.5995635986328, -270.623836542393, -95.4393710943789, 15, 8.51111167654736, 7.67751856351925, 7.21097470486004, 4.579411230658, 3.50711145359132, 8.43625503841544, 65.3975930251336
47934.0688678415, -21.3062460904035, 445.117553710938, -20, 0.453380461493261, 535.573120117188, 28.6084117889404, -80.5995559692383, -269.775486577148, -95.2272836030677, 15, 8.54452110919079, 7.81067830665533, 7.45911706973657, 4.5879744686307, 3.86014117347727, 8.70717748522334, 63.6474545468046
47934.1488678415, -21.3304089096946, 443.223724365234, -20, 0.446734717396605, 541.093444824219, 28.6084136962891, -80.5995483398438, -268.927136611903, -95.0151961117565, 15, 8.59490616086084, 7.62802317700177, 7.44215007043167, 4.59388808686936, 3.87624328495511, 8.55120428872447, 63.011444556873
47934.2288678415, -21.3493367788014, 441.246887207031, -20, 0.437232968593029, 543.030517578125, 28.6084175109863, -80.5995407104492, -268.078786646659, -94.5910211291341, 15, 8.65346912823767, 7.5014904730355, 7.24915045331303, 4.59358271552063, 3.69377706613395, 8.35692993220675, 63.7348890724973
47934.3088678415, -21.3604613800943, 440.299957275391, -20, 0.416193710129564, 541.683044433594, 28.6084213256836, -80.5995330810547, -267.230436681414, -94.1668461465118, 15, 8.71992040839344, 7.20022643833537, 7.10917270903068, 4.58558082085493, 3.59514884499072, 8.04364514224404, 63.4212582199497
47934.3688678415, -21.3740110409583, 438.443023681641, -20, 0.449734207943288, 543.077331542969, 28.6084232330322, -80.5995330810547, -267.230436681414, -93.9547586552006, 15, 8.77804639398475, 7.3640207281693, 7.35731507390719, 4.57872183715117, 3.91139324627505, 8.33327293577347, 61.9780603940927
47934.4488678415, -21.3905284971396, 436.5859375, -20, 0.453617842334898, 544.644958496094, 28.6084270477295, -80.5995254516602, -266.382086716169, -93.5305836725782, 15, 8.86966194165248, 7.00781462580051, 7.16431545678855, 4.57200353949212, 3.67172690785946, 7.90719498177205, 62.3051681885277
47934.5288678415, -21.406239606604, 435.142608642578, -20, 0.460146777937978, 547.665893554688, 28.6084289550781, -80.5995178222656, -265.533736750924, -93.318496181267, 15, 8.97474589479013, 6.52160611057113, 7.30641407599251, 4.5659916349727, 3.84635392573183, 7.56715396745205, 59.43314082632
47934.6088678415, -21.4162766312497, 433.699249267578, -20, 0.447043322550048, 548.0302734375, 28.6084327697754, -80.5995101928711, -264.68538678568, -92.8943211986447, 15, 9.06078710071598, 6.82863852077636, 7.00737071320131, 4.56134670879305, 3.48478028345132, 7.6626647473869, 62.9232787154702
47934.6688678415, -21.4285794276444, 431.842193603516, -20, 0.47827989948678, 551.755065917969, 28.608434677124, -80.5995025634766, -263.837036820435, -92.6822337073335, 15, 9.18754718954073, 6.37578475464366, 7.25551307807782, 4.55648871006926, 3.80374317528492, 7.42019582279974, 59.1464898752755
47934.7488678414, -21.4411018493342, 430.399017333984, -20, 0.472620011666638, 556.173950195313, 28.6084384918213, -80.599494934082, -262.98868685519, -92.2580587247111, 15, 9.32366992170651, 6.14675871503762, 7.06251346095919, 4.55317461845899, 3.55440371558392, 7.09703532193713, 59.9293409085277
47934.8288678414, -21.4460285927876, 428.542175292969, -20, 0.451152018509046, 555.557495117188, 28.6084423065186, -80.5994873046875, -262.140336889945, -91.8338837420887, 15, 9.46178577451386, 5.62410458331576, 7.02857946234939, 4.55004483730424, 3.51803915392099, 6.6307892374241, 57.9476385048733
47934.9088678414, -21.4492566813226, 427.218536376953, -20, 0.451386111422306, 549.953857421875, 28.6084442138672, -80.599479675293, -261.291986924701, -91.6217962507775, 15, 9.56832586616168, 6.08270965345284, 7.11765620871706, 4.54831106410529, 3.6224177578153, 7.07615145865976, 59.1945013941839
47934.9688678414, -21.4565971835825, 425.775177001953, -20, 0.48218820783424, 554.720581054688, 28.6084461212158, -80.5994720458984, -260.443636959456, -91.4097087594664, 15, 9.71397091835337, 5.61887720996143, 7.15371108224846, 4.54861459777754, 3.64778920829903, 6.69592795320081, 56.9839837410739
47935.0488678414, -21.4668141846667, 423.918304443359, -20, 0.492220957609986, 559.529052734375, 28.6084499359131, -80.5994644165039, -259.595286994211, -90.985533776844, 15, 9.85644862928594, 5.47577385738544, 6.96071146512983, 4.54833942496445, 3.42279007140486, 6.45475735284584, 57.9674708469902
47935.1288678414, -21.4668314180617, 422.098266601563, -20, 0.45984346278915, 562.301330566406, 28.6084537506104, -80.5994567871094, -258.746937028966, -90.5613587942216, 15, 9.98475386453438, 5.11034720224371, 6.92677746652002, 4.54274866008303, 3.43055235449458, 6.15248780781312, 56.1073987007381
47935.1888678414, -21.4616695419853, 421.068511962891, -20, 0.444978011416143, 559.369262695313, 28.6084575653076, -80.5994491577148, -257.898587063722, -90.1371838115992, 15, 10.0769567594577, 5.59517280358138, 6.78679972223767, 4.53924259791239, 3.26126475532955, 6.47363643399139, 59.7371482331353
47935.2688678414, -21.4550862611814, 419.211578369141, -20, 0.434138081262849, 554.765319824219, 28.6084594726563, -80.5994415283203, -257.050237098477, -89.925096320288, 15, 10.1942707717614, 5.26990719181682, 7.03494208711419, 4.53726171126547, 3.5432068296003, 6.34750384588205, 56.0646928023024
47935.3488678413, -21.453369267473, 417.391357421875, -20, 0.46599998752177, 552.863891601563, 28.6084632873535, -80.5994338989258, -256.201887133232, -89.5009213376657, 15, 10.2993622057034, 5.23922731904779, 6.84194246999556, 4.53753926180885, 3.29617947204221, 6.18740624892793, 57.8028224378991
47935.4288678413, -21.4536593060521, 415.947998046875, -20, 0.479413505469684, 555.092163085938, 28.6084651947021, -80.5994262695313, -255.353537167987, -89.2888338463545, 15, 10.3868114290533, 5.05074968522208, 6.93101921636322, 4.53675967597806, 3.41385100111984, 6.0937870209438, 55.9261466372382
47935.4888678413, -21.4503818212149, 414.624359130859, -20, 0.471017448730525, 561.331420898438, 28.6084690093994, -80.5994186401367, -254.505187202743, -88.8646588637321, 15, 10.4439594495992, 5.43169897248327, 6.79104147208088, 4.53750213362635, 3.23306741219005, 6.31860265439587, 59.2135847132585
47935.5688678413, -21.4394960775869, 412.804229736328, -20, 0.430476351048809, 556.812683105469, 28.608470916748, -80.5994110107422, -253.656837237498, -88.652571372421, 15, 10.5114217559658, 5.27697792377079, 6.93314009128483, 4.54213035628948, 3.37265760233169, 6.26012198612915, 57.3945125184403
47935.6488678413, -21.4240363439921, 410.983947753906, -20, 0.428762280183763, 552.591613769531, 28.6084747314453, -80.5994033813477, -252.808487272253, -88.2283963897986, 15, 10.5658920038217, 5.31260135158542, 6.74014047416618, 4.55073533850033, 3.10265791063196, 6.15000896792241, 59.6907047130682
47935.7288678413, -21.4167357403439, 409.577301025391, -20, 0.463200809536959, 550.948913574219, 28.6084785461426, -80.5993957519531, -251.960137307008, -87.8042214071762, 15, 10.6052943457148, 5.28245880469708, 6.60016272988384, 4.56302596762164, 2.89392322012423, 6.02124705718878, 61.2605148846221
47935.7888678413, -21.4146235062092, 408.133850097656, -20, 0.487787630705805, 553.139221191406, 28.6084823608398, -80.5993881225586, -251.111787341764, -87.3800464245539, 15, 10.6286230945579, 5.4770192102514, 6.67227247694661, 4.57686741225047, 2.91886769819765, 6.20415642600747, 61.9195599297361
47935.8688678413, -21.4101095961297, 406.313598632813, -20, 0.476240809579274, 558.895141601563, 28.6084842681885, -80.5993804931641, -250.263437376519, -87.1679589332427, 15, 10.6553393395686, 5.42302922350523, 6.81437109615056, 4.60449589736185, 2.98920056720942, 6.19014237692716, 61.1110337072265
47935.9488678412, -21.3980865836537, 404.456665039063, -20, 0.456310656402455, 557.290588378906, 28.6084880828857, -80.5993728637695, -249.415087411274, -86.7437839506203, 15, 10.6776762564685, 5.43252774305577, 6.62137147903192, 4.6423313901991, 2.63722910937695, 6.03709184251386, 64.0798752080129
47936.0288678412, -21.3865928306822, 403.050048828125, -20, 0.460968312623956, 555.876403808594, 28.6084899902344, -80.599365234375, -248.56673744603, -86.5316964593091, 15, 10.6946626591918, 5.41239011170825, 6.71044822539958, 4.68653137703332, 2.64496664931054, 6.02237419251343, 63.930219321431
47936.0888678412, -21.3760372026731, 401.763153076172, -20, 0.452780950824965, 556.383911132813, 28.6084938049316, -80.5993576049805, -247.718387480785, -86.1075214766867, 15, 10.7066264471973, 5.48160388214704, 6.57047048111723, 4.72536400550284, 2.37467488244595, 5.97242365771626, 66.5514323484575
47936.1688678412, -21.364917612194, 399.942962646484, -20, 0.466540399403869, 552.074096679688, 28.6084976196289, -80.5993499755859, -246.87003751554, -85.6833464940644, 15, 10.7235928605029, 5.42714562213591, 6.53653648250745, 4.78499816893108, 2.20486437762484, 5.85668739144874, 67.8648026617906
47936.2488678412, -21.3615096055482, 398.085876464844, -20, 0.500052875542962, 556.664428710938, 28.6084995269775, -80.5993423461914, -246.021687550295, -85.4712590027532, 15, 10.7418166097227, 5.39925365042447, 6.67863510171141, 4.85195292783739, 2.24159388962654, 5.84480960028516, 67.4284969672861
47936.3288678412, -21.3568461214303, 396.679382324219, -20, 0.499606348477145, 561.773376464844, 28.6085033416748, -80.5993347167969, -245.173337585051, -85.0470840201308, 15, 10.7630837197757, 5.3002822867363, 6.37959173892019, 4.92799269529928, 1.72451784837983, 5.5730122405445, 71.9554926093105
47936.3888678412, -21.3435035574444, 395.392486572266, -20, 0.451076463657752, 564.745361328125, 28.6085071563721, -80.5993270874023, -244.324987619806, -84.6229090375084, 15, 10.7812611548333, 5.35818469335181, 6.45170148598297, 4.98882709977153, 1.70088019535563, 5.62091607900245, 72.3670175288745
47936.4688678412, -21.3218841884043, 393.572387695313, -20, 0.436599344176751, 558.9228515625, 28.6085109710693, -80.5993194580078, -243.476637654561, -84.198734054886, 15, 10.8068219415505, 5.27549115428247, 6.41776748737318, 5.07322137077036, 1.53534892094569, 5.49376352054872, 73.753293412285
47936.5488678411, -21.306137885374, 391.752197265625, -20, 0.459911317500378, 555.653869628906, 28.6085147857666, -80.5993118286133, -242.628287689316, -83.7745590722637, 15, 10.8352474314626, 5.15133041917136, 6.3838334887634, 5.16071210624383, 1.36739425358813, 5.32925240584674, 75.1161514290279
47936.6288678411, -21.3000513435387, 390.428497314453, -20, 0.499813991901745, 557.017211914063, 28.6085166931152, -80.5992965698242, -240.931587758827, -83.5624715809525, 15, 10.8688360070654, 5.1466696417464, 6.47291023513107, 5.24995562450464, 1.35502662009756, 5.32159415511831, 75.2321044748703
47936.6888678411, -21.2925225786932, 389.022003173828, -20, 0.486990076078375, 562.208740234375, 28.6085205078125, -80.5992889404297, -240.083237793582, -83.1382965983301, 15, 10.8977363659487, 5.15043264739623, 6.33293249084871, 5.31751696821782, 1.10030191363972, 5.26634199085659, 77.9259497793824
47936.7688678411, -21.2781122047331, 387.201873779297, -20, 0.47210485328108, 562.671691894531, 28.6085243225098, -80.5992813110352, -239.234887828337, -82.7141216157078, 15, 10.9389442733455, 5.01192538923373, 6.29899849223892, 5.40542758859686, 0.971087011867446, 5.10489956561086, 79.0213676724027
47936.8488678411, -21.2605400963534, 385.381744384766, -20, 0.460897482495287, 559.789794921875, 28.608528137207, -80.5992736816406, -238.386537863093, -82.2899466330854, 15, 10.9794943905644, 4.86923568520808, 6.26506449362912, 5.48746137526863, 0.876624004835754, 4.94733007195566, 79.7825384838122
47936.9288678411, -21.2482596482733, 384.094848632813, -20, 0.482664135193912, 559.727172851563, 28.6085319519043, -80.5992660522461, -237.538187897848, -81.865771650463, 15, 11.0101133372363, 5.01154393071027, 6.12508674934678, 5.54532051860073, 0.676229566160068, 5.05684607353827, 82.3057310729996
47936.9888678411, -21.2325779451827, 382.274658203125, -20, 0.450084608098738, 559.321716308594, 28.6085338592529, -80.5992584228516, -236.689837932603, -81.6536841591518, 15, 11.0520404462532, 4.87957854993039, 6.3732291142233, 5.61631131564052, 0.935577437332732, 4.96824664246678, 79.1338681170149
47937.0688678411, -21.2147626031248, 380.98779296875, -20, 0.462090805733847, 557.236999511719, 28.6085395812988, -80.599250793457, -235.841487967358, -81.0174216852183, 15, 11.0930095440121, 4.84072630942111, 6.00419687929091, 5.67908387582214, 0.479308550044831, 4.86434178556734, 84.3386190182311
47937.1488678411, -21.1993352806564, 379.167602539063, -20, 0.471986389700629, 555.752136230469, 28.6085433959961, -80.5992431640625, -234.993138002114, -80.5932467025959, 15, 11.1294052499383, 4.74268499307959, 6.12932849918997, 5.73017133184738, 0.656119153614191, 4.78775204210112, 82.11478394106
47937.208867841, -21.1894785278373, 377.880706787109, -20, 0.495169751794245, 563.543640136719, 28.6085472106934, -80.599235534668, -234.144788036869, -80.1690717199735, 15, 11.1558554679809, 4.87960047102226, 5.98935075490761, 5.761788424982, 0.517326874965478, 4.90688093337631, 83.9410201912825
47937.288867841, -21.1700152510299, 376.060577392578, -20, 0.433460417370466, 559.802856445313, 28.608549118042, -80.5992279052734, -233.296438071624, -79.9569842286624, 15, 11.1916985198199, 4.76918919651534, 6.23749311978414, 5.79572795237472, 0.836348167990647, 4.84180003908146, 80.0425536544705
47937.368867841, -21.1453829544983, 374.240325927734, -20, 0.436829147098921, 554.803771972656, 28.6085529327393, -80.5992126464844, -231.599738141135, -79.53280924604, 15, 11.2251454383765, 4.75004377751669, 6.04449350266549, 5.81738949066953, 0.671021382953113, 4.79709844862914, 81.950324054565
47937.448867841, -21.1293091779882, 372.953399658203, -20, 0.469422389768089, 554.470947265625, 28.6085567474365, -80.5992050170898, -230.75138817589, -79.1086342634176, 15, 11.2536057141318, 4.68438841479731, 6.01055950405571, 5.8278283868718, 0.702089909779872, 4.73659437274033, 81.4668797944937
47937.508867841, -21.1199221777839, 371.546813964844, -20, 0.49663073957829, 556.520263671875, 28.6085624694824, -80.5991973876953, -229.903038210645, -78.4723717894841, 15, 11.2744095410793, 4.79097835029541, 5.64152726912332, 5.82728972900125, 0.343464460065721, 4.80324539396275, 85.8947484966031
47937.588867841, -21.1049165593686, 369.846343994141, -20, 0.456367243335609, 559.480712890625, 28.6085643768311, -80.5991897583008, -229.0546882454, -78.2602842981729, 15, 11.3040202607007, 4.6923505754749, 6.10175712534497, 5.81598294610473, 0.988951339381948, 4.79520500905504, 78.086261267887
47937.668867841, -21.0840402192885, 368.026184082031, -20, 0.452226135967298, 555.877319335938, 28.6085681915283, -80.5991821289063, -228.206338280156, -77.8361093155505, 15, 11.3362846814833, 4.63666148407822, 5.90875750822635, 5.79592673664805, 0.847130214016612, 4.71324644581923, 79.6354128201483
47937.748867841, -21.0654724683157, 366.24267578125, -20, 0.460503297250719, 555.141418457031, 28.6085720062256, -80.5991744995117, -227.357988314911, -77.4119343329281, 15, 11.3695380704147, 4.50838496105927, 5.76877976394398, 5.76501988595088, 0.797627958933392, 4.57825640654141, 79.95716291736
47937.8088678409, -21.0544312519126, 365.332580566406, -20, 0.490185222797504, 556.848083496094, 28.6085758209229, -80.5991592407227, -225.661288384422, -76.9877593503058, 15, 11.3963010594762, 4.61096380471097, 5.84088951100675, 5.73524239362773, 0.985929577480267, 4.71497029613617, 77.9185232627296
47937.8888678409, -21.0394463395546, 363.549194335938, -20, 0.456037333442875, 559.518371582031, 28.6085796356201, -80.5991592407227, -225.661288384422, -76.5635843676834, 15, 11.4370503766405, 4.46001752302406, 5.80695551239698, 5.69005703784484, 1.04063997001443, 4.57957417501327, 76.8542381936594
47937.9688678409, -21.0207770288851, 361.848724365234, -20, 0.460367760670299, 555.250122070313, 28.6085834503174, -80.5991439819336, -223.964588453932, -76.139409385061, 15, 11.4835837255449, 4.36361039930074, 5.77302151378719, 5.63956832924532, 1.10038753068068, 4.49995626519831, 75.8342972751887
47938.0488678409, -21.0093084857334, 360.065307617188, -20, 0.488540737020627, 555.322204589844, 28.6085872650146, -80.5991363525391, -223.116238488687, -75.7152344024386, 15, 11.532573672945, 4.16600356097537, 5.6330437695048, 5.58377201825735, 1.03921624604825, 4.29344292642771, 75.9822088606251
47938.1088678409, -20.9967028868656, 358.74169921875, -20, 0.468358488440357, 560.760864257813, 28.6085910797119, -80.5991287231445, -222.267888523443, -75.2910594198163, 15, 11.5719348148441, 4.31620355263366, 5.7051535165676, 5.53925199123854, 1.20599945364385, 4.48121584036594, 74.376038059016
47938.1888678409, -20.977386993513, 356.958312988281, -20, 0.458032457341123, 559.424377441406, 28.6085948944092, -80.59912109375, -221.419538558198, -74.8668844371939, 15, 11.6286851624096, 4.1203811449054, 5.67121951795781, 5.47789517435122, 1.25403735152103, 4.30667370932517, 73.0598927420555
47938.2688678409, -20.9582371820106, 355.551727294922, -20, 0.457700760131517, 553.4638671875, 28.6085987091064, -80.5991134643555, -220.571188592953, -74.4427094545715, 15, 11.6881453858259, 4.03135429161207, 5.63728551934803, 5.41635070557713, 1.28875405272013, 4.232016380778, 72.2595070924667
47938.3488678409, -20.949039668565, 353.888000488281, -20, 0.49651865816243, 555.971008300781, 28.6086025238037, -80.5990982055664, -218.874488662464, -74.0185344719492, 15, 11.7458168958124, 3.83333756522726, 5.49730777506567, 5.35433608668908, 1.198838805453, 4.01616063559953, 72.6224467324218
47938.4088678409, -20.937325393804, 352.481475830078, -20, 0.47232136726494, 562.519775390625, 28.608606338501, -80.5990905761719, -218.026138697219, -73.5943594893268, 15, 11.7905926989149, 4.02307070398035, 5.56941752212844, 5.30840805793833, 1.33481138795379, 4.23838296330276, 71.632184783834
47938.4888678408, -20.9180056940052, 350.781066894531, -20, 0.457285964648616, 559.152282714844, 28.6086082458496, -80.5990829467773, -217.177788731974, -73.3822719980156, 15, 11.8529117849227, 3.81923084953108, 5.71151614133239, 5.24975671889223, 1.55668550072693, 4.12385786341714, 67.8122437879094
47938.5688678408, -20.8961506234237, 349.411285400391, -20, 0.445899159059469, 556.464538574219, 28.6086120605469, -80.5990753173828, -216.329438766729, -72.9580970153932, 15, 11.9135190058492, 3.76181035732532, 5.51851652421375, 5.19547279645202, 1.35772947754566, 3.99899947611719, 70.1428082943402
47938.6488678408, -20.8814003278708, 347.627868652344, -20, 0.472380092843598, 554.7392578125, 28.6086158752441, -80.5990676879883, -215.481088801485, -72.5339220327709, 15, 11.9670126356146, 3.61905565330825, 5.37853877993141, 5.14319344298589, 1.23764541752763, 3.82456432506014, 71.110022444233
47938.7088678408, -20.8657079627513, 346.340911865234, -20, 0.447905908173682, 557.695556640625, 28.6086196899414, -80.5990524291992, -213.784388870995, -72.1097470501485, 15, 12.0048464722056, 3.82723369548244, 5.45064852699419, 5.10743775410059, 1.33275160498054, 4.05232055830272, 70.788796532484
47938.7888678408, -20.847741989586, 344.5576171875, -20, 0.457894809069645, 554.728515625, 28.6086235046387, -80.5990447998047, -212.93603890575, -71.6855720675261, 15, 12.0534760976299, 3.69026694783126, 5.41671452838438, 5.06669830819098, 1.28918711017715, 3.90867940285441, 70.7324116744978
47938.8688678408, -20.831785232555, 342.737457275391, -20, 0.464767321246459, 557.564147949219, 28.6086273193359, -80.5990371704102, -212.087688940506, -71.2613970849037, 15, 12.0969324024265, 3.57002036533941, 5.3827805297746, 5.0343572864409, 1.22456609533362, 3.77394572755123, 71.057283460119
47938.9488678408, -20.8180827857459, 341.864135742188, -20, 0.473067704020012, 557.531677246094, 28.6086311340332, -80.5990295410156, -211.239338975261, -70.8372221022814, 15, 12.1245399647617, 3.76669798905272, 5.24280278549225, 5.01506630586641, 0.982048859235171, 3.89243418624553, 75.3778211730889
47939.0088678408, -20.7959883511044, 340.080688476563, -20, 0.410844062730094, 556.574890136719, 28.6086330413818, -80.5990219116211, -210.390989010016, -70.6251346109702, 15, 12.1579109263278, 3.68570101219429, 5.49094515036876, 4.99707671344686, 1.33691709894509, 3.92036645454307, 70.0517302027802
47939.0888678407, -20.7702493103075, 338.417022705078, -20, 0.421441069992722, 548.356384277344, 28.6086368560791, -80.5990142822266, -209.542639044771, -70.2009596283478, 15, 12.1871019662611, 3.6842714949515, 5.29794553325013, 4.98789476185258, 1.00555265367676, 3.81884780379101, 74.7247200770759
47939.1688678407, -20.7573773687003, 336.633575439453, -20, 0.469504216034018, 548.2587890625, 28.6086406707764, -80.5989990234375, -207.845939114282, -69.7767846457255, 14.9309751983815, 12.2074000888361, 3.5946697047372, 5.26401153464033, 4.98603944235143, 0.912330875712933, 3.70849100354742, 75.7505797501274
47939.2488678407, -20.751656266674, 335.346649169922, -20, 0.49789621402677, 552.91845703125, 28.6086444854736, -80.598991394043, -206.997589149037, -69.3526096631031, 15, 12.2185041413989, 3.78610063183843, 5.12403379035797, 4.99096934685188, 0.675307594566402, 3.84576837146858, 79.8798122305225
47939.3088678407, -20.738269057979, 333.976867675781, -20, 0.45128230814282, 555.243347167969, 28.6086463928223, -80.5989837646484, -206.149239183792, -69.1405221717919, 15, 12.2311113896199, 3.76191307742316, 5.37217615523449, 5.00712944943873, 0.882076622270209, 3.86379745514386, 76.7952781164591
47939.3888678407, -20.7177989594368, 332.193481445313, -20, 0.439209153284625, 552.360656738281, 28.6086502075195, -80.5989761352539, -205.300889218548, -68.7163471891695, 15, 12.2410674611203, 3.77205676306051, 5.17917653811587, 5.0338309399906, 0.539491159793768, 3.81038611145801, 81.8548957613811
47939.4688678407, -20.6999004527847, 330.410034179688, -20, 0.447177598021773, 547.629272460938, 28.6086540222168, -80.5989608764648, -203.604189288058, -68.2921722065472, 15, 12.2460565704261, 3.79250164115054, 5.14524253950608, 5.0684236518486, 0.398136402537075, 3.81331217262998, 84.00274813132
47939.5288678407, -20.6898063297383, 329.123138427734, -20, 0.476679731104695, 549.93896484375, 28.6086578369141, -80.5989532470703, -202.755839322814, -67.8679972239248, 15, 12.2482817193168, 3.82523531348865, 5.0052647952237, 5.09890252891786, 0.148188842510014, 3.82810037742171, 87.7798376419836
47939.6088678407, -20.6801188154975, 327.753295898438, -20, 0.465713599209045, 553.003356933594, 28.6086616516113, -80.5989456176758, -201.907489357569, -67.4438222413024, 15, 12.2508132871301, 3.8220986395629, 5.0773745422865, 5.1464404759525, 0.125873917721503, 3.8241677191927, 88.1123515325451
47939.6888678406, -20.6644280774527, 326.089691162109, -20, 0.454045930541614, 552.244567871094, 28.6086654663086, -80.5989379882813, -201.059139392324, -67.01964725868, 15, 12.2538351468976, 3.81699215006736, 5.0434405436767, 5.20144426067876, -0.0369716079515722, 3.81717093548676, 90.555363535765
47939.7688678406, -20.6485503017608, 324.306274414063, -20, 0.451969296648499, 551.875793457031, 28.6086692810059, -80.5989227294922, -199.362439461835, -66.5954722760577, 14.676470208876, 12.2580481526756, 3.40568573749108, 4.90346279939435, 5.26153451416922, -0.315488178388211, 3.42025012001806, 95.2956051969115
47939.8288678406, -20.6376989163456, 323.019378662109, -20, 0.470656209500363, 550.736999511719, 28.6086730957031, -80.5989151000977, -198.51408949659, -66.1712972934353, 15, 12.2626616135512, 3.79810430571238, 4.97557254645712, 5.30879740759855, -0.307823922063151, 3.81053973194172, 94.6368661483972
47939.9088678406, -20.6251179551725, 321.235992431641, -20, 0.447174212509874, 552.072326660156, 28.6086750030518, -80.5989074707031, -197.665739531345, -65.9592098021241, 15, 12.2756314904053, 3.72204682844552, 5.11767116566108, 5.37432866481513, -0.235003908511728, 3.72944791107079, 93.6152909851324
47939.9888678406, -20.6106329267664, 319.866119384766, -20, 0.454581436459538, 552.083618164063, 28.608678817749, -80.5988998413086, -196.8173895661, -65.5350348195017, 14.8970411999075, 12.2962362929394, 3.51858920661057, 4.92467154854243, 5.44133756729919, -0.558509804357714, 3.56258487244785, 99.0248170556695
47940.0688678406, -20.5975596846089, 318.202575683594, -20, 0.458997563090971, 553.487487792969, 28.6086826324463, -80.5988845825195, -195.120689635611, -65.1108598368794, 14.337130222778, 12.3148368716893, 2.79411894706698, 4.78469380426008, 5.50465305316338, -0.775337023279124, 2.89961576130581, 105.51414656114
47940.1288678406, -20.5863166513869, 316.915649414063, -20, 0.465395354899979, 557.612487792969, 28.6086864471436, -80.598876953125, -194.272339670366, -64.686684854257, 14.9055246995939, 12.3298342395823, 3.53378155845544, 4.85680355132287, 5.55018467122247, -0.724309333752935, 3.60715548937362, 101.590170933589
47940.2088678406, -20.5670284490552, 315.13232421875, -20, 0.407994752579371, 552.250610351563, 28.6086902618408, -80.5988693237305, -193.423989705121, -64.2625098716346, 14.8376567023743, 12.3591207952389, 3.31201001548469, 4.82286955271307, 5.60893632474946, -0.821482190593774, 3.41225607316246, 103.937031507642
47940.2888678406, -20.5474833891948, 313.348907470703, -20, 0.428445458356282, 546.396667480469, 28.6086940765381, -80.5988616943359, -192.575639739877, -63.8383348890123, 14.5577012138096, 12.3983145414227, 2.85645451415894, 4.78893555410328, 5.66270473683298, -0.890049787939818, 2.99179955470326, 107.312730201971
47940.3688678405, -20.5399950210099, 312.098724365234, -20, 0.473945940183871, 546.888366699219, 28.6086978912354, -80.5988540649414, -191.727289774632, -63.4141599063899, 14.7019207079351, 12.4307741533628, 2.9612860376864, 4.64895780982091, 5.70843902358067, -1.05349587011839, 3.14294131553084, 109.590368685769
47940.4288678405, -20.5324677842348, 310.811920166016, -20, 0.464106731159488, 550.543395996094, 28.6087017059326, -80.5988388061523, -190.030589844142, -62.9899849237675, 13.9299222394606, 12.4569871945525, 2.13260888462386, 4.72106755688371, 5.73767488354992, -0.952008619078774, 2.33536345748133, 114.060197153547
47940.5088678405, -20.5193930387877, 309.028503417969, -20, 0.451521505399251, 549.154968261719, 28.6087055206299, -80.5988311767578, -189.182239878898, -62.5658099411452, 14.4983167162764, 12.4964357492968, 2.66967914420794, 4.68713355827391, 5.76994151817521, -0.981956785317759, 2.84442049245336, 110.200253926205
47940.5888678405, -20.5040889495463, 307.281921386719, -20, 0.441351799656866, 548.93994140625, 28.6087093353271, -80.5988235473633, -188.333889913653, -62.1416349585228, 14.2183612277117, 12.5395495681828, 2.2558495435263, 4.65319955966412, 5.79292641389652, -0.981558198207299, 2.46004385383982, 113.519061705914
47940.6688678405, -20.4931119768676, 305.618194580078, -20, 0.456806691506927, 544.567993164063, 28.6087131500244, -80.5988082885742, -186.637189983163, -61.7174599759004, 13.6584502505823, 12.5850585202292, 1.39825378471402, 4.51322181538177, 5.80502891827998, -1.08347000724152, 1.76883799244794, 127.772261329922
47940.7288678405, -20.4824364254562, 304.744903564453, -20, 0.443371003416255, 546.923400878906, 28.6087169647217, -80.5988006591797, -185.788840017919, -61.293284993278, 14.2268447273981, 12.6167621626605, 2.26088305429137, 4.58533156244454, 5.80691642898766, -0.928042598724567, 2.44385109560691, 112.321411769746
47940.8088678405, -20.4724765892835, 302.961395263672, -20, 0.458799322141939, 546.264404296875, 28.6087207794189, -80.5987930297852, -184.940490052674, -60.8691100106557, 14.1589767301785, 12.6657765690665, 1.99198800023765, 4.55139756383475, 5.800598341011, -0.895920285193526, 2.18411673565719, 114.219843780719
47940.8888678405, -20.4642765337323, 301.297821044922, -20, 0.465205591720665, 550.882568359375, 28.6087245941162, -80.5987854003906, -184.092140087429, -60.4449350280333, 13.8790212416138, 12.7156101470957, 1.59102806202569, 4.51746356522497, 5.78363221763936, -0.837434404925865, 1.79791167982371, 117.762179094365
47940.9688678404, -20.4547455160748, 299.928039550781, -20, 0.459650711470733, 555.921325683594, 28.6087284088135, -80.5987701416016, -182.39544015694, -60.0207600454109, 13.3191102644844, 12.7471172929584, 0.940349886819812, 4.37748582094259, 5.75513758929554, -0.885852478161525, 1.29186766408906, 133.290834963994
47941.0288678404, -20.4348567077539, 298.264312744141, -20, 0.392280354114595, 548.860778808594, 28.6087322235107, -80.598762512207, -181.547090191695, -59.5965850627886, 13.8875047413002, 12.7655527691548, 1.77800363632296, 4.44959556800539, 5.72673465886598, -0.695683956896871, 1.90921914222823, 111.371683510396
47941.1088678404, -20.4159841051704, 296.894500732422, -20, 0.417897921810201, 541.398559570313, 28.6087341308594, -80.5987548828125, -180.69874022645, -59.3844975714774, 13.8196367440806, 12.7886879223666, 1.63437703724049, 4.59169418720934, 5.68141714808356, -0.415804352700355, 1.68642659579591, 104.27562541693
47941.1888678404, -20.410829870876, 295.230712890625, -20, 0.469696563811948, 542.067932128906, 28.6087379455566, -80.598747253418, -179.850390261206, -58.960322588855, 13.5396812555159, 12.8073024603595, 1.26390070180661, 4.39869457009069, 5.6284307814702, -0.527287623534275, 1.36946417350956, 112.646807599875
47941.2688678404, -20.4091897125506, 293.860900878906, -20, 0.48410106796631, 548.678649902344, 28.6087436676025, -80.5987319946289, -178.153690330716, -58.3240601149214, 12.9797702783865, 12.8083600749276, 0.769088790628779, 4.02966233515831, 5.58211266015097, -0.965798359843951, 1.23458819689614, 141.468351158385
47941.3288678404, -20.4002486172477, 292.197235107422, -20, 0.444511657191794, 550.598999023438, 28.6087455749512, -80.5987243652344, -177.305340365471, -58.1119726236103, 13.5481647552023, 12.8021008502924, 1.51414637752741, 4.48989219137997, 5.51297183321797, 0.0128549716476329, 1.51420093263906, 89.513518863591
47941.4088678404, -20.3832117339666, 290.827423095703, -20, 0.42260244751489, 543.836791992188, 28.6087493896484, -80.5987167358398, -176.456990400227, -57.6877976409879, 13.4802967579827, 12.7996382643657, 1.40772962045321, 4.29689257426134, 5.44153023619814, -0.289526654306681, 1.43718874881176, 101.623007940144
47941.4888678404, -20.3740906943827, 289.163635253906, -20, 0.451502964264933, 542.83984375, 28.6087532043457, -80.5987091064453, -175.608640434982, -57.2636226583655, 13.200341269418, 12.7951235977971, 1.10412103590021, 4.26295857565153, 5.36781825308778, -0.225649064966014, 1.12694030874261, 101.551140479863
47941.5688678403, -20.3703315654687, 287.793914794922, -20, 0.472151673313705, 545.938903808594, 28.608757019043, -80.5986938476563, -173.911940504492, -56.8394476757432, 12.6404302922886, 12.7807013295401, 0.51244271467482, 4.12298083136919, 5.30894661336795, -0.287811446033775, 0.587733575319355, 119.320797246734
47941.6288678403, -20.3613525346694, 286.130187988281, -20, 0.440192552643247, 548.538452148438, 28.6087608337402, -80.5986862182617, -173.063590539248, -56.4152726931208, 13.2088247691044, 12.7559914553265, 1.30168724724828, 4.19509057843196, 5.22896242087473, -0.094960769537857, 1.30514584851884, 94.1728096100533
47941.7088678403, -20.3473823237661, 284.346893310547, -20, 0.430596392320954, 542.929809570313, 28.6087627410889, -80.5986785888672, -172.215240574003, -56.2031852018096, 12.9288692805397, 12.7394843812471, 0.924179656768489, 4.33718919763592, 5.14938699751403, 0.167332554805586, 0.93920487302438, 79.7367531695627
47941.7888678403, -20.3402491851112, 283.013793945313, -20, 0.455813125332579, 540.343383789063, 28.6087665557861, -80.5986709594727, -171.366890608758, -55.7790102191872, 13.0730887746652, 12.7264380185754, 1.11976724650207, 4.14418958051728, 5.07227041200561, 0.00908916831321693, 1.11980412965885, 89.5349098686759
47941.8488678403, -20.338208385103, 281.726867675781, -20, 0.475752028798973, 545.567260742188, 28.6087703704834, -80.5986557006836, -169.670190678269, -55.3548352365648, 12.3010903061907, 12.7120646026129, 0.187625397048686, 4.00421183623491, 5.01506889617383, -0.097208053059738, 0.211311763564222, 117.388544354352
47941.9288678403, -20.3314384852956, 279.943542480469, -20, 0.448857370292571, 548.8740234375, 28.6087741851807, -80.5986480712891, -168.821840713024, -54.9306602539425, 12.8694847830065, 12.6898264323144, 0.955513957795667, 4.0763215832977, 4.94068261777109, 0.06377761837191, 0.957639875449454, 86.181171378225
47942.0088678403, -20.3163982534425, 278.316619873047, -20, 0.423811534926837, 546.859069824219, 28.6087779998779, -80.5986404418945, -167.973490747779, -54.5064852713201, 12.5895292944418, 12.6731068779123, 0.59817435550385, 4.0423875846879, 4.8720267215916, 0.0618023174649549, 0.601358418295116, 84.1011257299161
47942.0888678403, -20.3013218140955, 276.946838378906, -20, 0.42111193424449, 542.868957519531, 28.6087818145752, -80.5986251831055, -166.27679081729, -54.0823102886977, 12.0296183173124, 12.6591281309898, -0.0429312154205975, 3.90240984040555, 4.81035603043892, -0.0852815409521507, 0.0954778986120784, -153.279048587576
47942.1488678403, -20.2932836063495, 275.659881591797, -20, 0.446668885241191, 542.617553710938, 28.6087837219238, -80.5986175537109, -165.428440852045, -53.8702227973866, 12.5980127941282, 12.6477599276701, 0.598218258698659, 4.15055220528208, 4.76903087514485, 0.21242976533852, 0.634814815876718, 70.4495532660216
47942.2288678402, -20.2848566453971, 273.913299560547, -20, 0.433425189222228, 540.531066894531, 28.6087875366211, -80.5986099243164, -164.5800908868, -53.4460478147642, 12.5301447969086, 12.6350125757359, 0.542333204743938, 3.95755258816342, 4.72189429611455, -0.02294456395681, 0.542818332649626, 92.4226116358362
47942.3088678402, -20.2769779741003, 272.543487548828, -20, 0.445153220695774, 542.3154296875, 28.6087913513184, -80.5986022949219, -163.731740921555, -53.0218728321418, 12.2501893083439, 12.6244110400866, 0.202715461720653, 3.92361858955365, 4.6832941092964, -0.0819758201238125, 0.218663132388372, 112.017881011344
47942.3888678402, -20.2696757981619, 270.760101318359, -20, 0.446568237497617, 544.032897949219, 28.608793258667, -80.5985870361328, -162.035040991066, -52.8097853408306, 11.6902783312145, 12.6118738056871, -0.408825160207213, 4.01269533592131, 4.65310523703214, -0.00245426485066808, 0.408832526754596, -90.343957601892
47942.4488678402, -20.2619078001907, 269.473205566406, -20, 0.443927036582372, 545.093566894531, 28.6087970733643, -80.5985794067383, -161.186691025821, -52.3856103582083, 12.2586728080303, 12.6046189972196, 0.210715944680922, 3.87271759163896, 4.63627373414833, -0.208789401367454, 0.296637871702497, 134.736876936463
47942.5288678402, -20.2456837199241, 267.726593017578, -20, 0.388617658725872, 541.705261230469, 28.6088008880615, -80.5985717773438, -160.338341060576, -51.9614353755859, 12.1908048108107, 12.6027755774138, 0.0905714602024829, 3.83878359302917, 4.62137537326271, -0.288835562265554, 0.30270299295411, 162.589844230297
47942.6088678402, -20.2323672548892, 266.476440429688, -20, 0.41740166894372, 535.617309570313, 28.6088027954102, -80.5985641479492, -159.489991095332, -51.7493478842747, 11.910849322246, 12.6070065426068, -0.296567097581777, 3.98088221223313, 4.61546147196425, -0.179111647984761, 0.34645741341347, -121.129941871043
47942.6888678402, -20.2301996580759, 264.693023681641, -20, 0.459588824210622, 533.745544433594, 28.6088066101074, -80.5985488891602, -157.793291164842, -51.3251729016523, 11.3509383451166, 12.6016755140498, -0.87777095363817, 3.68183884944192, 4.6207747327359, -0.629294460506078, 1.08002888051648, -125.638136965431
47942.7488678402, -20.2334202084435, 263.442840576172, -20, 0.485325462319285, 541.510986328125, 28.6088104248047, -80.5985412597656, -156.944941199597, -50.90099791903, 11.9193328219324, 12.5970386029161, -0.20920890479439, 3.7539485965047, 4.63022197964693, -0.609248237685506, 0.644166229586902, -161.047819716207
47942.8288678401, -20.2277225863383, 261.659484863281, -20, 0.447343112399552, 547.119873046875, 28.6088123321533, -80.5985336303711, -156.096591234353, -50.6889104277188, 11.8514648247128, 12.5955034767322, -0.312666968085591, 3.89604721570866, 4.65067879359411, -0.522835412142472, 0.609191913617328, -149.119431789058
47942.9088678401, -20.2117981749453, 260.289703369141, -20, 0.405858742415331, 544.426513671875, 28.6088161468506, -80.5985260009766, -155.248241269108, -50.2647354450964, 11.5715093361481, 12.5948339004265, -0.655120346534511, 3.70304759859001, 4.6808451364177, -0.864238268688114, 1.08446203407839, -142.8362598187
47942.9888678401, -20.198548782227, 258.506317138672, -20, 0.413371909396622, 539.387512207031, 28.6088199615479, -80.5985107421875, -153.551541338619, -49.840560462474, 11.0115983590187, 12.5805329835204, -1.17280643278809, 3.56306985430765, 4.71752987640685, -1.12604479658091, 1.6258150915094, -133.834845948557
47943.0488678401, -20.189637809934, 257.256103515625, -20, 0.416843440982629, 537.318664550781, 28.6088237762451, -80.598503112793, -152.703191373374, -49.4163854798517, 11.5799928358345, 12.5667776135456, -0.514859938716972, 3.63517960137043, 4.74883576262382, -1.11567166951975, 1.2287271977847, -155.226546118003
47943.1288678401, -20.1856328381459, 255.886291503906, -20, 0.446120946652115, 537.817687988281, 28.6088256835938, -80.5984954833984, -151.854841408129, -49.2042979885405, 11.5121248386149, 12.552826271225, -0.578922693148253, 3.77727822057439, 4.79558784681296, -1.03965224445774, 1.18995440655455, -150.888153022156
47943.2088678401, -20.184096897348, 254.222671508789, -20, 0.455732215256972, 541.468872070313, 28.608829498291, -80.5984878540039, -151.006491442884, -48.7801230059181, 11.2321693500502, 12.5382657631165, -0.857210313856066, 3.58427860345574, 4.84688553597353, -1.36791113482978, 1.61426477852097, -147.924932666178
47943.2888678401, -20.180101209434, 252.852828979492, -20, 0.446229646428833, 547.264343261719, 28.6088333129883, -80.5984725952148, -149.309791512395, -48.3559480232957, 10.6722583729208, 12.5093048155438, -1.42421796075658, 3.4443008591734, 4.90053644160302, -1.61907962670946, 2.15621790981158, -138.66277919641
47943.3488678401, -20.1679875682334, 251.602767944336, -20, 0.398120822500718, 543.4814453125, 28.6088352203369, -80.5984649658203, -148.46144154715, -48.1438605319846, 11.2406528497366, 12.4841421827316, -0.741431581376845, 3.69244322404991, 4.94160454371387, -1.37963923707102, 1.56621166017648, -151.744340273155
47943.42886784, -20.1527652812004, 249.819396972656, -20, 0.398410941496986, 536.072265625, 28.6088390350342, -80.5984573364258, -147.613091581905, -47.7196855493622, 11.172784852517, 12.4564253445224, -0.771483344102558, 3.49944360693127, 4.99539350039744, -1.66971843956537, 1.8392872849245, -155.198557741134
47943.50886784, -20.148290922793, 248.035888671875, -20, 0.438190247938856, 535.94287109375, 28.6088428497314, -80.5984497070313, -146.764741616661, -47.2955105667398, 10.8928293639523, 12.4324942326212, -1.04820156257182, 3.46550960832148, 5.04507491925302, -1.74051405905745, 2.03169331032436, -148.939620902145
47943.58886784, -20.1485849693229, 246.749038696289, -20, 0.456739617966086, 537.084838867188, 28.6088466644287, -80.5984344482422, -145.068041686171, -46.8713355841174, 10.3329183868229, 12.4063051425848, -1.73321948023422, 3.32553186403913, 5.08043312460943, -1.93294155152445, 2.59599171514068, -138.117170802813
47943.64886784, -20.147034595863, 245.416030883789, -20, 0.447938586600695, 541.4052734375, 28.6088485717773, -80.5984268188477, -144.219691720926, -46.6592480928063, 10.9013128636387, 12.3669896422035, -0.906691971417358, 3.57367422891565, 5.12429073557045, -1.66439036867049, 1.89527158297902, -151.417873419156
47943.72886784, -20.1378475707123, 243.752319335938, -20, 0.419493743575452, 541.608154296875, 28.6088523864746, -80.5984191894531, -143.371341755682, -46.2350731101839, 10.8334448664191, 12.3368802998834, -1.02225129111355, 3.38067461179701, 5.16142655812194, -1.89156408475192, 2.15003085947126, -151.608956823055
47943.80886784, -20.1255965012173, 241.968963623047, -20, 0.405443195914136, 537.809875488281, 28.6088562011719, -80.5984115600586, -142.522991790437, -45.8108981275615, 10.5534893778544, 12.3124075158232, -1.3109781141962, 3.34674061318722, 5.18927050859344, -1.89748260695455, 2.30618201212412, -145.356694080205
47943.86886784, -20.1196481520718, 241.095596313477, -20, 0.428069902550097, 537.625671386719, 28.6088600158691, -80.5983963012695, -140.826291859947, -45.3867231449391, 9.99357840072497, 12.2865561635031, -2.00452674438767, 3.20676286890486, 5.20472764991509, -2.03094503321923, 2.85327566792305, -135.374927438657
47943.94886784, -20.1148531086513, 239.312194824219, -20, 0.425546793213644, 534.531066894531, 28.6088619232178, -80.598388671875, -139.977941894703, -45.174635653628, 10.5619728775408, 12.2493147574111, -1.19368815509924, 3.45490523378138, 5.21772361478193, -1.69307793118792, 2.07147037705747, -144.812646382988
47944.02886784, -20.1100799042605, 237.528778076172, -20, 0.430869512371014, 537.474792480469, 28.608865737915, -80.5983810424805, -139.129591929458, -44.7504606710056, 10.2820173889761, 12.2168552869741, -1.52809576458885, 3.26190561666275, 5.22118533926768, -1.85889216202139, 2.40618730345685, -140.576607091801
47944.1088678399, -20.1033433666861, 236.27864074707, -20, 0.422236252004148, 537.898742675781, 28.6088695526123, -80.5983734130859, -138.281241964213, -44.3262856883832, 10.4262368831016, 12.1897987653204, -1.29650349451903, 3.22797161805295, 5.21283688896085, -1.80260640124291, 2.22030549474053, -144.272703935679
47944.1688678399, -20.0966762408651, 234.8720703125, -20, 0.421216469587977, 534.29443359375, 28.6088733673096, -80.5983581542969, -136.584542033724, -43.9021107057608, 9.6542384146271, 12.167009512128, -2.29721058734444, 3.08799387377061, 5.1989122373117, -1.8785035242181, 2.96716375955885, -129.276471624638
47944.2488678399, -20.0929393912021, 233.20832824707, -20, 0.426878548860081, 535.540649414063, 28.6088752746582, -80.5983581542969, -136.584542033724, -43.6900232144497, 10.9267633626979, 12.132623992966, -0.64291072038442, 3.33613623864712, 5.17190316083683, -1.48646885105384, 1.61951569890765, -156.609193440422
47944.3288678399, -20.0894806121651, 231.424926757813, -20, 0.432085603477092, 539.476318359375, 28.6088790893555, -80.5983428955078, -134.887842103234, -43.2658482318273, 9.09432743749767, 12.0975107497565, -2.79664255506468, 3.14313662152848, 5.13567801257418, -1.60707170837416, 3.22518798915618, -119.890121121415
47944.4088678399, -20.0825663398225, 230.055130004883, -20, 0.41772920085247, 539.348999023438, 28.6088829040527, -80.5983352661133, -134.039492137989, -42.8416732492049, 10.0868968970037, 12.0475079426239, -1.3100534544329, 3.00315887724612, 5.09074182973988, -1.6574588891757, 2.11256508593935, -141.675740478742
47944.4688678399, -20.0764704668476, 228.768249511719, -20, 0.419580112105353, 536.356018066406, 28.60888671875, -80.5983276367188, -133.191142172745, -42.4174982665825, 10.0190288997842, 12.0185198235799, -1.64092607952379, 3.0752686243089, 5.04871462248103, -1.43842791024386, 2.18200538375178, -131.238548512055
47944.5488678399, -20.0704867720032, 226.984817504883, -20, 0.411236698142922, 527.572448730469, 28.6088886260986, -80.5983200073242, -132.3427922075, -42.2054107752714, 9.95116090256459, 11.9867987296504, -1.66543356208896, 3.21736724351286, 4.98550675363338, -1.13968769241238, 2.01796708152899, -124.386574094128
47944.6288678399, -20.0741689015982, 225.734664916992, -20, 0.456180366358321, 532.921142578125, 28.6088924407959, -80.5983047485352, -130.646092277011, -41.781235792649, 8.75498745139975, 11.9385320054444, -2.92137624298875, 3.02436762639422, 4.91972996500009, -1.27460447807002, 3.18710645861134, -113.579144283033
47944.7088678398, -20.0803138178619, 223.951324462891, -20, 0.467273300704521, 538.483032226563, 28.6088962554932, -80.5982971191406, -129.797742311766, -41.3570608100266, 9.74755691090587, 11.8853924087651, -1.49841254158969, 2.88438988211186, 4.84573736679181, -1.29373715952413, 1.97954903195507, -130.808318581307
47944.7688678398, -20.0786408378648, 222.664459228516, -20, 0.435682642239808, 541.498657226563, 28.6089000701904, -80.5982894897461, -128.949392346521, -40.9328858274042, 9.6796889136863, 11.8449688123716, -1.76129704037768, 2.95649962917463, 4.78779081866351, -1.11424738528354, 2.08406415181004, -122.321072789351
47944.8488678398, -20.0681472085934, 221.294677734375, -20, 0.402345613968938, 539.300842285156, 28.6089019775391, -80.5982818603516, -128.101042381276, -40.7207983360931, 9.61182091646667, 11.7907765311486, -1.67618592782769, 3.09859824837859, 4.70884591944639, -0.837662098467455, 1.87378677120143, -116.55571969822
47944.9288678398, -20.0592546369909, 219.511306762695, -20, 0.406363455875775, 534.796264648438, 28.6089057922363, -80.598274230957, -127.252692416032, -40.2966233534707, 9.33186542790199, 11.729013824013, -1.88315678990526, 2.90559863125996, 4.62929804681515, -0.970660850777969, 2.11851898381639, -117.271631042091
47945.0088678398, -20.0583730101281, 218.104736328125, -20, 0.436417583978716, 534.508972167969, 28.6089096069336, -80.598258972168, -125.555992485542, -39.8724483708483, 8.77195445077257, 11.6662904747586, -2.31750535591607, 2.7656208869776, 4.54681432831305, -1.01905979243217, 2.5315504192791, -113.740827984108
47945.0688678398, -20.0599746425575, 216.81787109375, -20, 0.448312178898752, 536.989807128906, 28.6089115142822, -80.5982513427734, -124.707642520297, -39.6603608795371, 9.34034892758837, 11.6190295076643, -1.85331800706785, 3.01376325185412, 4.48467094207548, -0.644793462098797, 1.96224392737944, -109.186176900844
47945.1488678398, -20.0586341543254, 215.034484863281, -20, 0.435176600437816, 541.349182128906, 28.6089153289795, -80.5982437133789, -123.859292555053, -39.2361858969148, 9.27248093036882, 11.5605342610921, -1.78213865441212, 2.82076363473548, 4.40317444929217, -0.790073306455136, 1.94936725481045, -113.911837148534
47945.2288678398, -20.0493457927878, 213.664733886719, -20, 0.403247368324531, 538.887573242188, 28.6089172363281, -80.5982360839844, -123.010942589808, -39.0240984056036, 8.99252544180407, 11.5072306648801, -2.09507006712063, 2.96286225393944, 4.32257431246915, -0.530645238572688, 2.16119815028329, -104.215977768671
47945.3088678397, -20.0419061824902, 211.88134765625, -20, 0.408487907631199, 535.521240234375, 28.6089210510254, -80.5982284545898, -122.162592624563, -38.5999234229812, 9.13674493592966, 11.4474555216878, -1.65368846832618, 2.66381889114822, 4.24730755095463, -0.840444265852491, 1.85494904618443, -116.943156138135
47945.3688678397, -20.0373137318528, 210.594436645508, -20, 0.412388021596888, 528.822937011719, 28.608922958374, -80.5982208251953, -121.314242659318, -38.38783593167, 9.06887693871006, 11.4030817744589, -1.94869725993128, 2.91196125602475, 4.19397801883323, -0.510652589662495, 2.0144692903927, -104.686606126318
47945.4488678397, -20.0384060155534, 209.187850952148, -20, 0.439873033652857, 530.442199707031, 28.6089267730713, -80.5982131958008, -120.465892694074, -37.9636609490477, 9.00100894149049, 11.3413542910905, -1.82778513176543, 2.71896163890612, 4.12971458415721, -0.717584172101692, 1.96355566353334, -111.437652340193
47945.5288678397, -20.0430937999873, 207.40446472168, -20, 0.454700482713496, 535.835876464844, 28.6089286804199, -80.5981979370117, -118.769192763584, -37.7515734577365, 7.80483549032565, 11.2734456230837, -2.96765348279518, 2.86106025811007, 4.07527893072614, -0.556422779226474, 3.01932055037151, -100.623905236161
47945.6088678397, -20.0422823640901, 206.531188964844, -20, 0.434044676950598, 540.011596679688, 28.6089324951172, -80.5981903076172, -117.920842798339, -37.3273984751141, 8.79740494983174, 11.2227118768298, -2.01621346463556, 2.56201689531886, 4.03910804626753, -1.01003719346161, 2.2549657929887, -116.612468858713
47945.6688678397, -20.0325625078422, 204.756378173828, -20, 0.38615600377984, 536.386413574219, 28.6089344024658, -80.5981826782227, -117.072492833095, -37.1153109838029, 8.72953695261217, 11.1663686555674, -1.98992159857587, 2.81015926019538, 3.9955381642829, -0.496276538137505, 2.05084844283768, -104.006151615462
47945.7488678397, -20.0203732549441, 203.143539428711, -20, 0.386079766446758, 528.477600097656, 28.6089382171631, -80.5981750488281, -116.22414286785, -36.6911360011805, 8.66166895539259, 11.1239876992603, -2.12719288984666, 2.61715964307674, 3.95923590092244, -0.848818868322433, 2.29022094763938, -111.757410482252
47945.8288678397, -20.0189103402262, 201.859970092773, -20, 0.426013447310991, 527.843994140625, 28.6089401245117, -80.5981674194336, -115.375792902605, -36.4790485098694, 8.3817134668279, 11.0727562181546, -2.20881868566389, 2.7592582622807, 3.93654097563134, -0.754063476635345, 2.33392587565808, -108.853106382657
47945.9088678397, -20.0226903906754, 200.696136474609, -20, 0.446710340865199, 530.222412109375, 28.608943939209, -80.5981597900391, -114.52744293736, -36.054873527247, 8.52593296095342, 11.0314304657641, -2.19054045600799, 2.46021489948948, 3.92420634233433, -1.14585795361474, 2.47200690301653, -117.617948023069
47945.9688678396, -20.0242725211303, 199.469055175781, -20, 0.44091415413142, 535.435913085938, 28.6089458465576, -80.5981521606445, -113.679092972116, -35.8427860359358, 8.45806496373383, 10.9760768227594, -2.10236291093012, 2.70835726436601, 3.915436109503, -0.896098086185586, 2.28529236022388, -113.089136188617
47946.0488678396, -20.0186364980521, 197.799896240234, -20, 0.410533955532077, 534.552185058594, 28.6089477539063, -80.59814453125, -112.830743006871, -35.6306985446246, 8.17810947516916, 10.9227128971007, -2.3913913492514, 2.69139026506112, 3.91830496405311, -1.00817579794533, 2.59510707545369, -112.864477438837
47946.1288678396, -20.010171714786, 196.516372680664, -20, 0.397850595867947, 531.548889160156, 28.6089515686035, -80.5981369018555, -111.982393041626, -35.2065235620022, 8.3223289692947, 10.8698838908998, -2.02840106222369, 2.49839064794248, 3.93200367666846, -1.3385846195512, 2.43011748532501, -123.424767498509
47946.1888678396, -20.0068859507435, 195.232849121094, -20, 0.416478020752078, 530.985046386719, 28.6089534759521, -80.5981216430664, -110.285693111137, -34.9944360706911, 7.55033050082013, 10.8345624547247, -3.17842017728311, 2.58746739431015, 3.94565779170666, -1.28269318196648, 3.42723919427303, -111.985725914929
47946.2688678396, -20.0055454027612, 194.125366210938, -20, 0.421778395213614, 533.654846191406, 28.6089572906494, -80.5981140136719, -109.437343145892, -34.5702610880687, 8.11872497763595, 10.7926847606289, -2.3990608056023, 2.4474896500278, 3.96879618984353, -1.51664643375172, 2.83802125955649, -122.304935280471
47946.3488678396, -20.0018143687425, 192.45622253418, -20, 0.413564256523967, 528.230285644531, 28.608959197998, -80.5981063842773, -108.588993180647, -34.3581735967575, 7.83876948907125, 10.7593658455034, -2.76155201310188, 2.58958826923175, 3.99738896887086, -1.4224735227842, 3.10612834309565, -117.259600074178
47946.4288678396, -19.9976924127434, 190.786926269531, -20, 0.411058579748383, 526.983215332031, 28.6089630126953, -80.5980987548828, -107.740643215402, -33.9339986141351, 7.98298898319679, 10.7385539462507, -2.60694055094559, 2.29054490644054, 4.02789048656816, -1.83363279586139, 3.1868523050211, -125.125943193928
47946.4888678396, -19.998093642406, 189.889022827148, -20, 0.428113207967785, 528.819030761719, 28.6089649200439, -80.5980911254883, -106.892293250158, -33.721911122824, 7.91512098597722, 10.7224000024528, -2.75820765232176, 2.53868727131707, 4.05355298972217, -1.59542953004002, 3.18608508446873, -120.052751613023
47946.5688678395, -19.9994678048452, 188.219772338867, -20, 0.433821352954311, 530.680236816406, 28.6089668273926, -80.5980834960938, -106.043943284913, -33.5098236315128, 7.84725298875765, 10.7006412732622, -2.7737855941321, 2.52172027201216, 4.09111534505909, -1.68721290515934, 3.24628241441237, -121.317191258363
47946.6488678395, -19.9980750121022, 186.936218261719, -20, 0.421371669832854, 531.839111328125, 28.6089706420898, -80.5980758666992, -105.195593319668, -33.0856486488904, 7.56729750019292, 10.6751662954486, -3.05377663739162, 2.32872065489353, 4.13248876119606, -1.99848651555581, 3.64907072790411, -123.209092161487
47946.7288678395, -19.9922749434326, 185.443099975586, -20, 0.403363467711873, 532.182922363281, 28.6089744567871, -80.5980682373047, -104.347243354424, -32.661473666268, 7.71151699431846, 10.6493769399036, -2.78469751189652, 2.18874291061118, 4.17201131762539, -2.20159204332569, 3.54932814758204, -128.334140832541
47946.7888678395, -19.9880227652719, 184.488784790039, -20, 0.408057103641834, 525.322021484375, 28.6089763641357, -80.5980606079102, -103.498893389179, -32.4493861749568, 7.64364899709891, 10.6311584010482, -2.96792138350916, 2.43688527548769, 4.20080895598338, -1.93099393607009, 3.54033318178439, -123.055655669286
47946.8688678395, -19.9877676785491, 182.875900268555, -20, 0.422626869487548, 527.187866210938, 28.6089782714844, -80.5980529785156, -102.650543423934, -32.2372986836456, 7.57578099987932, 10.6082027155056, -2.988713494734, 2.4199182761828, 4.23716148621624, -1.98109875924731, 3.58519176761868, -123.545516872598
47946.9488678395, -19.990560079793, 181.592330932617, -20, 0.435034148398594, 529.479248046875, 28.6089820861816, -80.5980453491211, -101.802193458689, -31.8131237010233, 7.2958255113146, 10.5826335750976, -3.27700564747929, 2.22691865906416, 4.27010759726496, -2.2283200403133, 3.96216609702495, -124.222989106099
47947.0288678395, -19.9896194754321, 179.923110961914, -20, 0.420758704189924, 533.082275390625, 28.6089839935303, -80.5980377197266, -100.953843493445, -31.6010362097121, 7.44004500544017, 10.5527769092502, -2.96318378922254, 2.31599540543183, 4.29760865429988, -2.11517659860279, 3.6401154271537, -125.525888153104
47947.0888678395, -19.9841631982221, 179.088531494141, -20, 0.395593004781228, 531.8154296875, 28.6089878082275, -80.5980224609375, -99.2571435629551, -31.1768612270897, 6.6680465369656, 10.5298038944003, -3.99137278657772, 2.17601766114948, 4.31465255060271, -2.26906678349924, 4.59035822258816, -119.631399813269
47947.1688678394, -19.9768653824395, 177.475677490234, -20, 0.393590589231077, 527.083312988281, 28.6089897155762, -80.5980224609375, -99.2571435629551, -30.9647737357785, 7.94057148503641, 10.4963215199385, -2.34738840246432, 2.31811628035343, 4.33183156445008, -2.07917787011861, 3.1354096572201, -131.534338953444
47947.2488678394, -19.974923736777, 175.806427001953, -20, 0.41309051071593, 528.418762207031, 28.6089935302734, -80.598014831543, -98.4087935977103, -30.5405987531562, 7.02435352243628, 10.4639318272791, -3.41892910255552, 2.1251166632348, 4.34050360820975, -2.25915389706032, 4.09716887706695, -123.464672320629
47947.3288678394, -19.9750906848089, 174.522842407227, -20, 0.420939836818598, 529.482849121094, 28.6089954376221, -80.5979995727539, -96.7120936672209, -30.328511261845, 6.46444254530688, 10.4177939192775, -3.81937241122813, 2.21419340960246, 4.34385241213198, -2.11805979454034, 4.36659310570388, -119.023333721479
47947.3888678394, -19.9732549936491, 173.302627563477, -20, 0.410596168089156, 533.370300292969, 28.6089992523193, -80.5979919433594, -95.8637437019761, -29.9043362792226, 7.03283702212268, 10.3783552029219, -3.25823770134161, 2.07421566532011, 4.34176015492936, -2.23884430427926, 3.95261076696721, -124.501871599586
47947.4688678394, -19.9645655771676, 172.019104003906, -20, 0.384875220267053, 528.966125488281, 28.609001159668, -80.5979843139648, -95.0153937367314, -29.6922487879114, 6.9649690249031, 10.3332291343554, -3.24556748222365, 2.21631428452406, 4.32800080857946, -1.97123156922242, 3.79674924442913, -121.281451052894
47947.5488678394, -19.9588271580957, 170.349807739258, -20, 0.394342164419413, 524.633056640625, 28.6090049743652, -80.5979766845703, -94.1670437714866, -29.2680738052891, 6.6850135363384, 10.2928037746324, -3.5711451853564, 2.02331466740542, 4.30388050126723, -2.09800398642696, 4.14113473053301, -120.444326250371
47947.6288678394, -19.9606004304292, 169.571578979492, -20, 0.422796726999564, 524.702209472656, 28.6090068817139, -80.5979690551758, -93.3186938062419, -29.0559863139779, 6.82923303046395, 10.245005811435, -3.16798426615649, 2.11239141377309, 4.27433074002829, -1.9166608243029, 3.70215726009098, -121.182538717025
47947.6888678394, -19.9655187254365, 167.902359008789, -20, 0.441864560715845, 528.650695800781, 28.6090106964111, -80.5979614257813, -92.4703438409972, -28.6318113313555, 6.76136503324437, 10.2061424912353, -3.39205043105361, 1.97241366949074, 4.24544424138986, -1.98409236031556, 3.92912560034531, -120.333996412409
47947.7688678394, -19.9666080759347, 166.562454223633, -20, 0.421496919973338, 533.714172363281, 28.6090126037598, -80.5979537963867, -91.6219938757524, -28.4197238400443, 6.69349703602478, 10.1479144457719, -3.26114646758669, 2.1145122886947, 4.19952278924824, -1.70459037841434, 3.67934315585409, -117.605151219531
47947.8488678393, -19.9597393593341, 164.893295288086, -20, 0.389775946634735, 530.910827636719, 28.6090145111084, -80.5979461669922, -90.7736439105077, -28.2076363487331, 6.41354154746007, 10.079577805393, -3.27063264431125, 2.0975452893898, 4.14747517874408, -1.61818740115999, 3.64866049750259, -116.333836260068
47947.9288678393, -19.9553787203407, 164.065292358398, -20, 0.397912592796395, 526.492980957031, 28.6090183258057, -80.5979385375977, -89.9252939452629, -27.7834613661108, 6.55776104158563, 10.0249213154827, -3.30819792119282, 1.79850192659859, 4.10393605944953, -1.99045052474419, 3.86026718544914, -121.04312498592
47947.9888678393, -19.9561250188467, 162.389572143555, -20, 0.418051431238073, 527.342895507813, 28.6090202331543, -80.5979309082031, -89.0769439800182, -27.5713738747996, 6.48989304436606, 9.94820860724867, -3.13492928297056, 2.04664429147511, 4.04028345817027, -1.30751013072409, 3.39641840047648, -112.648336828563
47948.0688678393, -19.9608689723681, 160.870346069336, -20, 0.433139228685505, 533.976013183594, 28.6090240478516, -80.5979232788086, -88.2285940147734, -27.1471988921772, 6.42202504714648, 9.86641986362605, -3.08290963771925, 1.85364467435648, 3.97461553795052, -1.60602155486083, 3.47579448032795, -117.525220728988
47948.1488678393, -19.959198829349, 159.272933959961, -20, 0.408505626217283, 533.565856933594, 28.6090259552002, -80.5979156494141, -87.3802440495287, -26.935111400866, 6.14206955858176, 9.77881031149689, -3.05322686172917, 1.99574329356043, 3.90664064807061, -1.33815978938964, 3.33334224417862, -113.674801052121
47948.2288678393, -19.9554794592833, 158.075088500977, -20, 0.399713100111992, 531.692810058594, 28.6090278625488, -80.5979080200195, -86.531894084284, -26.7230239095548, 6.28628905270731, 9.70993338111171, -3.15976861123896, 1.92575442141925, 3.85365831921588, -1.33971276922067, 3.43178495550719, -112.985060333572
47948.2888678393, -19.9529254264663, 156.478424072266, -20, 0.400110841848527, 527.0908203125, 28.6090316772461, -80.5979080200195, -86.531894084284, -26.2988489269325, 6.92255152674272, 9.61532093385661, -2.09185654466043, 1.7857766771369, 3.78282595468086, -1.42286541887361, 2.5297253087108, -124.226429822842
47948.3688678393, -19.9559480718657, 154.881546020508, -20, 0.424795379822749, 528.630615234375, 28.6090335845947, -80.597900390625, -85.6835441190392, -26.0867614356213, 6.00633356414259, 9.52099066387166, -3.08304983100445, 1.92787529634085, 3.71067086069836, -1.1572667286435, 3.29289685001639, -110.582157911959
47948.4488678392, -19.9604142154818, 153.284805297852, -20, 0.431166690902057, 529.511169433594, 28.6090354919434, -80.5978851318359, -83.9868441885497, -25.8746739443101, 5.44642258701318, 9.4234448369925, -3.37229298070688, 1.91090829703596, 3.63894918735103, -1.09619420726885, 3.54578817049321, -108.015920292684
47948.5088678392, -19.9621740065476, 152.087036132813, -20, 0.421306512629558, 534.187194824219, 28.6090393066406, -80.5978775024414, -83.138494223305, -25.4504989616877, 6.014817063829, 9.34865700157439, -3.01769078119811, 1.61186493424475, 3.58611755880488, -1.40242910458252, 3.32737824773097, -114.933921949372
47948.5888678392, -19.958492839568, 150.49040222168, -20, 0.395256648004706, 531.687866210938, 28.6090412139893, -80.5978775024414, -83.138494223305, -25.2384114703765, 6.6510795378644, 9.25695227027573, -2.01933811385846, 1.86000729912127, 3.51500633648191, -1.01563091721129, 2.26026667449623, -116.703775875155
47948.6688678392, -19.9528664273841, 148.905944824219, -20, 0.390968299876243, 526.560424804688, 28.6090431213379, -80.5978698730469, -82.2901442580602, -25.0263239790653, 5.73486157526426, 9.17259890951228, -3.0754611049523, 1.84304029981638, 3.44775145829833, -0.985491812533419, 3.22935321455253, -107.774562457387
47948.7488678392, -19.9535212632423, 147.310241699219, -20, 0.414500774055499, 524.130004882813, 28.6090450286865, -80.5978622436523, -81.4417942928155, -24.8142364877542, 5.87908106938985, 9.07810094546068, -2.47859013222491, 1.7730514276752, 3.39025770293126, -1.07498813881784, 2.70153430043214, -113.452134024974
47948.8088678392, -19.9583202758898, 146.113296508789, -20, 0.431074471283314, 529.758117675781, 28.6090488433838, -80.5978546142578, -80.5934443275708, -24.3900615051318, 5.81121307217025, 9.00859207469619, -2.90284209702276, 1.63307368339284, 3.35057715065342, -1.23077291378367, 3.15277621325231, -112.98363399793
47948.8888678392, -19.9569000573083, 144.517288208008, -20, 0.405492726469774, 530.266967773438, 28.6090507507324, -80.5978469848633, -79.745094362326, -24.1779740138206, 5.74334507495069, 8.92101125389276, -2.74618921635118, 1.7751723025968, 3.30145831137244, -1.03094722058419, 2.93318825657298, -110.582845792855
47948.9688678392, -19.9515721283776, 142.92170715332, -20, 0.391088392166496, 526.753173828125, 28.6090526580811, -80.5978393554688, -78.8967443970813, -23.9658865225094, 5.46338958638596, 8.83645044109862, -3.00601133603248, 1.75820530329191, 3.26140510370662, -1.07243856751577, 3.19142180774132, -109.641864944419
47949.0488678391, -19.9487088450895, 141.326538085938, -20, 0.399409827885778, 521.349914550781, 28.6090545654297, -80.5978317260742, -78.0483944318366, -23.7537990311982, 5.60760908051152, 8.76169569577983, -2.63179334341811, 1.68821643115072, 3.22686699053185, -1.15757360741226, 2.87495570452486, -113.747906145975
47949.1088678391, -19.9503114956577, 140.130126953125, -20, 0.416358988474381, 523.073669433594, 28.609058380127, -80.5978240966797, -77.2000444665918, -23.3296240485759, 5.53974108329193, 8.71229994763732, -3.03357743158111, 1.54823868686837, 3.20469805461725, -1.33728454274482, 3.31500385391763, -113.797169776154
47949.1888678391, -19.9553969451, 138.534606933594, -20, 0.43691384925458, 527.311767578125, 28.609058380127, -80.5978164672852, -76.3516945013471, -23.3296240485759, 5.47187308607237, 8.65271745949548, -2.96966416796549, 1.86636992388607, 3.18085131223052, -0.970801343822365, 3.12418251988247, -108.109653035696
47949.2688678391, -19.9558827219221, 136.938812255859, -20, 0.41325324021505, 529.559387207031, 28.6090621948242, -80.5978164672852, -76.3516945013471, -22.9054490659535, 6.10813556010777, 8.59906557961845, -2.18823924927915, 1.51430468825858, 3.16430393664238, -1.42948802626622, 2.61358630128804, -123.158614318809
47949.3488678391, -19.9497667705534, 135.343460083008, -20, 0.386766838735481, 528.108337402344, 28.6090641021729, -80.5978088378906, -75.5033445361023, -22.6933615746423, 5.40400508885279, 8.5563622357782, -2.95919887713586, 1.60338143462625, 3.15024953588431, -1.32566545542476, 3.2423269350592, -114.13908068493
47949.4088678391, -19.9418274085947, 134.147369384766, -20, 0.367845488308338, 521.873107910156, 28.6090660095215, -80.5978012084961, -74.6549945708576, -22.4812740833311, 5.3361370916332, 8.52192537448679, -3.17062184961955, 1.63943630815764, 3.14710575050565, -1.35350181830864, 3.44716399967946, -113.125712937598
47949.4888678391, -19.9405826401006, 132.552764892578, -20, 0.402325554691241, 524.0849609375, 28.6090679168701, -80.5977935791016, -73.8066446056128, -22.2691865920199, 5.26826909441363, 8.47611284883147, -3.11433720775676, 1.62246930885274, 3.1522042961675, -1.4508812065201, 3.43541538723233, -114.987931851535
47949.5688678391, -19.9428085489978, 130.957870483398, -20, 0.415668306331156, 525.021484375, 28.6090698242188, -80.597785949707, -72.9582946403681, -22.0570991007088, 4.9883136058489, 8.44335538026498, -3.51165179335561, 1.60550230954785, 3.15942559335163, -1.49707093735337, 3.81708167755136, -113.099886225458
47949.6488678391, -19.9425140708908, 129.362930297852, -20, 0.405913291820644, 524.668884277344, 28.609073638916, -80.5977783203125, -72.1099446751234, -21.6329241180864, 5.13253309997447, 8.4215009081721, -3.3414727079024, 1.30645894675664, 3.16853954537932, -1.88254429094373, 3.83476123886862, -119.405854490028
47949.708867839, -19.9388236435069, 128.166870117188, -20, 0.387459311884643, 523.57568359375, 28.6090755462646, -80.597770690918, -71.2615947098786, -21.4208366267752, 5.06466510275488, 8.41244125112702, -3.56531823014475, 1.55460131163316, 3.17620630018349, -1.60325942968515, 3.9087870429165, -114.223629260882
47949.788867839, -19.9357026841522, 126.572288513184, -20, 0.393170422122598, 518.694458007813, 28.6090774536133, -80.597770690918, -71.2615947098786, -21.208749135464, 5.70092757679029, 8.4062841836382, -2.81834848727635, 1.53763431232827, 3.19022919951949, -1.67027358094673, 3.27576730855579, -120.659367362911
47949.868867839, -19.9370888583251, 124.9775390625, -20, 0.410167071830518, 519.207763671875, 28.6090793609619, -80.5977630615234, -70.4132447446339, -20.9966616441528, 4.78470961419019, 8.40184658119134, -3.91645718333792, 1.52066731302337, 3.20973786079349, -1.75653884462095, 4.29176633967458, -114.169643489085
47949.948867839, -19.9411237947484, 123.781288146973, -20, 0.420873159556088, 523.127319335938, 28.6090812683105, -80.5977554321289, -69.5648947793891, -20.7845741528416, 4.92892910831572, 8.39046853570845, -3.69155005068955, 1.4506784408822, 3.23328675439861, -1.90051199265534, 4.15144407491879, -117.252521817628
47950.008867839, -19.9436482470361, 120.967178344727, -20, 0.41882646721944, 525.297302246094, 28.6090831756592, -80.5977478027344, -68.7165448141444, -20.5724866615305, 4.86106111109615, 8.38430943992579, -3.80756145383454, 1.48673331441359, 3.25055247035971, -1.87506375263636, 4.24360823157037, -116.230970627851
47950.088867839, -19.9398894802377, 119.371757507324, -20, 0.390928696504448, 524.724792480469, 28.6090850830078, -80.5977401733398, -67.8681948488996, -20.3603991702193, 4.79319311387656, 8.38179876750324, -3.91622430331865, 1.46976631510869, 3.27143043013013, -1.90584657348303, 4.35469922261044, -115.963461680705
47950.168867839, -19.9341143411697, 117.776679992676, -20, 0.38165997308982, 521.533386230469, 28.6090888977051, -80.5977325439453, -67.0198448836549, -19.9362241875969, 4.51323762531186, 8.37815311407259, -4.23248856363214, 1.27676669799005, 3.2920603585175, -2.16195402764532, 4.75178901249377, -117.073541548272
47950.248867839, -19.9324381224028, 116.580513000488, -20, 0.396341622019177, 519.970947265625, 28.6090908050537, -80.5977249145508, -66.1714949184102, -19.7241366962857, 4.65745711943741, 8.37506040976482, -4.07194926014432, 1.36584344435772, 3.30564542649761, -2.05365411166215, 4.55973271417373, -116.778183143774
47950.3088678389, -19.9338350873394, 114.985511779785, -20, 0.40976301357649, 520.602966308594, 28.6090927124023, -80.5977249145508, -66.1714949184102, -19.5120492049745, 5.29371959347281, 8.37034723595846, -3.29308626360634, 1.40189831788911, 3.32223772015284, -2.02042680994362, 3.86290632944964, -121.539382380018
47950.3888678389, -19.935729160256, 113.39022064209, -20, 0.410097397201082, 522.562133789063, 28.609094619751, -80.5977172851563, -65.3231449531654, -19.2999617136633, 4.58958912221782, 8.36279252122147, -4.11068417716365, 1.38493131858422, 3.33759078096443, -2.05147876332421, 4.59337190432521, -116.536710414786
47950.4688678389, -19.9336323937115, 111.794876098633, -20, 0.394342087158287, 527.103698730469, 28.6090965270996, -80.5977096557617, -64.4747949879207, -19.0878742223522, 4.30963363365312, 8.34562452394731, -4.31343114901348, 1.36796431927932, 3.34794294302825, -2.04833899925117, 4.77424870904454, -115.41810680812
47950.5288678389, -19.9261594793895, 110.598648071289, -20, 0.372017942326496, 522.538879394531, 28.6090984344482, -80.5977020263672, -63.626445022676, -18.875786731041, 4.45385312777868, 8.32652721420854, -4.14899927335023, 1.29797544713814, 3.35284358814669, -2.11080457654828, 4.65423459620613, -116.97973489271
47950.6088678389, -19.9209689444686, 109.004081726074, -20, 0.372553969533304, 518.523071289063, 28.6091003417969, -80.5976943969727, -62.7780950574312, -18.6636992397298, 4.38598513055909, 8.29688227639313, -4.11888845176405, 1.33403032066953, 3.35614356780303, -2.04885979072999, 4.59954716078385, -116.46195801546
47950.6888678389, -19.9229010517785, 107.409492492676, -20, 0.405926677589543, 517.337280273438, 28.6091041564941, -80.5976867675781, -61.9297450921865, -18.2395242571074, 4.10602964199438, 8.26189819850537, -4.376135288872, 1.14103070355089, 3.35496946663521, -2.24726595469448, 4.91842853250855, -117.198421824601
47950.7688678389, -19.9294498250205, 105.814376831055, -20, 0.42459416744844, 521.106689453125, 28.6091060638428, -80.5976867675781, -61.9297450921865, -18.0274367657962, 4.95437960737492, 8.21780928903989, -3.12865818634027, 1.28312932275485, 3.35027421885617, -2.04635843064321, 3.73790336770931, -123.194921273644
47950.8288678389, -19.9314962574161, 104.617744445801, -20, 0.407947982400516, 527.079162597656, 28.6091079711914, -80.5976791381836, -61.0813951269417, -17.815349274485, 4.25024913611993, 8.17999781613776, -4.08868783122121, 1.21314045061367, 3.34391156199896, -2.09557614141674, 4.59362057916027, -117.151071003725
47950.9088678389, -19.9281979342652, 103.022270202637, -20, 0.382742258173656, 524.661987304688, 28.60910987854, -80.5976715087891, -60.233045161697, -17.6032617831739, 4.18238113890036, 8.12106178888888, -3.94412298207952, 1.24919532414506, 3.33341327209147, -2.02626911391163, 4.43343938171304, -117.20509908159
47950.9888678388, -19.9224587705227, 101.427238464355, -20, 0.375967054039294, 518.539733886719, 28.6091117858887, -80.5976638793945, -59.3846951964522, -17.3911742918627, 3.90242565033564, 8.04607351459567, -4.07300670464448, 1.23222832484017, 3.32055783077277, -2.01519501151273, 4.5435174725062, -116.339241891578
47951.0688678388, -19.924945691145, 99.8322830200195, -20, 0.407136383332398, 518.555480957031, 28.6091136932373, -80.59765625, -58.5363452312075, -17.1790868005515, 4.04664514446119, 7.9677186128991, -3.58713311393663, 1.16223945269898, 3.29782691926323, -1.99954700780039, 4.10615228187662, -119.147233642236
47951.1288678388, -19.9293602512654, 98.6358261108398, -20, 0.415186112486823, 522.171936035156, 28.6091156005859, -80.59765625, -58.5363452312075, -16.9669993092403, 4.6829076184966, 7.90769809207813, -3.08756846334921, 1.19829432623038, 3.27405254860071, -1.86173549938662, 3.60496631353104, -121.096853423834
47951.2088678388, -19.9332616713832, 97.0402069091797, -20, 0.418913752668238, 524.996826171875, 28.6091175079346, -80.5976486206055, -57.6879952659628, -16.7549118179291, 3.97877714724162, 7.82236791724221, -3.6433812865251, 1.18132732692547, 3.23569735236732, -1.78779289395929, 4.05784686442861, -116.148602918656
47951.2888678388, -19.9341736533798, 95.4444885253906, -20, 0.402791274676863, 522.365173339844, 28.6091213226318, -80.5976409912109, -56.839645300718, -16.3307368353067, 3.69882165867692, 7.72456705595965, -3.77165728721619, 0.988327709806837, 3.19325964278084, -1.93961227839083, 4.24052572158829, -117.227326785558
47951.3688678388, -19.9353410050435, 93.848876953125, -20, 0.403782112864793, 523.057861328125, 28.6091232299805, -80.5976333618164, -55.9912953354733, -16.1186493439956, 3.84304115280245, 7.62314818377585, -3.19847704959949, 1.07740445617452, 3.14271592994176, -1.71292495211735, 3.6278531726287, -118.179840173897
47951.4288678388, -19.9373817371174, 92.6521301269531, -20, 0.409930532726234, 527.327514648438, 28.6091251373291, -80.5976333618164, -55.9912953354733, -15.9065618526844, 4.47930362683786, 7.54920263809603, -2.80828047446269, 1.1134593297059, 3.1000541857359, -1.57211737197282, 3.21807592550974, -119.247468913411
47951.5088678388, -19.9374970570483, 91.0564727783203, -20, 0.399938140306886, 525.650817871094, 28.6091270446777, -80.5976257324219, -55.1429453702285, -15.6944743613732, 3.77517315558289, 7.44901152349339, -3.33910500618669, 1.096492330401, 3.03928851963539, -1.49198815506947, 3.65692904965178, -114.085850382524
47951.5888678387, -19.935395160544, 89.4611663818359, -20, 0.390839685189532, 520.682006835938, 28.6091289520264, -80.5976181030273, -54.2945954049838, -15.482386870062, 3.49521766701816, 7.3414248952209, -3.49355825178679, 1.07952533109611, 2.97585978987136, -1.41777816860557, 3.76995389947709, -112.098949545371
47951.6688678387, -19.9380209483959, 87.8659439086914, -20, 0.408977032284868, 517.861938476563, 28.609130859375, -80.5976104736328, -53.4462454397391, -15.2702993787508, 3.63943716114372, 7.23513057811757, -2.93905563533129, 1.00953645895493, 2.90873216280169, -1.39498928945759, 3.25305025262601, -115.398363869294
47951.7288678387, -19.9486939670365, 86.6691589355469, -20, 0.455009757611665, 522.9072265625, 28.6091327667236, -80.5976104736328, -53.4462454397391, -15.0582118874396, 4.27569963517912, 7.161442175906, -2.59970333239531, 1.04559133248632, 2.85366574070418, -1.23952156138749, 2.87989870989037, -115.497403242562
47951.8088678387, -19.9552931765096, 85.0729904174805, -20, 0.42786267500226, 528.246704101563, 28.6091346740723, -80.5976028442383, -52.5978954744943, -14.8461243961285, 3.57156916392414, 7.06478756906745, -3.15922240968882, 1.02862433318142, 2.77818234137332, -1.1552402537538, 3.36361612897116, -110.09418270327
47951.8888678387, -19.9514500147602, 83.4770050048828, -20, 0.387548792533689, 527.431518554688, 28.6091365814209, -80.5975952148438, -51.7495455092496, -14.6340369048173, 3.29161367535943, 6.96240543599241, -3.33229062290387, 1.01165733387653, 2.70618565451149, -1.1167105948637, 3.51422778804837, -108.535569927209
47951.9688678387, -19.9453430258058, 81.8817443847656, -20, 0.377314065378029, 524.080749511719, 28.6091384887695, -80.5975875854492, -50.9011955440048, -14.4219494135061, 3.43583316948499, 6.86060547091381, -2.78898848247618, 0.941668461735354, 2.64029916098298, -1.16881880376538, 3.02382455697617, -112.744399818213
47952.0288678387, -19.9420464501253, 80.685661315918, -20, 0.382734390985941, 520.538940429688, 28.6091403961182, -80.5975875854492, -50.9011955440048, -14.2098619221949, 4.07209564352039, 6.79200797349199, -2.44885086679417, 0.977723335266741, 2.59116035136943, -1.07031505152972, 2.67240476282634, -113.61379233431
47952.1088678387, -19.9447516141153, 79.0909118652344, -20, 0.409816931808989, 519.138488769531, 28.6091423034668, -80.5975799560547, -50.0528455787601, -13.9977744308837, 3.3679651722654, 6.70747315540609, -3.07550735198334, 0.960756335961846, 2.52801468087327, -1.03395002019299, 3.24449859662331, -108.589422986896
47952.1888678386, -19.9506168080742, 77.4958572387695, -20, 0.422935809916235, 523.176635742188, 28.6091442108154, -80.5975723266602, -49.2044956135153, -13.7856869395725, 3.08800968370069, 6.62156392831987, -3.08540186304995, 0.943789336656952, 2.47380532711793, -1.05750558321156, 3.26143242915185, -108.926384556245
47952.2688678386, -19.9512223823265, 76.2994613647461, -20, 0.403168519105987, 522.775390625, 28.6091461181641, -80.5975723266602, -49.2044956135153, -13.5735994482613, 3.93635964908123, 6.56069320185526, -2.3989983221198, 0.873800464515772, 2.43648217573729, -1.22460111132349, 2.69331846279299, -117.047666679724
47952.3288678386, -19.9467408279583, 74.7045364379883, -18.7108153105378, 0.703373404140018, 549.731689453125, 28.6091461181641, -80.5975646972656, -48.3561456482706, -13.5735994482613, 3.23222917782625, 6.48889228079701, -3.07842265337244, 1.08588795586091, 2.39076641299107, -0.738786141352327, 3.16574883482887, -103.50100903484
47952.4088678386, -19.9260788248249, 73.110466003418, -20, 0.320541306372408, 555.6962890625, 28.6091480255127, -80.5975570678711, -47.5077956830259, -13.3615119569502, 3.16436118060667, 6.41887142674494, -3.09179333591833, 0.909855338047161, 2.35505678004822, -1.09766526477186, 3.28068366746226, -109.553820467116
47952.4888678386, -19.8604904804891, 71.5207214355469, -19.5728393690903, 0.243611202925273, 524.050903320313, 28.6091499328613, -80.5975570678711, -47.5077956830259, -13.149424465639, 3.80062365464207, 6.35036323343442, -2.08767285111004, 0.892888338742266, 2.32725100152259, -1.14508512797566, 2.38096987416576, -118.748433711814
47952.5688678386, -19.8350973997429, 70.3309478759766, -20, 0.280545403095601, 505.614105224609, 28.60915184021, -80.5975494384766, -46.6594457177811, -12.9373369743278, 3.09649318338708, 6.30885551349337, -3.25916407615758, 0.822899466601088, 2.30844066740595, -1.22783069610451, 3.48254106711721, -110.651736024522
47952.6288678386, -19.841227343674, 68.7449951171875, -13.9821930723963, 1, 545.939270019531, 28.6091537475586, -80.5975494384766, -46.6594457177811, -12.7252494830166, 3.73275565742249, 6.26072847102041, -2.39027411560086, 0.858954340132477, 2.28940856662147, -1.20823327559665, 2.6781319937244, -116.820619680665
47952.7088678386, -19.8424986681262, 67.1579284667969, -16.2669096052722, 0.912967088659479, 625.089111328125, 28.6091556549072, -80.597541809082, -45.8110957525364, -12.5131619917054, 2.81653769482238, 6.21050075811801, -3.41642255746497, 0.841987340827585, 2.27512530366383, -1.2482165532904, 3.63705108957878, -110.07965543639
47952.7888678386, -19.7192185906131, 65.5768203735352, -15.2838786756736, 0.678578403892797, 653.351928710938, 28.6091575622559, -80.5975341796875, -44.9627457872916, -12.3010745003942, 2.96075718894792, 6.15840094479502, -3.03846768829489, 0.825020341522686, 2.27099985804277, -1.34096683136053, 3.32096249056598, -113.821294517548
47952.8488678385, -19.5699599025642, 64.4000930786133, -14.5947621900618, 0.736023854605437, 662.359313964844, 28.6091575622559, -80.5975341796875, -44.9627457872916, -12.3010745003942, 3.59701966298333, 6.12545658967738, -2.51135771274376, 0.984085960031538, 2.27489891103072, -1.22547281255456, 2.79423321905001, -116.016600378946
47952.9288678385, -19.3553414115198, 62.8458290100098, -13.6660279294818, 0.418248362311814, 646.193786621094, 28.6091594696045, -80.597526550293, -44.1143958220469, -12.088987009083, 2.89288919172835, 6.09370524714058, -3.32972091440724, 0.808053342217794, 2.28379166441212, -1.47626896913178, 3.6419716239237, -113.920242691722
47953.0088678385, -19.137736852825, 61.3091316223145, -12.7569348279642, 0.873719066270675, 650.710998535156, 28.6091613769531, -80.5975189208984, -43.2660458568022, -11.8768995177719, 2.61293370316364, 6.06508509019281, -3.65756892537818, 0.791086342912898, 2.29882809839165, -1.56195688697063, 3.97670776706105, -113.136296102096
47953.0888678385, -18.9522498152029, 59.7876319885254, -11.8330221387387, 1, 685.584838867188, 28.6091632843018, -80.5975189208984, -43.2660458568022, -11.6648120264607, 3.46128366854417, 6.04110325893784, -2.58715152572413, 0.721097470771721, 2.31768787653766, -1.69852762089288, 3.09457395510416, -123.290951489316
47953.1488678385, -18.7728934944536, 58.6577949523926, -11.1651633562807, 1, 734.244812011719, 28.6091651916504, -80.5975112915039, -42.4176958915574, -11.4527245351495, 2.75715319728919, 6.03204301602028, -3.59572220227909, 0.757152344303108, 2.33303331612418, -1.68662788851394, 3.97117060726007, -115.140917937171
47953.2288678385, -18.4652422102872, 57.171199798584, -10.2773457547503, 0.533281382168825, 726.019104003906, 28.609167098999, -80.5975112915039, -42.4176958915574, -11.2406370438383, 3.39341567132459, 6.02404010738286, -2.83263824972256, 0.740185344998213, 2.35056192725956, -1.70732110995453, 3.30702425063501, -121.085277418879
47953.3088678385, -18.1236927011002, 55.7114906311035, -9.44330776036593, 0.948570804647281, 725.486389160156, 28.609167098999, -80.5975036621094, -41.5693459263127, -11.2406370438383, 2.47719770872447, 6.01468027565928, -3.91352106967969, 0.899250963507064, 2.36557882939926, -1.51679789513353, 4.19675396819396, -111.198038504762
47953.3888678385, -17.8193992594498, 54.2767105102539, -8.6055038892114, 1, 749.444702148438, 28.6091690063477, -80.5974960327148, -40.7209959610679, -11.0285495525271, 2.62141720285004, 6.00258259223762, -3.67719105955843, 0.670196472857036, 2.38236919880866, -1.82648246991023, 4.10526374326846, -116.425669968803
47953.4488678384, -17.5624754368012, 53.2176780700684, -8.00968942591912, 1, 778.268676757813, 28.6091709136963, -80.5974960327148, -40.7209959610679, -10.8164620612159, 3.25767967688543, 5.99625643926467, -2.98180625548927, 0.706251346388423, 2.39197556700771, -1.7658916094588, 3.4650722593694, -120.642319433011
47953.5288678384, -17.1768483387941, 51.8316421508789, -7.19805966772453, 0.596498043431573, 763.914611816406, 28.6091728210449, -80.5974884033203, -39.8726459958232, -10.6043745699047, 2.55354920563045, 5.99223443440741, -3.84196847421947, 0.689284347083529, 2.39909138922775, -1.75346382557526, 4.22264694702429, -114.544670195746
47953.6088678384, -16.7759004237186, 50.4776153564453, -6.43871618476554, 1, 759.63818359375, 28.6091747283936, -80.5974807739258, -39.0242960305785, -10.3922870785936, 2.27359371706574, 5.98149226674773, -4.1175895571186, 0.672317347778634, 2.40444444551039, -1.76841284942563, 4.48067425680218, -113.2570345325
47953.6888678384, -16.5091826506014, 49.1531219482422, -5.67693009774083, 1, 780.043579101563, 28.6091766357422, -80.5974807739258, -39.0242960305785, -10.1801995872824, 3.12194368244628, 5.96726946806839, -3.02254770636215, 0.602328475637457, 2.40489210962238, -1.81758830255057, 3.52652187309162, -121.027802050965
47953.7488678384, -16.1209818672528, 48.179573059082, -5.14234481638255, 0.836591256811166, 793.291870117188, 28.6091785430908, -80.5974731445313, -38.1759460653337, -9.96811209597119, 2.41781321119129, 5.95762326052453, -3.92864210108021, 0.638383349168844, 2.40028668116493, -1.7204413167407, 4.2882988036894, -113.663038552238
47953.8288678384, -15.6988053723592, 46.9104232788086, -4.40302966136693, 1, 796.599975585938, 28.6091785430908, -80.5974731445313, -38.1759460653337, -9.96811209597119, 3.0540756852267, 5.93570521036476, -3.04909195603161, 0.797448967677695, 2.3915302841742, -1.50071147033512, 3.39808330490694, -116.213751928852
47953.9088678384, -15.2772840225288, 45.6749382019043, -3.71044550153586, 1, 812.793334960938, 28.6091804504395, -80.5974655151367, -37.327596100089, -9.75602460466001, 2.13785772262658, 5.89986617562111, -4.0041488918255, 0.621416349863949, 2.3797202080297, -1.67628256976755, 4.34034045907368, -112.729668714754
47953.9888678384, -14.9452831683293, 44.4742660522461, -3.04328270553805, 1, 818.163696289063, 28.6091823577881, -80.5974578857422, -36.4792461348442, -9.54393711334882, 2.28207721675214, 5.85305351186092, -3.57771901108296, 0.551427477722771, 2.35848189951667, -1.66551714688321, 3.94593641934941, -114.974310965479
47954.0488678383, -14.4851154513277, 43.5976943969727, -2.59304868914326, 0.707854305450384, 813.332702636719, 28.6091842651367, -80.5974578857422, -36.4792461348442, -9.33184962203764, 2.91833969078754, 5.8134073052064, -2.93972473606645, 0.587482351254161, 2.33752543563486, -1.54787624285944, 3.32201738356094, -117.775993037102
47954.1288678383, -14.0174423881932, 42.4616050720215, -1.94807558278211, 1, 802.193908691406, 28.6091842651367, -80.5974502563477, -35.6308961695995, -9.33184962203764, 2.21420921953255, 5.75700697881187, -3.59417925003587, 0.746547969763011, 2.30399289295461, -1.27607497408031, 3.81370623777328, -109.557221589041
47954.2088678383, -13.5827113849237, 41.3611640930176, -1.34141427452106, 1, 815.848266601563, 28.6091861724854, -80.5974502563477, -35.6308961695995, -9.11976213072645, 2.85047169356796, 5.68938245445189, -2.66760449581532, 0.570515351949265, 2.26870068707607, -1.43312454268128, 3.0279490400692, -118.252289115487
47954.2888678383, -13.2444911430045, 40.5590629577637, -2.60882989370889, 1, 821.770202636719, 28.609188079834, -80.5974426269531, -34.7825462043547, -8.90767463941526, 2.14634122231298, 5.60968890077426, -3.12925520139216, 0.500526479808086, 2.22746847838829, -1.42446407134751, 3.43792350101306, -114.483956412858
47954.3488678383, -12.779799324023, 39.5218544006348, 0, 0.909830133692305, 820.722595214844, 28.6091899871826, -80.5974426269531, -34.7825462043547, -8.69558714810408, 2.78260369634838, 5.54053920945573, -2.56327980330941, 0.536581353339477, 2.19253727803547, -1.30020391786484, 2.87398774290514, -116.901778448873
47954.4288678383, -12.3091893600519, 38.522289276123, 0, 1, 820.591247558594, 28.6091899871826, -80.5974349975586, -33.93419623911, -8.69558714810408, 2.0784732250934, 5.43752374347871, -3.03331174007786, 0.695646971848326, 2.14449438182201, -1.04182306005132, 3.20707984747904, -108.962831739849
47954.5088678383, -11.8469115335475, 37.5599212646484, 0, 1, 828.489868164063, 28.6091918945313, -80.5974349975586, -33.93419623911, -8.48349965679289, 2.7147356991288, 5.32597497168492, -1.79463326548101, 0.51961435403458, 2.09362391315132, -1.17207005323755, 2.14336358820698, -123.150902699211
47954.5888678383, -11.4919784125282, 36.8628540039063, 0, 1, 833.53564453125, 28.6091938018799, -80.5974273681641, -33.0858462738653, -8.27141216548171, 2.01060522787382, 5.23633144627922, -2.9777594589405, 0.449625481893402, 2.05430458026106, -1.29679076198419, 3.24764580248237, -113.540398648952
47954.6488678383, -11.0111094518619, 35.9669799804688, 0, 0.381465887599398, 787.281433105469, 28.6091957092285, -80.5974273681641, -33.0858462738653, -8.05932467417052, 2.64686770190922, 5.10735261491315, -1.7664234856389, 0.485680355424792, 2.00013911632827, -0.942675389593124, 2.00215065693349, -118.089900522648
47954.7288678382, -10.5525616536109, 35.1092758178711, 0, 0.993829744644238, 761.063659667969, 28.6091957092285, -80.5974197387695, -32.2374963086205, -8.05932467417052, 1.94273723065424, 4.97692843714494, -2.44645829277003, 0.644745973933642, 1.9469060025161, -0.83136492459, 2.58377741250045, -108.773679126786
47954.8088678382, -10.183742168814, 34.2833557128906, 0, 1, 783.151123046875, 28.6091976165771, -80.5974197387695, -32.2374963086205, -7.84723718285934, 2.57899970468964, 4.85248164125015, -1.26868463228649, 0.468713356119896, 1.89225832402984, -0.967556452699779, 1.59548524804634, -127.331731325035
47954.8888678382, -9.8862669345654, 33.6840705871582, 0, 1, 800.728942871094, 28.6091995239258, -80.597412109375, -31.3891463433758, -7.63514969154815, 1.87486923343467, 4.75405029227409, -2.50405976557646, 0.398724483978717, 1.84628029041187, -0.947315244870534, 2.67715334578119, -110.727392954135
47954.9488678382, -9.46193583857021, 32.9143218994141, 0, 0.272214286838177, 758.457763671875, 28.6091995239258, -80.597412109375, -31.3891463433758, -7.63514969154815, 2.51113170747006, 4.61787367884497, -1.29572877075255, 0.610811975323852, 1.78261691486371, -0.599656668115851, 1.42773942423336, -114.835921809282
47955.0288678382, -9.04403133654104, 32.1792030334473, 0, 0.758427884126544, 714.926452636719, 28.6092014312744, -80.5974044799805, -30.540796378131, -7.42306220023697, 1.59491374486994, 4.48609577035274, -2.27236006833403, 0.434779357510107, 1.72534227183202, -0.791114182066667, 2.40606603097125, -109.19948216352
47955.1088678382, -8.73245632311702, 31.4719390869141, 0, 1, 727.035034179688, 28.609203338623, -80.5974044799805, -30.540796378131, -7.21097470892578, 2.44326371025048, 4.36968751173383, -0.940057781289871, 0.417812358205212, 1.67051817889399, -0.765066960068825, 1.21201632083013, -129.14087890404
47955.1688678382, -8.49834389146216, 30.9576969146729, 0, 1, 761.219909667969, 28.609203338623, -80.5973968505859, -29.6924464128863, -7.21097470892578, 1.7391332389955, 4.28400358890289, -2.20568270071881, 0.576877976714063, 1.62812100119979, -0.511151270530852, 2.26410748777927, -103.050516796827
47955.2488678382, -8.13710820924149, 30.2962703704834, 0, 0.25250996554174, 725.946716308594, 28.6092052459717, -80.5973968505859, -29.6924464128863, -6.9988872176146, 2.3753957130309, 4.16761111205131, -1.07361637678176, 0.400845358900317, 1.57503574991798, -0.685459855014441, 1.27375521352836, -122.557456409852
47955.3288678381, -7.7658498150189, 29.6652507781982, 0, 0.604718199076065, 676.524169921875, 28.6092052459717, -80.5973892211914, -28.8440964476416, -6.9988872176146, 1.45917775043078, 4.05869311570306, -2.1005145523599, 0.559910977409168, 1.52834092577986, -0.487250271381967, 2.15626246986957, -103.062435889599
47955.4088678381, -7.49953260801513, 29.0585136413574, 0, 0.961666479885978, 681.585754394531, 28.6092071533203, -80.5973892211914, -28.8440964476416, -6.78679972630341, 2.30752771581132, 3.96559597861372, -0.857686472053737, 0.330856486759138, 1.49021239218433, -0.78153608365129, 1.16033577452324, -132.340406930417
47955.4688678381, -7.31349481721804, 28.6165904998779, 0, 1, 727.809753417969, 28.6092071533203, -80.5973892211914, -28.8440964476416, -6.78679972630341, 2.30752771581132, 3.90299659432212, -1.24531957478673, 0.542943978104273, 1.46258668807292, -0.504138995583225, 1.34347941816497, -112.040743836417
47955.5488678381, -7.00889118019538, 28.0471954345703, 0, 0.250231283228944, 699.728820800781, 28.6092090606689, -80.5973815917969, -27.9957464823968, -6.57471223499223, 1.60339724455634, 3.82545974125424, -1.88697855076825, 0.366911360290527, 1.43088315970783, -0.716665658743104, 2.01844296598887, -110.799486001542
47955.6288678381, -6.67943693187618, 27.5043659210205, 0, 0.482150222834753, 644.371826171875, 28.6092109680176, -80.5973815917969, -27.9957464823968, -6.36262474368104, 2.23965971859174, 3.75148805401377, -1.0626457636152, 0.349944360985633, 1.41021583992247, -0.795845055710788, 1.32759660557629, -126.831256170226
47955.7088678381, -6.31670470173275, 26.9857196807861, 0, 0.2919415522409, 618.577819824219, 28.6092109680176, -80.5973739624023, -27.1473965171521, -6.36262474368104, 1.53552924733676, 3.60401638126342, -0.81194834075366, 0.509009979494483, 1.33026535370984, -0.0650589860685427, 0.814550487311005, -94.5813032763415
47955.7688678381, -5.7666015121934, 26.6300849914551, 0, 0.01, 559.849975585938, 28.6092128753662, -80.5973739624023, -27.1473965171521, -6.15053725236986, 2.17179172137217, 2.93411098506606, 4.30441699265969, 0.332977361680737, 1.10026849697758, 1.69957764695249, 4.62721656650534, 68.4381133853717
47955.8488678381, -4.30967020659004, 26.2367706298828, 0, 0.01, 489.088562011719, 28.6092128753662, -80.5973739624023, -27.1473965171521, -6.15053725236986, 2.17179172137217, 2.92082520004684, -0.604886376724526, 0.492042980189588, 1.13064539041535, -0.674302033400716, 0.905844284833745, -138.106002854363
47955.928867838, -2.08041142742796, 26.0010204315186, 0, 0.01, 434.723846435547, 28.6092147827148, -80.5973663330078, -26.2990465519073, -5.93844976105867, 1.25557375877205, 3.09728413260164, -3.34065740124217, 0.316010362375843, 1.14350478464061, -0.7702531992704, 3.42820789932345, -102.990474696106
47956.008867838, -0.349019495506425, 25.9501533508301, 0, 0.01, 405.796325683594, 28.6092147827148, -80.5973663330078, -26.2990465519073, -5.93844976105867, 2.10392372415259, 2.69928972631688, 3.45798468301253, 0.475075980884694, 1.07254408241635, 0.133951134600252, 3.46057497872322, 87.7803121399922
