TIME, VerticalSpeed, RadarAltitude, TargetVerticalSpeed, TargetThrottle, EngineResponse(kn), Latitude, Longitude, XError, YError, TargetXSpeed, CurrentXSpeed, TargetXPitch, TargetYSpeed, CurrentYSpeed, TargetYPitch, TotalTargetPitch, TotalTargetHeading
47725.178720783, -0.393731259828201, 549.438720703125, -20, 0.01, 313.836639404297, 28.6083583831787, -80.5997543334961, -291.832585673511, -101.165733359781, 15, -0.0686379529362598, 15, 8.09325866878247, -0.30589678143239, 10.0789865402578, 18.0069345879842, 55.9346264313539
47725.258720783, -0.739568486427771, 549.389892578125, -20, 0.01, 313.191009521484, 28.6083583831787, -80.5997543334961, -291.832585673511, -101.165733359781, 15, -0.068623674328156, 15, 8.09325866878247, -0.307135435164432, 10.0964831430102, 18.0165079999834, 55.8889769144406
47725.338720783, -1.08552591250755, 549.3134765625, -20, 0.01, 312.989532470703, 28.6083583831787, -80.5997543334961, -291.832585673511, -101.165733359781, 15, -0.0688138998816061, 15, 8.09325866878247, -0.308417207499176, 10.1050660000321, 18.021208388526, 55.8666027092791
47725.418720783, -1.34427727961962, 549.209289550781, -20, 0.01, 312.699951171875, 28.6083583831787, -80.5997543334961, -291.832585673511, -101.165733359781, 15, -0.0731301475341747, 15, 8.09325866878247, -0.310458346038134, 10.1199335864222, 18.0293571439427, 55.8278745974688
47725.478720783, -1.69083976865718, 549.113098144531, -20, 0.01, 312.859985351563, 28.6083583831787, -80.5997543334961, -291.832585673511, -101.165733359781, 15, -0.0895032355818116, 15, 8.09325866878247, -0.314381127033318, 10.1536047784066, 18.0478425670073, 55.7403034365842
47725.558720783, -2.03767853821691, 548.960510253906, -20, 0.01, 313.084564208984, 28.6083583831787, -80.5997543334961, -291.832585673511, -101.165733359781, 15, -0.125333123650282, 15, 8.09325866878247, -0.322189009874689, 10.1890379073196, 18.0673410547799, 55.6483562741321
47725.638720783, -2.38510837501771, 548.780151367188, -20, 0.01, 313.295013427734, 28.6083564758301, -80.5997543334961, -291.832585673511, -101.377820851092, 15, -0.169466432335087, 15, 8.26929128659622, -0.33155176649661, 10.4300545844398, 18.2012036455096, 55.0285292483002
47725.7187207829, -2.64619574415175, 548.571899414063, -20, 0.01, 312.610321044922, 28.6083564758301, -80.5997543334961, -291.832585673511, -101.377820851092, 15, -0.217401521819563, 15, 8.11022566808737, -0.34164324925459, 10.2635125626928, 18.1084760118367, 55.4557873367026
47725.7787207829, -2.99478636962816, 548.3974609375, -20, 0.01, 313.035888671875, 28.6083564758301, -80.5997543334961, -291.832585673511, -101.377820851092, 15, -0.254461444081408, 15, 8.11022566808737, -0.349433546405472, 10.2801535656261, 18.1176955261987, 55.4128862036295
47725.8587207829, -3.3429700505378, 548.140380859375, -20, 0.01, 313.866973876953, 28.6083564758301, -80.5997619628906, -292.680935638756, -101.377820851092, 15, -0.304236862267057, 15, 8.11022566808737, -0.359906937696034, 10.3001452044288, 18.1287849023146, 55.3614085021124
47725.9387207829, -3.69082298044238, 547.85546875, -20, 0.01, 313.308044433594, 28.6083564758301, -80.5997619628906, -292.680935638756, -101.377820851092, 15, -0.353725009281089, 15, 8.11022566808737, -0.37034864839286, 10.319222112264, 18.1393806216668, 55.3123487472115
47726.0187207829, -3.95216955102926, 547.542724609375, -20, 0.01, 313.887969970703, 28.6083564758301, -80.5997619628906, -292.680935638756, -101.377820851092, 15, -0.402311088871884, 15, 8.11022566808737, -0.380643730875064, 10.3372691951509, 18.1494166887189, 55.2659935696917
47726.0787207829, -4.29999287599706, 547.289794921875, -20, 0.01, 313.883392333984, 28.6083564758301, -80.5997619628906, -292.680935638756, -101.377820851092, 15, -0.43805513988282, 15, 8.11022566808737, -0.388249782955928, 10.3503429451097, 18.1566945409859, 55.2324468487138
47726.1587207829, -4.64758324485192, 546.928100585938, -20, 0.01, 313.373168945313, 28.6083564758301, -80.5997619628906, -292.680935638756, -101.377820851092, 15, -0.484421802075933, 15, 8.11022566808737, -0.398169087891615, 10.367387093045, 18.1661920433764, 55.1887552560492
47726.2387207829, -4.99511242099437, 546.53857421875, -20, 0.01, 313.232299804688, 28.6083545684814, -80.5997619628906, -292.680935638756, -101.589908342403, 15, -0.529183802144566, 15, 8.28625828590111, -0.407810907029984, 10.5950705292605, 18.2940786297275, 54.6097588461053
47726.3187207829, -5.25561797712687, 546.22314453125, -20, 0.01, 313.751861572266, 28.6083545684814, -80.5997619628906, -292.680935638756, -101.589908342403, 15, -0.572054149485624, 15, 8.12719266739226, -0.417119752254272, 10.4197005468977, 18.1954090721623, 55.0549567770038
47726.3787207828, -5.60226734059363, 545.652893066406, -20, 0.01, 313.791320800781, 28.6083545684814, -80.5997619628906, -292.680935638756, -101.589908342403, 15, -0.602914373976501, 15, 8.12719266739226, -0.423872443357942, 10.4306449871419, 18.2015341785269, 55.0270228511932
47726.4587207828, -5.94872530000426, 545.496459960938, -20, 0.01, 313.713562011719, 28.6083545684814, -80.5997619628906, -292.680935638756, -101.589908342403, 15, -0.642045196884853, 15, 8.12719266739226, -0.432514932815526, 10.4451555004648, 18.2096617836644, 54.9900179648139
47726.5387207828, -6.29471365471427, 544.8896484375, -20, 0.01, 313.323699951172, 28.6083545684814, -80.5997619628906, -292.680935638756, -101.589908342403, 15, -0.678705509176677, 15, 8.12719266739226, -0.440712645242776, 10.4585112518984, 18.2171493581126, 54.955989055951
47726.6187207828, -6.55444157782098, 544.3193359375, -20, 0.01, 313.384521484375, 28.6083545684814, -80.5997619628906, -292.680935638756, -101.589908342403, 15, -0.712724193670803, 15, 8.12719266739226, -0.448432863834554, 10.4710548108658, 18.2241875012427, 54.9240566455062
47726.6787207828, -6.9000956676857, 543.749145507813, -20, 0.01, 313.102386474609, 28.6083545684814, -80.5997619628906, -292.680935638756, -101.589908342403, 15, -0.736352961159832, 15, 8.12719266739226, -0.45388037734352, 10.4793139665534, 18.2288248014142, 54.9030454741538
47726.7587207828, -7.24571600230273, 543.142272949219, -20, 0.01, 313.105865478516, 28.6083545684814, -80.5997619628906, -292.680935638756, -101.589908342403, 15, -0.765210384462426, 15, 8.12719266739226, -0.460661146803016, 10.490701808811, 18.2352228354504, 54.8740936377493
47726.8387207828, -7.59089109563205, 542.985717773438, -20, 0.01, 313.904815673828, 28.6083526611328, -80.5997619628906, -292.680935638756, -101.801995833714, 15, -0.788542791316171, 15, 8.303225285206, -0.468418855297598, 10.7255945584566, 18.3682337362099, 54.2817277264964
47726.9187207828, -7.8493229944084, 542.41552734375, -20, 0.01, 312.864715576172, 28.6083526611328, -80.5997619628906, -292.680935638756, -101.801995833714, 15, -0.797147066907515, 15, 8.14415966669716, -0.48320699042906, 10.6120916715134, 18.3037144026428, 54.566821271144
47726.9787207827, -8.19386346062443, 541.68896484375, -20, 0.01, 313.503448486328, 28.6083526611328, -80.5997619628906, -292.680935638756, -101.801995833714, 15, -0.789821992471951, 15, 8.14415966669716, -0.501630138700412, 10.7127073925607, 18.3608851046347, 54.313989942662
47727.0587207827, -8.53937364031248, 541.08203125, -20, 0.01, 313.028259277344, 28.6083526611328, -80.5997619628906, -292.680935638756, -101.801995833714, 15, -0.761692742012247, 15, 8.14415966669716, -0.535864141221518, 10.8332557508376, 18.4298546553004, 54.0132769919167
47727.1387207827, -8.88694930818382, 540.355346679688, -20, 0.01, 313.857940673828, 28.6083526611328, -80.5997619628906, -292.680935638756, -101.801995833714, 15, -0.720485222253564, 15, 8.14415966669716, -0.575576019452743, 10.9289698610954, 18.4849793373276, 53.7762200719485
47727.2187207827, -9.14838190720874, 539.785339355469, -20, 0.01, 312.7587890625, 28.6083526611328, -80.5997619628906, -292.680935638756, -101.801995833714, 15, -0.67090084695485, 15, 8.14415966669716, -0.617397639328576, 11.0019881131272, 18.5272472505747, 53.5963860645759
47727.2787207827, -9.49747368224769, 538.7646484375, -20, 0.01, 313.999694824219, 28.6083526611328, -80.5997619628906, -292.680935638756, -101.801995833714, 15, -0.629713552648934, 15, 8.14415966669716, -0.649006612884977, 11.0476223676574, 18.5537570744513, 53.4844384662154
47727.3587207827, -9.84703203560002, 538.0380859375, -20, 0.01, 313.934051513672, 28.6083507537842, -80.5997619628906, -292.680935638756, -102.014083325026, 15, -0.570505096252268, 15, 8.3201922845109, -0.690615562849053, 11.3119782844334, 18.7087266005734, 52.8426093498704
47727.4387207827, -10.1971246063467, 537.3115234375, -20, 0.01, 312.725250244141, 28.6083507537842, -80.5997619628906, -292.680935638756, -102.014083325026, 15, -0.507034643733879, 15, 8.16112666600205, -0.731008730451661, 11.1675666839495, 18.62377589854, 53.191818224992
47727.5187207827, -10.4600202634275, 536.741333007813, -20, 0.01, 313.542755126953, 28.6083507537842, -80.5997619628906, -292.680935638756, -102.014083325026, 15, -0.456982877010989, 15, 8.16112666600205, -0.76017388855006, 11.125491842815, 18.5991582324993, 53.2941984795926
47727.5787207827, -10.8111459778823, 536.0146484375, -20, 0.01, 313.6943359375, 28.6083507537842, -80.5997619628906, -292.680935638756, -102.014083325026, 15, -0.386978075285735, 15, 8.16112666600205, -0.797398760159203, 11.3290468343789, 18.7188136734385, 52.8015581527294
47727.6587207826, -11.1625793390582, 534.87451171875, -20, 0.01, 313.530517578125, 28.6083507537842, -80.5997619628906, -292.680935638756, -102.014083325026, 15, -0.313423867930563, 15, 8.16112666600205, -0.832446153219351, 11.2689052961474, 18.6833150734111, 52.9464126452557
47727.7387207826, -11.514153841586, 534.267517089844, -20, 0.01, 313.501861572266, 28.6083507537842, -80.5997619628906, -292.680935638756, -102.014083325026, 15, -0.236411651982567, 15, 8.16112666600205, -0.865083862703782, 11.2972188891298, 18.7000120595289, 52.878144805334
47727.8187207826, -11.7783907114096, 533.1640625, -20, 0.01, 312.922760009766, 28.6083488464355, -80.5997619628906, -292.680935638756, -102.226170816337, 15, -0.17640915833769, 15, 8.39018115665209, -0.887853022274578, 11.5328155723726, 18.8399850832923, 52.3151017690991
47727.8787207826, -12.1308868895804, 532.437316894531, -20, 0.01, 313.584991455078, 28.6083488464355, -80.5997619628906, -292.680935638756, -102.226170816337, 15, -0.0935569455732677, 15, 8.17809366530695, -0.915727877317306, 11.425196555398, 18.7758175697984, 52.5711884783693
47727.9587207826, -12.483623236624, 531.297119140625, -20, 0.01, 313.234283447266, 28.6083488464355, -80.5997619628906, -292.680935638756, -102.226170816337, 15, -0.0074511490932494, 15, 8.17809366530695, -0.940597806241881, 11.3701113397759, 18.7431216940804, 52.7029874840925
47728.0387207826, -12.8368925179116, 530.533630371094, -20, 0.01, 312.949554443359, 28.6083488464355, -80.5997619628906, -292.680935638756, -102.226170816337, 15, 0.0819722279078685, 15, 8.17809366530695, -0.962286619782198, 11.3795918548654, 18.7487416623861, 52.6802692260562
47728.1187207826, -13.1021275079567, 529.430236816406, -20, 0.01, 313.733581542969, 28.6083488464355, -80.5997619628906, -292.680935638756, -102.226170816337, 15, 0.151274801021158, 15, 8.17809366530695, -0.975910269538167, 11.3750030329357, 18.7460210736009, 52.6912636595569
47728.1787207826, -13.4563529635416, 528.289916992188, -20, 0.01, 312.537109375, 28.6083488464355, -80.5997619628906, -292.680935638756, -102.226170816337, 15, 0.249464953186546, 15, 8.17809366530695, -0.986640896653889, 11.3394547789222, 18.7249692915239, 52.7765493243329
47728.2587207825, -13.8129081274854, 527.563171386719, -20, 0.01, 313.540496826172, 28.6083469390869, -80.5997619628906, -292.680935638756, -102.438258307648, 15, 0.356365199898958, 15, 8.35412628312068, -0.984890554602841, 11.4624574545407, 18.7979909532581, 52.4823133366995
47728.3387207825, -14.1715860951957, 526.423034667969, -20, 0.01, 312.654693603516, 28.6083469390869, -80.5997619628906, -292.680935638756, -102.438258307648, 15, 0.471425152736268, 15, 8.19506066461184, -0.969685568091805, 11.1597546920358, 18.6192006024233, 53.2108052844338
47728.4187207825, -14.4416324145399, 525.282653808594, -20, 0.01, 313.859161376953, 28.6083469390869, -80.5997543334961, -291.832585673511, -102.438258307648, 15, 0.561419160178362, 15, 8.19506066461184, -0.949105152783381, 11.048777938889, 18.5544292996029, 53.4816080986516
47728.4787207825, -14.8046489608562, 524.022705078125, -20, 0.01, 313.390960693359, 28.6083469390869, -80.5997543334961, -291.832585673511, -102.438258307648, 15, 0.686760670792478, 15, 8.19506066461184, -0.901700858335239, 10.8494421394677, 18.4391543762166, 53.9730819538155
47728.5587207825, -15.1710714647537, 522.882507324219, -20, 0.01, 312.989196777344, 28.6083469390869, -80.5997543334961, -291.832585673511, -102.438258307648, 15, 0.811719325901147, 15, 8.19506066461184, -0.833710490046998, 10.6206811606189, 18.3085809076224, 54.5451716784887
47728.6387207825, -15.5392191395364, 521.705627441406, -20, 0.01, 313.429840087891, 28.6083469390869, -80.5997543334961, -291.832585673511, -102.438258307648, 15, 0.934733068014107, 15, 8.19506066461184, -0.751511033339044, 10.4226309067617, 18.1970486333888, 55.0474755410517
47728.7187207825, -15.8161362566831, 521.015808105469, -20, 0.01, 313.437072753906, 28.6083469390869, -80.5997543334961, -291.832585673511, -102.438258307648, 15, 1.02352052352714, 15, 8.19506066461184, -0.681698009216868, 10.2625470170933, 18.1079413908534, 55.4582779777491
47728.7787207825, -16.1865722364074, 519.342346191406, -20, 0.01, 313.657623291016, 28.6083469390869, -80.5997543334961, -291.832585673511, -102.438258307648, 15, 1.13540420883672, 15, 8.19506066461184, -0.578063564576436, 10.0660760893129, 17.9998779138904, 55.968343607922
47728.8587207824, -16.5576559529429, 518.165344238281, -20, 0.01, 313.579284667969, 28.6083469390869, -80.5997543334961, -291.832585673511, -102.438258307648, 15, 1.2425452776667, 15, 8.19506066461184, -0.465457747792416, 9.8705922328132, 17.8938009536309, 56.4823211318902
47728.9387207824, -16.9298088371939, 516.905456542969, -20, 0.01, 313.55517578125, 28.6083469390869, -80.5997543334961, -291.832585673511, -102.438258307648, 15, 1.34839435133443, 15, 8.19506066461184, -0.346570763279455, 9.68765239856426, 17.7958580787944, 56.9691967070965
47728.9987207824, -17.2094858160024, 515.765441894531, -20, 0.01, 314.176177978516, 28.6083469390869, -80.5997467041016, -290.984235708267, -102.438258307648, 15, 1.42784580294576, 15, 8.19506066461184, -0.254390370970574, 9.55195405916772, 17.7240493476555, 57.3340310848821
47729.0787207824, -17.5836528793021, 514.091979980469, -20, 0.01, 313.866729736328, 28.6083469390869, -80.5997467041016, -290.984235708267, -102.438258307648, 15, 1.53603965698265, 15, 8.19506066461184, -0.129281388805147, 9.39196931105633, 17.6403230141915, 57.7682086914499
47729.1587207824, -17.9597209584138, 512.951843261719, -20, 0.01, 313.579986572266, 28.6083469390869, -80.5997467041016, -290.984235708267, -102.438258307648, 15, 1.64871017501694, 15, 8.19506066461184, -0.00317966097672107, 9.23976023744796, 17.5616170151377, 58.1853612598358
47729.2387207824, -18.3373218829662, 511.278503417969, -20, 0.01, 313.638427734375, 28.6083469390869, -80.5997467041016, -290.984235708267, -102.438258307648, 15, 1.7674851391676, 14.6992077002174, 8.19506066461184, 0.122831673704207, 9.09568236762888, 17.2328769734504, 58.0769649747991
47729.2987207824, -18.6214375650182, 510.138458251953, -20, 0.01, 313.360809326172, 28.6083469390869, -80.5997467041016, -290.984235708267, -102.438258307648, 15, 1.86049689293554, 15, 8.19506066461184, 0.217270584732067, 8.98783824827108, 17.4334219545785, 58.8845534712319
47729.3787207824, -19.0016494869965, 508.878601074219, -20, 0.0316811773914165, 316.188995361328, 28.6083469390869, -80.599739074707, -290.135885743022, -102.438258307648, 15, 1.99243686243733, 14.6299320441617, 8.19506066461184, 0.34097202571962, 8.86230809287074, 17.0545695359412, 58.6185025213352
47729.4587207824, -19.3832117891551, 507.288208007813, -20, 0.101417746886129, 326.060577392578, 28.6083488464355, -80.599739074707, -290.135885743022, -102.226170816337, 15, 2.13281441563564, 14.4084908510556, 8.01902804679811, 0.463001445179353, 8.52321863088357, 16.6946030641856, 59.2211216934128
47729.5387207823, -19.7591070052407, 505.615112304688, -20, 0.318907446966154, 345.336883544922, 28.6083488464355, -80.599739074707, -290.135885743022, -102.226170816337, 15, 2.28056285829744, 13.8141716044466, 8.17809366530695, 0.588948751813954, 8.53964776724626, 16.196798229796, 58.1224457841713
47729.5987207823, -20.0280863304504, 504.47509765625, -20, 0.346762523797652, 387.265228271484, 28.6083488464355, -80.599739074707, -290.135885743022, -102.226170816337, 15, 2.40523745430428, 14.2170628559269, 8.17809366530695, 0.687524207550199, 8.38470180442717, 16.4613860070944, 59.300930818324
47729.6787207823, -20.343106590346, 502.802093505859, -20, 0.725613609516622, 451.163299560547, 28.6083507537842, -80.5997314453125, -289.287535777777, -102.014083325026, 15, 2.60107536910973, 13.4582516067884, 8.00206104749319, 0.829401763445163, 7.93062061154071, 15.5838642992735, 59.3391684372163
47729.7587207823, -20.6002955546388, 501.129364013672, -20, 0.678780609151209, 519.962707519531, 28.6083507537842, -80.5997314453125, -289.287535777777, -102.014083325026, 15, 2.83547863303299, 12.8974591887426, 8.16112666600205, 0.990823874543613, 7.78694489861584, 15.0317017498195, 58.7416413584492
47729.8387207823, -20.7653877830421, 499.419799804688, -20, 0.665776577444442, 556.4970703125, 28.6083526611328, -80.5997314453125, -289.287535777777, -101.801995833714, 15, 3.11262638445067, 11.5585612762951, 7.93207217535203, 1.1818299864753, 7.06639236298325, 13.5223639139135, 58.4516161503223
47729.8987207823, -20.8449411606845, 498.316955566406, -20, 0.609964805203911, 589.771362304688, 28.6083526611328, -80.599723815918, -288.439185812532, -101.801995833714, 15, 3.34274295519343, 12.3373504308116, 8.14415966669716, 1.33772148241822, 7.01154230041399, 14.1636513748431, 60.2604333594431
47729.9787207823, -20.9114196003182, 496.644104003906, -20, 0.663941805123029, 610.235961914063, 28.6083545684814, -80.599723815918, -288.439185812532, -101.589908342403, 15, 3.67098216507105, 11.2166067995957, 7.96812704888341, 1.55637196066459, 6.46208836178015, 12.9242243885141, 59.9469306740924
47730.0587207823, -20.952141904576, 495.0908203125, -20, 0.632289236218518, 625.786682128906, 28.6083545684814, -80.599723815918, -288.439185812532, -101.589908342403, 15, 4.00753478465728, 10.7591870554385, 8.12719266739226, 1.78869006968292, 6.27674894443994, 12.4375695539007, 59.6444243008246
47730.1387207822, -20.9661857952029, 493.041229248047, -20, 0.611232296730905, 631.755676269531, 28.6083564758301, -80.5997161865234, -287.590835847288, -101.377820851092, 15, 4.34348067274733, 9.52713166718825, 7.89813817674224, 2.03863652103394, 5.57442284784623, 11.0251226214888, 59.5918221245144
47730.1987207822, -20.9681656701874, 491.901336669922, -20, 0.601212864846362, 635.802368164063, 28.6083583831787, -80.5997161865234, -287.590835847288, -101.165733359781, 15, 4.59753618092425, 10.6846295982362, 7.93419305027361, 2.22994340544039, 5.35307252564438, 11.9366478387334, 63.2889319962875
47730.2787207822, -20.9672253575241, 490.384735107422, -20, 0.59950832181701, 634.444641113281, 28.6083602905273, -80.5997085571289, -286.742485882043, -100.95364586847, 15, 4.94078181944947, 9.61185622882983, 7.91722605096872, 2.48573643942825, 5.02472676653645, 10.8350469799893, 62.3207197970172
47730.3587207822, -20.9650799169375, 488.748474121094, -20, 0.600966764170789, 634.764343261719, 28.608362197876, -80.5997085571289, -286.742485882043, -100.741558377159, 15, 5.27525212868573, 9.28408662571984, 7.90025905166382, 2.74853764341351, 4.64056502472514, 10.3701601001286, 63.3668708423484
47730.4387207822, -20.9587073468612, 486.818328857422, -20, 0.595694139648945, 632.946105957031, 28.6083641052246, -80.5997009277344, -285.894135916798, -100.529470885847, 15, 5.59300064316949, 8.23947478227984, 7.83027017952267, 3.0236833948322, 4.13766464011499, 9.21363081747129, 63.2759828179477
47730.4987207822, -20.9526413456632, 485.715301513672, -20, 0.5962483154102, 633.028930664063, 28.6083660125732, -80.5997009277344, -285.894135916798, -100.317383394536, 15, 5.82459995607157, 9.40938622513385, 7.86632505305403, 3.23315937875837, 3.90117250341885, 10.1793216044667, 67.4052586649851
47730.5787207822, -20.9453531977681, 484.19873046875, -20, 0.590147074604321, 629.167724609375, 28.6083679199219, -80.5996932983398, -285.045785951553, -100.105295903225, 15, 6.12827382303005, 8.51151581021464, 7.84935805374914, 3.51488423275018, 3.5280332928393, 9.20875674616625, 67.4240800932411
47730.6587207822, -20.9382698934533, 482.305328369141, -20, 0.592942954353964, 631.151672363281, 28.6083698272705, -80.5996932983398, -285.045785951553, -99.8932084119138, 15, 6.42033220245214, 8.25502564568192, 7.83239105444427, 3.80078156660092, 3.13652778169527, 8.82695162445029, 69.1391043419504
47730.7387207821, -20.9282002690096, 480.668914794922, -20, 0.586881080601662, 626.226928710938, 28.6083736419678, -80.5996856689453, -284.197435986309, -99.4690334292914, 15, 6.69584287271282, 7.36472647861315, 7.53334769165304, 4.09591652241814, 2.3569815795404, 7.73071312798518, 72.212251486578
47730.7987207821, -20.9208219779665, 479.308776855469, -20, 0.589501560638199, 628.108520507813, 28.608377456665, -80.5996780395508, -283.349086021064, -99.044858446669, 15, 6.89612023958321, 8.38390319345536, 7.60545743871583, 4.31731699751103, 2.17931300786892, 8.66055938688587, 75.3824723168937
47730.8787207821, -20.911207332883, 477.828948974609, -20, 0.579664850916755, 628.605529785156, 28.6083793640137, -80.5996780395508, -283.349086021064, -98.8327709553578, 15, 7.16134220469965, 7.58482327462758, 7.74755605791977, 4.61097931663906, 2.01148318682314, 7.84550470239286, 75.1085331328015
47730.9587207821, -20.8990010878845, 475.898834228516, -20, 0.576703710493083, 621.791748046875, 28.6083831787109, -80.5996704101563, -282.500736055819, -98.4085959727355, 15, 7.42407168769187, 7.29430225362051, 7.55455644080114, 4.90259144321018, 1.44744711057238, 7.43576605462061, 78.7478602854095
47731.0387207821, -20.889262630305, 474.4189453125, -20, 0.577502420740145, 621.6484375, 28.6083850860596, -80.5996627807617, -281.652386090574, -98.1965084814243, 15, 7.67223370381514, 6.48975545517657, 7.6436331871688, 5.19423170244676, 1.20611942132622, 6.60041084057143, 79.4504345991474
47731.0987207821, -20.8828926156641, 473.058563232422, -20, 0.581422536091732, 624.095886230469, 28.6083889007568, -80.5996551513672, -280.80403612533, -97.7723334988019, 15, 7.85422460412911, 7.3937714041724, 7.50365544288645, 5.41195028023708, 0.788255024309189, 7.4354386982707, 83.8980393549946
47731.1787207821, -20.8704069543335, 471.615509033203, -20, 0.563695442903995, 622.217163085938, 28.6083927154541, -80.5996551513672, -280.80403612533, -97.3481585161795, 15, 8.10003488587615, 6.62567367734163, 7.46972144427666, 5.69599628343137, 0.454938756226277, 6.64120452575512, 86.0633646328536
47731.2587207821, -20.8553361041924, 469.841857910156, -20, 0.560045150110472, 620.348693847656, 28.6083965301514, -80.5996475219727, -279.955686160085, -96.9239835335572, 15, 8.34915392367795, 6.3072358384251, 7.43578744566688, 5.9715513070153, 0.148405665592375, 6.30897449094958, 88.6493880300561
47731.338720782, -20.844723942832, 467.948791503906, -20, 0.562630110041859, 618.976013183594, 28.6084003448486, -80.5996398925781, -279.10733619484, -96.4998085509348, 15, 8.58750138556336, 5.50998454790755, 7.29580970138451, 6.24475559764758, -0.328941435882131, 5.51976434477202, 93.4216952929659
47731.398720782, -20.8298657920144, 467.038421630859, -20, 0.551727195896434, 614.745544433594, 28.6084041595459, -80.5996322631836, -278.258986229596, -96.0756335683124, 15, 8.76409137729694, 6.36211496574633, 7.3679194484473, 6.44465151588096, -0.431657883110962, 6.37668165517434, 93.8893919947668
47731.478720782, -20.8179199681052, 465.264221191406, -20, 0.545676443461226, 612.310546875, 28.6084079742432, -80.5996246337891, -277.410636264351, -95.6514585856901, 15, 9.00251743765928, 5.61703116457081, 7.3339854498375, 6.69990143601168, -0.693586537021829, 5.65955468408131, 97.050210010025
47731.558720782, -20.8056167476928, 463.407745361328, -20, 0.54604765920477, 607.814880371094, 28.6084117889404, -80.5996170043945, -276.562286299106, -95.2272836030677, 15, 9.23915500433952, 5.35108846316817, 7.30005145122771, 6.94651868474483, -0.965220172127973, 5.43719480373501, 100.239057356308
47731.638720782, -20.7959629438902, 462.084289550781, -20, 0.546750999460973, 606.378356933594, 28.6084175109863, -80.599609375, -275.713936333861, -94.5910211291341, 15, 9.46836352031284, 4.56205381617324, 6.93101921629533, 7.18601022513999, -1.64220988278459, 4.84803944175133, 109.814239555319
47731.698720782, -20.7861823294329, 460.760620117188, -20, 0.539007408431388, 601.643798828125, 28.6084232330322, -80.5996017456055, -274.865586368617, -93.9547586552006, 15, 9.6394357790066, 5.37009877680831, 7.03918383688949, 7.35844422254059, -1.64767811221452, 5.61648015957851, 107.078626548587
47731.778720782, -20.775259387464, 463.824432373047, -20, 0.538202027434345, 600.959777832031, 28.6084270477295, -80.5996017456055, -274.865586368617, -93.5305836725782, 15, 9.86846655018824, 4.66467823442095, 7.16431545678855, 7.57747649404988, -1.67909148527716, 4.95704942804708, 109.81434877896
47731.858720782, -20.7659574501047, 462.087310791016, -20, 0.537710950581103, 600.734130859375, 28.6084308624268, -80.5995941162109, -274.017236403372, -93.1064086899558, 15, 10.0918229403245, 4.44313496575156, 7.13038145817876, 7.78732882356329, -1.90331107193711, 4.83288488572057, 113.2058778829
47731.938720782, -20.7557863615787, 460.64404296875, -20, 0.533545003952766, 598.89990234375, 28.6084365844727, -80.5995864868164, -273.168886438127, -92.4701462160223, 15, 10.3090547240369, 3.68812648128011, 6.76134922324639, 7.99026571397719, -2.53879136229038, 4.47647547321242, 124.552038787539
47731.9987207819, -20.7400564236036, 456.020294189453, -20, 0.512824507801684, 597.696716308594, 28.6084423065186, -80.5995712280273, -271.472186507638, -91.8338837420887, 15, 10.4706833510568, 4.45789871680362, 6.86951384384055, 8.13462575135484, -2.50455862523466, 5.11204561904733, 119.345264316316
47732.0787207819, -20.7243433952573, 454.863006591797, -20, 0.512869342234348, 593.23193359375, 28.6084461212158, -80.5995712280273, -271.472186507638, -91.4097087594664, 15, 10.6845359894698, 3.8130478364046, 6.9946454637396, 8.31611777474933, -2.49083808894686, 4.55350907409761, 123.16530896016
47732.1587207819, -20.7092227454696, 453.598175048828, -20, 0.507374316541529, 591.799377441406, 28.6084518432617, -80.5995635986328, -270.623836542393, -90.7734462855328, 15, 10.8886962124018, 3.64403772803469, 6.78467884731607, 8.48913889491032, -2.88825516662466, 4.64863163318201, 128.407248048035
47732.2387207819, -20.696631236156, 452.440887451172, -20, 0.505767361490807, 590.316711425781, 28.6084575653076, -80.5995483398438, -268.927136611903, -90.1371838115992, 15, 11.0812898659139, 3.02054170670727, 6.57471223089254, 8.65461197920189, -3.28383645825153, 4.46063448755299, 137.389093026209
47732.2987207819, -20.6797340691541, 451.802215576172, -20, 0.485245705133555, 585.300598144531, 28.6084632873535, -80.5995407104492, -268.078786646659, -89.5009213376657, 15, 11.220183481745, 3.74112763745218, 6.6828768514867, 8.77227896148205, -3.23211462414505, 4.94244347318722, 130.830198414176
47732.3787207819, -20.6629590783906, 450.644927978516, -20, 0.485025753538544, 582.23291015625, 28.6084671020508, -80.5995330810547, -267.230436681414, -89.0767463550433, 15, 11.3958648382237, 3.25728526290599, 6.80800847138577, 8.92091713864076, -3.20012932566891, 4.56505176926283, 134.493413059325
47732.4587207819, -20.6468877623706, 449.487426757813, -20, 0.478850108405186, 578.280639648438, 28.6084728240967, -80.5995254516602, -266.382086716169, -88.4404838811098, 15, 11.5589473142363, 3.1588307373498, 6.59804185496222, 9.0609257789807, -3.55734841477286, 4.75606055190929, 138.391909508258
47732.5387207819, -20.6364651163377, 448.40966796875, -20, 0.48220321873527, 575.670532226563, 28.6084785461426, -80.5995178222656, -265.533736750924, -87.8042214071762, 15, 11.7100144573301, 2.69197129607247, 6.38807523853871, 9.19105216972005, -3.8935855328966, 4.73239448659796, 145.329782172478
47732.5987207818, -20.6226906723399, 447.085876464844, -20, 0.46587752523003, 573.90966796875, 28.6084842681885, -80.5995101928711, -264.68538678568, -87.1679589332427, 15, 11.8162362705051, 3.28105996348658, 6.49623985913286, 9.27949187118562, -3.78003466524519, 5.00383748755943, 139.037031990408
47732.6787207818, -20.6069093185742, 445.421905517578, -20, 0.462067064700709, 568.033569335938, 28.6084899902344, -80.5995025634766, -263.837036820435, -86.5316964593091, 15, 11.9462375371131, 2.94915555274968, 6.44533886121816, 9.38090754328297, -3.84138365025958, 4.84156057707675, 142.476859280257
47732.7587207818, -20.5918155843056, 443.840881347656, -20, 0.456237610848027, 566.308898925781, 28.6084957122803, -80.599494934082, -262.98868685519, -85.8954339853755, 15, 12.0604642181758, 2.93274455570878, 6.3944378633035, 9.45550453112392, -3.79328995454491, 4.7934817147534, 142.282803183276
47732.8387207818, -20.5791678602382, 442.139953613281, -20, 0.454023160600168, 563.56982421875, 28.6085014343262, -80.5994873046875, -262.140336889945, -85.259171511442, 15, 12.1512425022173, 2.77443713690446, 6.18447124687996, 9.50189092334494, -3.89198803347582, 4.77841265277109, 144.506255909891
47732.8987207818, -20.5618357141232, 440.852813720703, -20, 0.432232124963773, 559.001892089844, 28.6085090637207, -80.5994720458984, -260.443636959456, -84.4108215461972, 15, 12.202827246974, 3.23567043622189, 6.11660324966037, 9.5173417255671, -3.80062111642417, 4.98988181395302, 139.584777159487
47732.9787207818, -20.5467182052635, 439.271545410156, -20, 0.435338516587208, 555.435302734375, 28.608512878418, -80.5994644165039, -259.595286994211, -83.9866465635749, 15, 12.2516932502251, 3.19962043901445, 6.4008004880683, 9.50950057005893, -3.23934531522294, 4.55192447636804, 135.353106875454
47733.0587207818, -20.5358125110316, 437.570648193359, -20, 0.436203118377494, 551.049255371094, 28.6085186004639, -80.5994567871094, -258.746937028966, -83.3503840896413, 15, 12.2786947203301, 3.33337971773495, 6.19083387164474, 9.4727692815339, -3.23317725936761, 4.64252693496379, 134.126718952556
47733.1387207818, -20.5303991745685, 435.86962890625, -20, 0.4419421604097, 548.713684082031, 28.6085243225098, -80.5994491577148, -257.898587063722, -82.7141216157078, 15, 12.2907195824495, 3.40283785604799, 5.98086725522122, 9.41443896727782, -3.25589498632894, 4.70825743153853, 133.737241572273
47733.1987207818, -20.5284284465815, 434.702209472656, -20, 0.445827132891331, 549.715087890625, 28.6085319519043, -80.5994415283203, -257.050237098477, -81.865771650463, 15, 12.2937358291221, 3.49901014254226, 5.91299925800164, 9.35945882839469, -3.16110426014578, 4.71415148523312, 132.098803379396
47733.2787207817, -20.5299505516663, 433.001342773438, -20, 0.454047376150394, 554.6220703125, 28.6085357666016, -80.5994338989258, -256.201887133232, -81.4415966678406, 15, 12.290116726248, 3.55528609421845, 6.19719649640955, 9.27448190745488, -2.63303157902583, 4.42312253089366, 126.531451701598
47733.3587207817, -20.5282166386366, 431.750915527344, -20, 0.451049872243027, 552.830810546875, 28.6085414886475, -80.5994186401367, -254.505187202743, -80.8053341939071, 15, 12.2788065286688, 3.62871849638716, 5.98722987998603, 9.1775578536337, -2.68163141990243, 4.51100058392755, 126.472798886556
47733.4387207817, -20.5245023804406, 430.463806152344, -20, 0.448443895388659, 551.853576660156, 28.6085472106934, -80.5994110107422, -253.656837237498, -80.1690717199735, 15, 12.2655612941076, 3.69387930485974, 5.77726326356246, 9.06697732142273, -2.70110290426365, 4.57499601629162, 126.184471366025
47733.4987207817, -20.5248558516712, 428.882720947266, -20, 0.455462487145093, 556.510192871094, 28.6085529327393, -80.5994033813477, -252.808487272253, -79.53280924604, 15, 12.2543683309117, 3.66100224437927, 5.88542788415665, 8.97618553045742, -2.38564574689629, 4.36880929225893, 123.100030661438
47733.5787207817, -20.5273431529258, 427.182098388672, -20, 0.461584248360313, 560.205627441406, 28.6085586547852, -80.5993957519531, -251.960137307008, -78.8965467721064, 15, 12.2353407515396, 3.74480668835518, 5.83452688624196, 8.84609328622472, -2.22525158233134, 4.35525751517286, 120.731362710861
47733.6587207817, -20.5237550093651, 425.518096923828, -20, 0.453932076240662, 554.278381347656, 28.6085643768311, -80.5993881225586, -251.111787341764, -78.2602842981729, 15, 12.2121882371322, 3.8630806914988, 5.78362588832728, 8.70499332154479, -2.03679201279173, 4.36642020507854, 117.813174576021
47733.7387207817, -20.5221341107869, 424.1943359375, -20, 0.457507129765141, 557.665771484375, 28.608570098877, -80.5993728637695, -249.415087411274, -77.6240218242393, 15, 12.1880356613971, 3.84393252778274, 5.57365927190374, 8.5536020645717, -2.03228170615503, 4.34738855419335, 117.87814508885
47733.7987207817, -20.5244321394153, 422.530487060547, -20, 0.466315414297731, 557.483276367188, 28.6085758209229, -80.599365234375, -248.56673744603, -76.9877593503058, 15, 12.1679953280992, 3.83940471319292, 5.68182389249791, 8.43386200509627, -1.69848114547271, 4.19780266405656, 113.876470854773
47733.8787207816, -20.527184097274, 420.829925537109, -20, 0.469685225011258, 563.708557128906, 28.6085796356201, -80.5993576049805, -247.718387480785, -76.5635843676834, 15, 12.1372973277873, 3.95846497832315, 5.80695551239698, 8.2669036604834, -1.29515415672554, 4.16463677261401, 108.129404281186
47733.9587207816, -20.5239355666524, 419.166107177734, -20, 0.462331238302874, 560.018737792969, 28.608585357666, -80.5993499755859, -246.87003751554, -75.9273218937498, 15, 12.1025605749202, 4.11902007176821, 5.59698889597343, 8.09081200881729, -1.26929937001418, 4.30983417807073, 107.13955511313
47734.0387207816, -20.5231048441203, 417.842437744141, -20, 0.466947484272018, 561.985290527344, 28.6085910797119, -80.5993423461914, -246.021687550295, -75.2910594198163, 15, 12.0761102494728, 4.00410948626684, 5.38702227954988, 7.95312033784709, -1.64608203826995, 4.32874878699566, 112.36110854999
47734.0987207816, -20.52629416023, 416.178771972656, -20, 0.476793886434113, 562.031677246094, 28.6085948944092, -80.5993270874023, -244.324987619806, -74.8668844371939, 15, 12.0369698830369, 4.14862365751111, 5.67121951795781, 7.76401568880997, -0.221016492806078, 4.15449649712664, 93.0521837147481
47734.1787207816, -20.5281120531048, 414.478210449219, -20, 0.476953909614386, 566.86669921875, 28.6085987091064, -80.5993194580078, -243.476637654561, -74.4427094545715, 15, 11.9884214242989, 4.27985176313472, 5.63728551934803, 7.57162495831931, -0.480531897862993, 4.3066939042497, 96.412045743329
47734.2587207816, -20.5258130003533, 413.228179931641, -20, 0.472531547930892, 563.906555175781, 28.6086044311523, -80.5993118286133, -242.628287689316, -73.806446980638, 15, 11.9349419332368, 4.51654765736131, 5.4273189029245, 7.37231441577586, -0.442976592524808, 4.53817412420603, 95.607286453892
47734.3387207816, -20.5241601962163, 411.904479980469, -20, 0.474444317001595, 565.006286621094, 28.6086101531982, -80.5993041992188, -241.779937724072, -73.1701845067044, 15, 11.895395054241, 4.32829427792264, 5.21735228650094, 7.21778802596917, -0.846986358635887, 4.4102326540798, 101.081949729795
47734.3987207816, -20.5260891088662, 410.240844726563, -20, 0.482460791506356, 570.627502441406, 28.6086139678955, -80.5992965698242, -240.931587758827, -72.7460095240821, 15, 11.8358017772077, 4.5526855542453, 5.50154952490887, 7.00981641298223, 0.66347950937197, 4.60067646795617, 81.7000201675891
47734.4787207815, -20.5242235321632, 408.420776367188, -20, 0.477891514316838, 567.248107910156, 28.6086177825928, -80.5992889404297, -240.083237793582, -72.3218345414597, 15, 11.764748902077, 4.72648419102489, 5.46761552629908, 6.80092506146335, 0.359330691674905, 4.74009265039393, 85.6475673023162
47734.5587207815, -20.5216765088165, 406.757019042969, -20, 0.477598198039014, 567.497436523438, 28.60862159729, -80.5992813110352, -239.234887828337, -71.8976595588373, 15, 11.6907982946851, 5.02381995138985, 5.43368152768927, 6.58762596970166, 0.606703699730073, 5.0602285009041, 83.1053792119919
47734.6387207815, -20.5215514315612, 405.433502197266, -20, 0.482636790026427, 570.520202636719, 28.6086273193359, -80.5992660522461, -237.538187897848, -71.2613970849037, 15, 11.6358915378055, 4.76469394903946, 5.0646492927569, 6.42384819817154, -0.0120989172729882, 4.76470927488938, 90.145657841003
47734.6987207815, -20.5219873961328, 404.183441162109, -20, 0.485347285145965, 572.453979492188, 28.6086292266846, -80.5992584228516, -236.689837932603, -71.0493095935926, 15, 11.5570961433806, 5.04116752705348, 5.52487914897855, 6.20381598365951, 1.77579706430659, 5.34403248374723, 70.5744183300074
47734.7787207815, -20.5190165493018, 402.363433837891, -20, 0.481200677085671, 569.181762695313, 28.6086349487305, -80.599250793457, -235.841487967358, -70.413047119659, 15, 11.468884681706, 5.220466677701, 5.15584691404618, 5.98395455716502, 1.04476816156697, 5.323700828651, 78.6682893830403
47734.8587207815, -20.5185972936004, 400.663116455078, -20, 0.486213001751395, 572.888916015625, 28.6086387634277, -80.5992431640625, -234.993138002114, -69.9888721370366, 15, 11.3808282400692, 5.54728436456385, 5.28097853394523, 5.76074055920136, 1.48754337940484, 5.7426675356184, 74.9680862088485
47734.9387207815, -20.5188037672082, 399.256622314453, -20, 0.489194262621044, 574.793701171875, 28.608642578125, -80.599235534668, -234.144788036869, -69.5646971544143, 15, 11.3154732670737, 5.23825583458085, 5.14100078966288, 5.58994653123676, 1.55808884730256, 5.46444847452478, 73.4152967708694
47734.9987207815, -20.5154291092577, 397.969848632813, -20, 0.482833233250253, 570.928405761719, 28.6086444854736, -80.5992279052734, -233.296438071624, -69.3526096631031, 15, 11.222162637196, 5.56291828697353, 5.38914315453939, 5.36238121943249, 2.12775902775343, 5.95476129357369, 69.0429970393188
47735.0787207815, -20.5140912708717, 396.186645507813, -20, 0.488039027237416, 572.55322265625, 28.6086483001709, -80.5992202758789, -232.448088106379, -68.9284346804807, 15, 11.1274479741492, 5.69020417301947, 5.19614353742076, 5.13420211244088, 2.1746274326468, 6.09030942053157, 69.0577806957048
47735.1587207814, -20.5140051074558, 394.366546630859, -20, 0.491607943330085, 574.087768554688, 28.6086521148682, -80.5992126464844, -231.599738141135, -68.5042596978583, 15, 11.0362128169481, 6.00405623316311, 5.16220953881096, 4.90096845935817, 2.45190510656718, 6.48371079263178, 67.7555233772257
47735.2387207814, -20.5120819183008, 393.493438720703, -20, 0.490206075335899, 574.679992675781, 28.6086559295654, -80.5991973876953, -229.903038210645, -68.080084715236, 15, 10.9678241757541, 5.68991158013428, 5.0222317945286, 4.72422942759248, 2.51433537250673, 6.21901741785577, 66.131631010125
47735.2987207814, -20.5071382747431, 391.673400878906, -20, 0.482925884538595, 569.464416503906, 28.6086578369141, -80.5991897583008, -229.0546882454, -67.8679972239248, 15, 10.874986796461, 5.98798198162104, 5.27037415940513, 4.48862295600697, 3.09511759645814, 6.73800943738348, 62.6348838159501
47735.3787207814, -20.5067135921314, 389.853240966797, -20, 0.492406482005841, 571.7265625, 28.6086616516113, -80.5991821289063, -228.206338280156, -67.4438222413024, 15, 10.7819167594386, 6.10478542561015, 5.0773745422865, 4.25429704285702, 3.13576342542701, 6.86033320191782, 62.7799371069661
47735.4587207814, -20.5081415580587, 388.446929931641, -20, 0.497611638468149, 577.705383300781, 28.60866355896, -80.5991744995117, -227.357988314911, -67.2317347499912, 15, 10.6928639351365, 6.40673606179464, 5.21947316149045, 4.01713094552683, 3.6131443403957, 7.35163990590642, 60.5438593690215
47735.5387207814, -20.5033078952594, 387.160308837891, -20, 0.488897636459899, 578.252624511719, 28.6086673736572, -80.5991668701172, -226.509638349666, -66.8075597673689, 15, 10.6262242149377, 6.09947240506916, 4.92042979869924, 3.83750590895818, 3.48799673897528, 7.02308193171003, 60.205413404385
47735.5987207814, -20.4926336835318, 385.340270996094, -20, 0.472222736091466, 571.62060546875, 28.6086692810059, -80.5991592407227, -225.661288384422, -66.5954722760577, 15, 10.5359896741991, 6.38828621629099, 5.16857216357577, 3.59906038372853, 4.06524889006103, 7.56755492532928, 57.4969396165288
47735.6787207814, -20.4877758046095, 383.813995361328, -20, 0.482977116184661, 569.966613769531, 28.6086711883545, -80.5991516113281, -224.812938419177, -66.3833847847465, 15, 10.4469249556267, 6.49003267236594, 5.15160516427087, 3.36475227819247, 4.29645705214011, 7.77824021562622, 56.463393591721
47735.7587207813, -20.4874326110289, 381.994018554688, -20, 0.490364287158099, 574.113647460938, 28.6086750030518, -80.5991439819336, -223.964588453932, -65.9592098021241, 15, 10.3615832432527, 6.78065751174428, 4.95860554715222, 3.13108155085114, 4.34194406714297, 8.04622059860249, 57.3309660142363
47735.8187207813, -20.4859562176974, 381.120849609375, -20, 0.490005776340935, 575.432861328125, 28.6086769104004, -80.5991363525391, -223.116238488687, -65.7471223108129, 15, 10.2991222983759, 6.47441131053186, 5.04768229351989, 2.95574999883589, 4.66127424967167, 7.97200607416542, 54.2200006494935
47735.8987207813, -20.4776921140281, 379.181091308594, -20, 0.474552376027902, 572.508361816406, 28.608678817749, -80.5991287231445, -222.267888523443, -65.5350348195017, 15, 10.2136175164259, 6.75367493293438, 5.08373716705129, 2.72498401120038, 4.96077567270657, 8.37300913222172, 53.6724333137057
47735.9787207813, -20.4704220936967, 377.774688720703, -20, 0.476758032905689, 565.966674804688, 28.6086807250977, -80.59912109375, -221.419538558198, -65.3229473281906, 15, 10.1279985582657, 6.86117160545661, 5.0667701677464, 2.49931788034077, 5.17501966657644, 8.58651846345088, 52.9462700095457
47736.0587207813, -20.4665041605219, 375.95458984375, -20, 0.480463398589147, 570.509704589844, 28.6086826324463, -80.5991134643555, -220.571188592953, -65.1108598368794, 15, 10.0477940955465, 7.120290725278, 5.04980316844149, 2.27626657264539, 5.40492849218646, 8.9309104480287, 52.768169203105
47736.1187207813, -20.4649150081913, 374.924957275391, -20, 0.484280543278923, 570.584289550781, 28.6086845397949, -80.5991058349609, -219.722838627708, -64.8987723455682, 15, 9.98829130110682, 6.8399297766124, 4.97981429630033, 2.1116750290408, 5.49320320982882, 8.76449370842576, 51.2081606125607
47736.1987207813, -20.4588087485771, 372.985168457031, -20, 0.473802554810669, 570.184387207031, 28.6086845397949, -80.5990982055664, -218.874488662464, -64.8987723455682, 15, 9.9078867581999, 7.09725203222292, 5.19190178764546, 1.89704319391307, 5.97172561587712, 9.26551559587955, 49.9011824160074
47736.2787207813, -20.4494599823363, 371.57861328125, -20, 0.468482276551166, 562.706176757813, 28.6086864471436, -80.5990905761719, -218.026138697219, -64.686684854257, 15, 9.82784107120576, 7.19475316441205, 5.01586916983171, 1.68766446357578, 5.97500522873536, 9.34222565290622, 50.2684982799379
47736.3587207812, -20.4457852944555, 370.052398681641, -20, 0.475153202951375, 567.085510253906, 28.6086883544922, -80.5990829467773, -217.177788731974, -64.4745973629458, 15, 9.75354861564067, 7.42963388513784, 4.99890217052682, 1.48425751352361, 6.15675653321172, 9.63806263402519, 50.3275447382097
47736.4187207812, -20.4432570048784, 368.645965576172, -20, 0.476842255104221, 566.039123535156, 28.6086902618408, -80.5990753173828, -216.329438766729, -64.2625098716346, 15, 9.69870406084009, 7.16809799294961, 4.92891329838563, 1.33495787461888, 6.22153009023262, 9.4808622912661, 49.0254788660284
47736.4987207812, -20.4349102650101, 367.239410400391, -20, 0.46238807083378, 565.686462402344, 28.6086902618408, -80.5990676879883, -215.481088801485, -64.2625098716346, 15, 9.62450793666341, 7.40657050595558, 5.14100078973077, 1.14280473569896, 6.65796955623727, 9.94677991449749, 48.0315145630275
47736.5787207812, -20.4246431551937, 365.299530029297, -20, 0.459003723408057, 564.566650390625, 28.6086921691895, -80.5990600585938, -214.63273883624, -64.0504223803235, 15, 9.55108199911591, 7.49326436569285, 4.96496817191703, 0.958270223218615, 6.61423748988964, 9.98234542462395, 48.5475279095191
47736.6587207812, -20.4153315282573, 363.773223876953, -20, 0.456272426958984, 561.38916015625, 28.6086921691895, -80.5990524291992, -213.784388870995, -64.0504223803235, 15, 9.48351326489778, 7.70264954939013, 5.12403379042588, 0.77952271582741, 6.97968631165334, 10.3803999125816, 47.8036057382543
47736.7187207812, -20.4096209062431, 362.743438720703, -20, 0.458985793528891, 558.0478515625, 28.6086940765381, -80.5990447998047, -212.93603890575, -63.8383348890123, 15, 9.43578249816598, 7.44667125172542, 4.94800117261213, 0.650266680552233, 6.87808710061193, 10.1239352119066, 47.2611928075886
47736.7987207812, -20.4029159247234, 360.803497314453, -20, 0.452134860708383, 552.982238769531, 28.6086940765381, -80.5990371704102, -212.087688940506, -63.8383348890123, 15, 9.37391732601125, 7.6314183651386, 5.10706679112098, 0.485935396149318, 7.20978456948191, 10.4838667763216, 46.6182201002701
47736.8787207812, -20.4007722879446, 359.396820068359, -20, 0.460947191020168, 553.852294921875, 28.6086959838867, -80.5990295410156, -211.239338975261, -63.6262473977011, 15, 9.31597807491415, 7.67604827605745, 4.93103417330723, 0.330771808864566, 7.11966421434085, 10.4550175358299, 47.1416065607443
47736.9587207811, -20.3977665457309, 357.870391845703, -20, 0.45965718008075, 557.036926269531, 28.6086959838867, -80.5990219116211, -210.390989010016, -63.6262473977011, 15, 9.26425691097047, 7.82422237486444, 5.09009979181609, 0.181968938038654, 7.44532753277602, 10.7845244126319, 46.4130172176968
47737.0187207811, -20.3906931733497, 356.427032470703, -20, 0.451891391634958, 553.804260253906, 28.6086959838867, -80.5990142822266, -209.542639044771, -63.6262473977011, 15, 9.2286181061672, 7.62168544269053, 5.09009979181609, 0.0751036780231848, 7.52920591141515, 10.6978444650685, 45.3476832722006
47737.0987207811, -20.3804032236418, 354.900573730469, -20, 0.43855043077634, 551.714416503906, 28.6086959838867, -80.599006652832, -208.694289079527, -63.6262473977011, 15, 9.18415180520566, 7.74590390359699, 5.09009979181609, -0.0584795923448592, 7.62684662695842, 10.8541507067877, 45.4410646573415
47737.1787207811, -20.3745024784521, 353.374053955078, -20, 0.446281978270344, 550.567749023438, 28.6086978912354, -80.5989990234375, -207.845939114282, -63.4141599063899, 15, 9.14591707644514, 7.74973205293265, 4.91406717400233, -0.182916004454669, 7.50040732970807, 10.7689638103311, 45.931112253638
47737.2587207811, -20.3684879108622, 351.847625732422, -20, 0.44400491135935, 548.076843261719, 28.6086978912354, -80.598991394043, -206.997589149037, -63.4141599063899, 15, 9.11528961693227, 7.80952996000529, 5.07313279251119, -0.299124045833428, 7.77332074655043, 11.0017342874532, 45.1323138860048
47737.3187207811, -20.3650463595416, 350.284393310547, -20, 0.446616436342053, 550.889709472656, 28.6086978912354, -80.5989837646484, -206.149239183792, -63.4141599063899, 15, 9.09518885210127, 7.68285586779896, 5.07313279251119, -0.379100760788672, 7.80077098382844, 10.9321863830654, 44.5663324523942
47737.3987207811, -20.3591833453586, 348.757781982422, -20, 0.438706426713088, 545.465637207031, 28.6086978912354, -80.5989761352539, -205.300889218548, -63.4141599063899, 15, 9.07234779828041, 7.73555942157185, 5.07313279251119, -0.476512035823967, 7.85292164293395, 11.0059818724392, 44.5713048027857
47737.4787207811, -20.3519279210703, 347.231231689453, -20, 0.436463293768885, 545.174560546875, 28.6086978912354, -80.5989685058594, -204.452539253303, -63.4141599063899, 15, 9.05626427081714, 7.70893319542026, 5.07313279251119, -0.563775200680575, 7.88603614080337, 11.010950181812, 44.353374294861
47737.5587207811, -20.3482249852676, 345.704620361328, -20, 0.44007504283577, 547.91162109375, 28.6086978912354, -80.5989608764648, -203.604189288058, -63.4141599063899, 15, 9.04843469375385, 7.67956894173099, 5.07313279251119, -0.639975302793746, 7.89907377922563, 10.9998445202349, 44.1977271704477
47737.618720781, -20.3436168285606, 344.260986328125, -20, 0.437553089995075, 545.342895507813, 28.6086978912354, -80.5989532470703, -202.755839322814, -63.4141599063899, 15, 9.05008730767798, 7.59165536009677, 5.07313279251119, -0.685483778804612, 7.84072311462215, 10.897226024966, 44.0809609404806
47737.698720781, -20.3359194552842, 342.734344482422, -20, 0.426873664816869, 545.614135742188, 28.6086978912354, -80.5989456176758, -201.907489357569, -63.4141599063899, 15, 9.06570969468602, 7.47288262978454, 5.07313279251119, -0.72359612596668, 7.72185315793043, 10.729962355473, 44.0667803560035
47737.778720781, -20.3286242839693, 341.207611083984, -20, 0.427521050481322, 539.233276367188, 28.608699798584, -80.5989379882813, -201.059139392324, -63.2020724150787, 15, 9.09896211906077, 7.3054752705673, 4.89710017469745, -0.731214576817758, 7.29555458700669, 10.3104814092685, 45.0387187584759
47737.858720781, -20.3273694209735, 339.267333984375, -20, 0.435627995767483, 541.459167480469, 28.608699798584, -80.5989303588867, -200.210789427079, -63.2020724150787, 15, 9.15184937471339, 6.96604008039855, 5.0561657932063, -0.704827039870151, 7.20433217061494, 10.0085892246315, 44.0415058437173
47737.918720781, -20.3302396620462, 338.274017333984, -20, 0.443827479145675, 546.253356933594, 28.608699798584, -80.5989227294922, -199.362439461835, -63.2020724150787, 15, 9.20435900123874, 7.04271539897401, 5.0561657932063, -0.659900851667304, 6.90249502979625, 9.8490533093044, 45.5732486431789
47737.998720781, -20.3312999078669, 336.747436523438, -20, 0.443636801387931, 548.936157226563, 28.608699798584, -80.5989151000977, -198.51408949659, -63.2020724150787, 15, 9.28983766139201, 6.69744138441128, 5.0561657932063, -0.573644911668448, 6.6058340823662, 9.39647051165182, 45.3927626598358
47738.078720781, -20.3304086610351, 334.807220458984, -20, 0.441542553024886, 548.930114746094, 28.608699798584, -80.5989074707031, -197.665739531345, -63.2020724150787, 14.964909197127, 9.38757179410837, 6.45059728738791, 5.0561657932063, -0.465909768447265, 6.31987554675617, 9.02119727354784, 45.5840438680685
47738.158720781, -20.3329444930229, 333.280700683594, -20, 0.448679678714681, 552.387451171875, 28.608699798584, -80.5988998413086, -196.8173895661, -63.2020724150787, 15, 9.49166256691426, 6.06320059319213, 5.0561657932063, -0.341651308444376, 6.05115877255069, 8.55815618348972, 45.0567403532107
47738.2187207809, -20.3377374152, 332.131011962891, -20, 0.455727744418571, 554.223937988281, 28.608699798584, -80.5988922119141, -195.969039600856, -63.2020724150787, 15, 9.57493056467044, 6.38401679638666, 5.0561657932063, -0.239559308216379, 5.8428442550649, 8.64598218822333, 47.5247182109185
47738.2987207809, -20.3403709726146, 330.190979003906, -20, 0.456727101420973, 555.911682128906, 28.6087017059326, -80.5988845825195, -195.120689635611, -62.9899849237675, 14.9733926968134, 9.69215762965508, 5.96094753837996, 4.88013317539256, -0.0928430783212214, 5.38007229687013, 8.02330998487172, 47.9225303374673
47738.3787207809, -20.3424460986381, 328.701385498047, -20, 0.457546606600903, 556.161926269531, 28.6087017059326, -80.598876953125, -194.272339670366, -62.9899849237675, 14.6934372082488, 9.81362521723432, 5.45133977713488, 5.0391987939014, 0.0659801362416097, 5.29353937150875, 7.59302388157548, 45.8389247937997
47738.4587207809, -20.3448968222102, 327.294677734375, -20, 0.460866124968742, 557.038024902344, 28.6087017059326, -80.5988693237305, -193.423989705121, -62.9899849237675, 14.8376567023743, 9.93678707155254, 5.15893783029236, 5.0391987939014, 0.236719292397665, 5.00312480575859, 7.18179512722054, 45.8761336788532
47738.5187207809, -20.3495427906865, 325.768249511719, -20, 0.469382210755762, 560.018493652344, 28.6087036132813, -80.5988616943359, -192.575639739877, -62.7778974324563, 14.7697887051547, 10.0359378964292, 5.45028968110911, 4.86316617608765, 0.368998272338527, 4.5936012609499, 7.12342033643087, 49.8628729739413
47738.5987207809, -20.3541758449192, 324.361663818359, -20, 0.471626783671538, 565.040588378906, 28.6087036132813, -80.5988540649414, -191.727289774632, -62.7778974324563, 14.7019207079351, 10.1795058769889, 4.86705577196106, 5.02223179459651, 0.549606847770766, 4.53955329626046, 6.65177904470171, 46.9895445859355
47738.6787207809, -20.3535824864078, 322.835357666016, -20, 0.466152082578934, 561.231140136719, 28.6087036132813, -80.5988464355469, -190.878939809387, -62.7778974324563, 14.4219652193704, 10.3277609825561, 4.32132498483051, 5.02223179459651, 0.740598680953493, 4.23591396979044, 6.04836914771418, 45.5707950982545
47738.7587207809, -20.3559157906603, 320.932189941406, -20, 0.472634056748298, 563.54736328125, 28.6087055206299, -80.5988388061523, -190.030589844142, -62.5658099411452, 14.566184713496, 10.4775325696178, 3.93131308566783, 4.79317730394648, 0.93908218746687, 3.66976409929818, 5.37598777402406, 46.9678539489623
47738.8187207809, -20.3626948767966, 319.939300537109, -20, 0.486171439639902, 565.588989257813, 28.6087074279785, -80.5988311767578, -189.182239878898, -62.353722449834, 14.4983167162764, 10.5965985720659, 4.3148345129348, 4.82923217747787, 1.09085808596989, 3.50400920760227, 5.55631639875638, 50.9114643834702
47738.8987207808, -20.3682887542364, 317.999481201172, -20, 0.486694791025648, 567.559448242188, 28.6087074279785, -80.5988235473633, -188.333889913653, -62.353722449834, 14.4304487190568, 10.7634413656314, 3.67778923643757, 4.98829779598672, 1.29690700342876, 3.42297446558, 5.02262754396996, 47.0525827787033
47738.9787207808, -20.3739691399722, 316.629791259766, -20, 0.491707034396875, 568.301147460938, 28.6087093353271, -80.5988159179688, -187.485539948408, -62.1416349585228, 14.1504932304921, 10.929460233358, 3.15137627907751, 4.81226517817297, 1.5129598686828, 2.88008172167007, 4.26821690050042, 47.5730534734135
47739.0587207808, -20.3778493033857, 314.689910888672, -20, 0.493296251754923, 570.925964355469, 28.6087112426758, -80.5988082885742, -186.637189983163, -61.9295474672116, 14.2947127246176, 11.0950080848922, 2.71736506551286, 4.74227630603179, 1.73831256877409, 2.45832624468999, 3.66372876158855, 47.8632723466552
47739.1187207808, -20.3818213760185, 313.733917236328, -20, 0.49859487625065, 579.526611328125, 28.6087112426758, -80.5987930297852, -184.940490052674, -61.9295474672116, 13.5227142561431, 11.222620154814, 2.33806048575842, 4.95436379737693, 1.91085968547086, 2.47227488044619, 3.4022457989319, 43.4027281331624
47739.1987207808, -20.3816029551641, 311.913909912109, -20, 0.493097088434628, 575.101440429688, 28.6087131500244, -80.5987854003906, -184.092140087429, -61.7174599759004, 14.0911087329589, 11.397840429509, 2.45496260708878, 4.77833117956319, 2.14722400338342, 1.93224222593114, 3.12379835753086, 51.7913219777371
47739.2787207808, -20.3803076869296, 310.544250488281, -20, 0.492495099015951, 574.849975585938, 28.608715057373, -80.5987777709961, -183.243790122184, -61.5053724845892, 13.8111532443942, 11.5772714492825, 1.87390531442538, 4.76136418025829, 2.38687728854667, 1.60153021969836, 2.46485405793131, 49.4798364169893
47739.3587207808, -20.3815325166605, 308.641296386719, -20, 0.497906249378322, 577.947326660156, 28.6087169647217, -80.5987701416016, -182.39544015694, -61.293284993278, 13.9553727385198, 11.7531716469577, 1.42394046230348, 4.6913753081171, 2.63361860377195, 1.1699399747481, 1.84284675518936, 50.5918024441996
47739.4187207808, -20.3835237159518, 307.234893798828, -20, 0.502039168422789, 581.277221679688, 28.6087188720703, -80.598762512207, -181.547090191695, -61.0811975019669, 13.8875047413002, 11.8821804209962, 1.9807287678403, 4.7274301816485, 2.82457278480839, 0.926220573995706, 2.18651074025479, 64.9350326827212
47739.4987207807, -20.3835513927667, 305.865264892578, -20, 0.500305910615246, 579.399841308594, 28.6087207794189, -80.5987548828125, -180.69874022645, -60.8691100106557, 13.8196367440806, 12.0541670254287, 1.37198189362564, 4.7104631823436, 3.08437346068842, 0.556436976808806, 1.4805057395029, 67.9223263001457
47739.5787207807, -20.3829002819549, 304.118865966797, -20, 0.50059836072225, 579.432312011719, 28.6087245941162, -80.5987396240234, -179.002040295961, -60.4449350280333, 12.6234632929157, 12.2206759840206, -0.221832424424193, 4.51746356522497, 3.35151463815843, -0.0498529794897333, 0.227365194503185, -102.66582957611
47739.6587207807, -20.3828102235278, 302.335723876953, -20, 0.502776882040748, 581.162475585938, 28.6087265014648, -80.5987319946289, -178.153690330716, -60.2328475367221, 13.6160327524219, 12.3750047860057, 0.490330150921023, 4.60654031159263, 3.62878961256817, -0.350912129641183, 0.602959346458492, 125.590134149591
47739.7187207807, -20.3830277058134, 301.462585449219, -20, 0.504531498039403, 582.06005859375, 28.6087303161621, -80.5987243652344, -177.305340365471, -59.8086725540997, 13.5481647552023, 12.4990355864435, 0.873947913733029, 4.46656256731028, 3.83428439495642, -0.740485310548119, 1.1454522799283, 130.274504944137
47739.7987207807, -20.3833742857562, 299.679504394531, -20, 0.506343697600261, 584.367065429688, 28.6087322235107, -80.5987167358398, -176.456990400227, -59.5965850627886, 13.4802967579827, 12.6697440493836, 0.238222134885725, 4.60866118651424, 4.10742647479521, -0.890954250448033, 0.9222497968187, 165.029969795273
47739.8787207807, -20.3810284925872, 297.933074951172, -20, 0.503094869278706, 582.335021972656, 28.6087341308594, -80.5987014770508, -174.760290469737, -59.3844975714774, 12.2841233068179, 12.8241639703585, -1.26075787945474, 4.59169418720934, 4.39247043259756, -1.34247210471407, 1.84158922858309, -136.797589772246
47739.9587207807, -20.3803704418438, 296.563507080078, -20, 0.506331198632237, 583.594604492188, 28.6087379455566, -80.5986938476563, -173.911940504492, -58.960322588855, 13.276692766324, 12.9653290996279, -0.492387750393996, 4.29265082441813, 4.68533477824725, -2.11172841087055, 2.16834793963406, -166.872242018338
47740.0187207807, -20.3793051064848, 295.313629150391, -20, 0.505876917233414, 582.874572753906, 28.6087417602539, -80.5986862182617, -173.063590539248, -58.5361476062326, 13.2088247691044, 13.0816659249869, -0.174206707824343, 4.3647605714809, 4.89965175525954, -2.22938519926183, 2.23617777169046, -175.530805404757
47740.0987207806, -20.377411174489, 293.530548095703, -20, 0.505658346670635, 582.967468261719, 28.6087455749512, -80.5986785888672, -172.215240574003, -58.1119726236103, 13.1409567718848, 13.2416159923895, -0.774768228127741, 4.33082657287112, 5.18315501962687, -2.59409649022112, 2.70724808441696, -163.36601729318
47740.1787207806, -20.3743623116247, 291.784149169922, -20, 0.503882814612215, 582.197082519531, 28.6087493896484, -80.5986633300781, -170.518540643513, -57.6877976409879, 11.94478332072, 13.3816510508304, -2.23000536660093, 4.29689257426134, 5.47716976323018, -3.06741529691027, 3.79172890536316, -143.976777567524
47740.2587207806, -20.3728621497325, 290.534210205078, -20, 0.506410042291299, 582.738037109375, 28.6087532043457, -80.5986557006836, -169.670190678269, -57.2636226583655, 12.9373527802261, 13.5101599612003, -1.42830255737666, 4.15691482997896, 5.77544563664857, -3.62657293641454, 3.89735220935198, -158.492291980663
47740.3187207806, -20.3702198066141, 289.284454345703, -20, 0.503406593007204, 581.659057617188, 28.608757019043, -80.5986404418945, -167.973490747779, -56.8394476757432, 12.1653543117515, 13.6178079599071, -2.00731116743718, 4.22902457704176, 5.99216602554698, -3.73129842982121, 4.23629411744895, -151.709254771479
47740.3987207806, -20.3666938155079, 287.538055419922, -20, 0.502754189919896, 579.756286621094, 28.6087608337402, -80.5986328125, -167.125140782534, -56.4152726931208, 12.7337487885673, 13.7678884264231, -1.82440517540816, 4.19509057843196, 6.27511518446145, -4.06813704140216, 4.45786918658437, -155.831209108978
47740.4787207806, -20.3635121970594, 285.911468505859, -20, 0.502729733461149, 581.947143554688, 28.6087646484375, -80.5986251831055, -166.27679081729, -55.9910977104984, 12.4537933000027, 13.9104291890979, -2.63207878635527, 4.16115657982217, 6.5583406889744, -4.45271878442533, 5.17113031164074, -149.395491526125
47740.5587207806, -20.3604980481585, 284.661529541016, -20, 0.502572573247462, 579.471008300781, 28.6087684631348, -80.5986099243164, -164.5800908868, -55.566922727876, 11.8938823228732, 14.0516832178524, -3.10920062298282, 4.02117883553982, 6.8395186416057, -4.94500365345135, 5.83919258841726, -147.820735075727
47740.6187207806, -20.3548253693209, 283.034851074219, -20, 0.494546663448519, 575.856079101563, 28.608772277832, -80.5986022949219, -163.731740921555, -55.1427477452537, 12.462276799689, 14.1578986058455, -2.29315240808823, 4.09328858260259, 7.04702270087205, -5.07545501648976, 5.56821589752974, -155.663576207944
47740.6987207806, -20.3497048606857, 281.371429443359, -20, 0.495927006645887, 576.765563964844, 28.6087779998779, -80.5985946655273, -162.883390956311, -54.5064852713201, 12.3944088024695, 14.304284146785, -2.85306070130012, 3.88332196617906, 7.31568646568216, -5.59249500897189, 6.27615206344465, -152.94393345752
47740.7787207805, -20.3458792947418, 279.625091552734, -20, 0.496633862622452, 577.53271484375, 28.6087837219238, -80.5985794067383, -161.186691025821, -53.8702227973866, 11.1982353513046, 14.4439705377371, -4.75701230547518, 3.83242096826438, 7.58267156881773, -5.96436856815114, 7.62371448560915, -141.406756488884
47740.8587207805, -20.3405637543492, 278.494842529297, -20, 0.492944325343079, 574.161743164063, 28.6087894439697, -80.5985641479492, -159.489991095332, -53.233960323453, 11.4866743395557, 14.5380302609335, -3.83478228648741, 3.62245435184083, 7.78570595433305, -5.98366998953057, 7.10326293075746, -147.317318150318
47740.9187207805, -20.3332037296571, 276.904907226563, -20, 0.483905639386187, 573.697021484375, 28.608793258667, -80.5985565185547, -158.641641130087, -52.8097853408306, 12.0550688163716, 14.671135752241, -3.6073716183061, 3.90665159024875, 8.04578680191715, -7.03526438631729, 7.9020625255164, -152.810123712517
47740.9987207805, -20.3266285746736, 275.278198242188, -20, 0.485314824786077, 571.584533691406, 28.6087989807129, -80.5985488891602, -157.793291164842, -52.1735228668971, 11.987200819152, 14.8204142682397, -3.99151169013008, 3.69668497382521, 8.28839995197831, -6.80082362757356, 7.88089149234282, -149.552109492667
47741.0787207805, -20.3218640936646, 273.651428222656, -20, 0.48600693502368, 570.734252929688, 28.6088047027588, -80.5985336303711, -156.096591234353, -51.5372603929635, 10.7910273679872, 14.9512841539576, -5.77556983567915, 3.64578397591052, 8.53279762432698, -7.17247555996609, 9.19929709718644, -141.131838787949
47741.1587207805, -20.3177385878402, 272.401458740234, -20, 0.48560130486094, 570.516296386719, 28.6088104248047, -80.5985260009766, -155.248241269108, -50.90099791903, 11.7835968274933, 15.0356379346337, -4.0122671517527, 3.435817359487, 8.71871602488316, -7.21316936075944, 8.24881409259955, -150.870900965166
47741.2187207805, -20.3091807163829, 270.894439697266, -20, 0.472287887319132, 570.424255371094, 28.608814239502, -80.5985107421875, -153.551541338619, -50.4768229364076, 11.0115983590187, 15.1534458687634, -5.33425446382659, 3.7200145978949, 8.95678127139136, -8.14721749155201, 9.72827197948477, -146.735273758974
47741.2987207805, -20.2991261348062, 269.267669677734, -20, 0.46914653503707, 567.643005371094, 28.6088199615479, -80.598503112793, -152.703191373374, -49.840560462474, 11.5799928358345, 15.2746324922485, -4.82590092172462, 3.51004798147137, 9.18357032133306, -7.99612851843335, 9.33144810291446, -148.835391209754
47741.3787207804, -20.2888904146178, 267.677612304688, -20, 0.463934241317641, 565.971374511719, 28.6088275909424, -80.5984878540039, -151.006491442884, -48.9922104972293, 10.3838193846697, 15.3742742444911, -6.47139128503082, 3.28311436574294, 9.41250708312988, -8.56418432455281, 10.7196799759551, -142.879967719942
47741.4587207804, -20.281679030095, 266.547271728516, -20, 0.464514546306842, 562.939270019531, 28.6088333129883, -80.5984802246094, -150.15814147764, -48.3559480232957, 11.3763888441758, 15.4455692630734, -4.90741241712388, 3.23221336782826, 9.57876575648265, -8.77414488154909, 10.0438873254986, -150.715874952948
47741.5187207804, -20.2718192848378, 264.920379638672, -20, 0.451995478897165, 558.332458496094, 28.6088390350342, -80.5984649658203, -148.46144154715, -47.7196855493622, 10.6043903757012, 15.5415966299894, -6.13848579712766, 3.34037798842242, 9.78963572455572, -8.82148873171925, 10.7331836338159, -145.112818829458
47741.5987207804, -20.2666968446636, 263.036437988281, -20, 0.460018660716953, 555.968811035156, 28.6088447570801, -80.5984573364258, -147.613091581905, -47.0834230754286, 11.172784852517, 15.6297833297736, -5.50699705997306, 3.28947699050774, 9.99234181807679, -9.06995047415356, 10.5989205372077, -148.668014234077
47741.6787207804, -20.2621461012133, 261.529266357422, -20, 0.459051419956454, 556.651916503906, 28.6088523864746, -80.5984420776367, -145.916391651416, -46.2350731101839, 9.9766114013522, 15.6966422976303, -7.0332574115231, 3.06254337477931, 10.1949095650394, -9.5900204031452, 11.8731602312937, -143.684862104217
47741.7587207804, -20.2562616377537, 260.315887451172, -20, 0.454878638419648, 555.247497558594, 28.6088581085205, -80.5984344482422, -145.068041686171, -45.5988106362503, 10.9691808608583, 15.7456143488426, -5.60346237383693, 3.01164237686463, 10.3402193290103, -9.76371000105793, 11.2438475993704, -150.06772592519
47741.8187207804, -20.2476099771841, 258.808624267578, -20, 0.443366617050105, 553.10400390625, 28.6088638305664, -80.5984191894531, -143.371341755682, -44.9625481623168, 10.1971823923837, 15.8087400561316, -6.71625305147561, 3.11980699745878, 10.5243308288901, -9.78850848464214, 11.8525458133356, -145.475618242937
47741.8987207804, -20.2389836549291, 257.301330566406, -20, 0.442783289781147, 547.92626953125, 28.6088714599609, -80.5984115600586, -142.522991790437, -44.114198197072, 10.7655768691996, 15.8658794839211, -6.06193013848189, 2.89287338173036, 10.6986418968911, -10.2027434808266, 11.8513058602597, -149.197236141809
47741.9787207803, -20.2318155644653, 255.711074829102, -20, 0.441232487499811, 545.862182617188, 28.6088790893555, -80.5983963012695, -140.826291859947, -43.2658482318273, 9.5694034180347, 15.9050978074621, -7.51183921174466, 2.82500538451078, 10.8684552342328, -10.4606628622279, 12.8539533410552, -144.244542606523
47742.0587207803, -20.2296991872897, 254.166961669922, -20, 0.447196099554835, 549.229125976563, 28.60888671875, -80.5983810424805, -139.129591929458, -42.4174982665825, 9.85784240628584, 15.9352092550917, -7.04036067826296, 2.54504989594606, 10.9858780991003, -10.8432100018648, 12.9053523945461, -146.914266859931
47742.1187207803, -20.2232844509623, 252.696441650391, -20, 0.435971355366995, 550.314331054688, 28.6088905334473, -80.5983734130859, -138.281241964213, -41.9933232839602, 10.4262368831016, 15.9755756295408, -6.48807837757754, 3.04133462569912, 11.1314719261811, -10.3465780829152, 12.1937639942783, -147.823976699228
47742.1987207803, -20.2101537617593, 251.18896484375, -20, 0.423211422599669, 545.495971679688, 28.6088981628418, -80.5983581542969, -136.584542033724, -41.1449733187154, 9.23006343193683, 16.0179292312499, -7.9946453381173, 2.65533539146183, 11.2628285360139, -10.8675119609363, 13.4628329577135, -143.584667118726
47742.2787207803, -20.1988567332134, 249.71826171875, -20, 0.419520708226721, 545.12451171875, 28.6089057922363, -80.5983505249023, -135.736192068479, -40.2966233534707, 10.2226328914429, 16.0440661012058, -6.7821357773139, 2.58746739424225, 11.3873692611824, -11.0543232143043, 12.9469203288089, -148.370663830011
47742.3387207803, -20.1920603509577, 248.174102783203, -20, 0.421836928140566, 541.313659667969, 28.6089134216309, -80.5983352661133, -134.039492137989, -39.448273388226, 9.45063442296834, 16.0650950683467, -7.63540882254992, 2.30751190567754, 11.4698405727888, -11.3853904489915, 13.6805081071718, -146.056695635206
47742.4187207803, -20.1838777869107, 246.70329284668, -20, 0.412336894146999, 539.625671386719, 28.6089191436768, -80.5983276367188, -133.191142172745, -38.8120109142924, 10.0190288997842, 16.0876412345576, -6.9966247327167, 2.62776401761684, 11.5688857659374, -11.045220876377, 13.0514809289404, -147.551381067687
47742.4987207803, -20.1783172687899, 245.076034545898, -20, 0.416400811444415, 533.286254882813, 28.6089267730713, -80.5983123779297, -131.494442242255, -37.9636609490477, 8.82285544861933, 16.0921590481194, -8.3080570483784, 2.40083040188841, 11.6618269047537, -11.3906989715329, 14.0662293455703, -143.809727972372
47742.5787207803, -20.1763051198392, 243.568344116211, -20, 0.420334204016625, 535.809875488281, 28.6089344024658, -80.5983047485352, -130.646092277011, -37.1153109838029, 9.81542490812543, 16.0914817480999, -7.07926996913617, 2.33296240466883, 11.740700519037, -11.468808661812, 13.4527998315259, -148.20835589962
47742.6387207802, -20.1757288268875, 242.474411010742, -20, 0.422486163552215, 537.708435058594, 28.6089420318604, -80.5982894897461, -128.949392346521, -36.2669610185582, 9.04342643965091, 16.0932821847868, -8.03374481527456, 2.05300691610411, 11.788058132907, -11.7494494470198, 14.201485599143, -145.537535592249
47742.7187207802, -20.1715433625946, 240.553176879883, -20, 0.414234107431214, 532.989807128906, 28.6089477539063, -80.5982818603516, -128.101042381276, -35.6306985446246, 9.61182091646667, 16.0884761811595, -7.30153726058917, 2.37325902804342, 11.8406567965565, -11.3567530659438, 13.4754411713845, -147.161648247822
47742.7987207802, -20.1667751165223, 239.082168579102, -20, 0.413055726484972, 532.145263671875, 28.6089553833008, -80.5982666015625, -126.404342450787, -34.7823485793799, 8.41564746530188, 16.0641372055817, -8.56736013343263, 2.14632541231499, 11.8811679488345, -11.5948183262791, 14.3816990966744, -143.454385754674
47742.8787207802, -20.1655567247707, 237.574371337891, -20, 0.417424236234811, 533.738403320313, 28.6089630126953, -80.5982513427734, -124.707642520297, -33.9339986141351, 8.70408645355297, 16.0272676345304, -7.99523037726844, 2.07845741509541, 11.8925915980188, -11.4796633360706, 13.9587824626423, -145.051168393687
47742.9387207802, -20.1640866921121, 236.44352722168, -20, 0.41688401227396, 534.442504882813, 28.6089706420898, -80.5982437133789, -123.859292555053, -33.0856486488904, 9.27248093036882, 15.9938016563774, -7.39607576227032, 1.79850192653069, 11.8750507392843, -11.5395208648841, 13.6791823170314, -147.238823344458
47743.0187207802, -20.1601329212268, 234.558944702148, -20, 0.410240071186984, 530.481384277344, 28.6089763641357, -80.5982284545898, -122.162592624563, -32.4493861749568, 8.50048246189424, 15.9421558650392, -8.13010371464493, 2.11875403846999, 11.8204043618261, -10.8629647542361, 13.5391149091305, -143.115342765585
47743.0987207802, -20.1635322369, 233.051086425781, -20, 0.423772552273571, 532.304992675781, 28.6089839935303, -80.5982208251953, -121.314242659318, -31.6010362097121, 8.85678944736492, 15.8616704338018, -7.3952594201045, 1.89182042274157, 11.7292965747491, -10.7603651573534, 13.0318884862954, -145.417339493422
47743.1787207802, -20.1744934940899, 231.543350219727, -20, 0.440499707461298, 534.076721191406, 28.6089916229248, -80.5982055664063, -119.617542728829, -30.7526862444674, 8.29687847023551, 15.7639925619582, -7.5812814306862, 1.61186493417685, 11.6043385476104, -10.7004792894507, 13.0883735192709, -144.604036180833
47743.2387207801, -20.184121458513, 230.412536621094, -20, 0.445346355990219, 538.115844726563, 28.6089992523193, -80.5981979370117, -118.769192763584, -29.9043362792226, 8.86527294705132, 15.6796998662734, -7.14809186607555, 1.75608442830241, 11.4961673584156, -10.2589278307923, 12.4817086792703, -145.058417045689
47743.3187207801, -20.1950692796968, 228.423721313477, -20, 0.458711669651325, 542.913513183594, 28.6090049743652, -80.5981826782227, -117.072492833095, -29.2680738052891, 8.09327447857676, 15.5514202170004, -7.5966188137428, 1.86424904889657, 11.3387769192875, -9.84912497989283, 12.415461076521, -142.301657715882
47743.3987207801, -20.2045884877198, 227.1064453125, -20, 0.458894189803894, 547.853210449219, 28.6090126037598, -80.5981750488281, -116.22414286785, -28.4197238400443, 8.44958146404746, 15.4099139360499, -6.90561142241721, 1.63731543316814, 11.1673876674912, -9.81841117936838, 11.9841775750196, -144.813214313875
47743.4787207801, -20.2117608168351, 225.78923034668, -20, 0.461111031905143, 550.344970703125, 28.6090202331543, -80.5981597900391, -114.52744293736, -27.5713738747996, 7.88967048691804, 15.2657779547446, -7.02890437590115, 1.35735994460343, 10.9781827964861, -9.80139143463351, 12.0411551009583, -144.290031700356
47743.5387207801, -20.216426916239, 224.801345825195, -20, 0.461643612072631, 551.572998046875, 28.6090278625488, -80.5981521606445, -113.679092972116, -26.7230239095548, 8.45806496373383, 15.1517821574137, -6.80178235384366, 1.50157943872898, 10.8280033442978, -9.37095056404133, 11.56137158209, -143.968912922888
47743.6187207801, -20.2228876700058, 222.978881835938, -20, 0.471124026033216, 555.909362792969, 28.6090316772461, -80.5981369018555, -111.982393041626, -26.2988489269325, 7.68606649525931, 14.9884279149015, -7.16780897521453, 1.7857766771369, 10.6194213235238, -8.72411173480645, 11.2733992083397, -140.557827301284
47743.6987207801, -20.2299419009576, 221.66178894043, -20, 0.474326197952739, 558.327758789063, 28.6090393066406, -80.5981292724609, -111.134043076381, -25.4504989616877, 8.04237348072997, 14.8171432521751, -6.48064066157855, 1.39977744289961, 10.3992479522989, -8.84336721843262, 10.9484942338508, -143.714816600919
47743.7787207801, -20.2365201484378, 220.225036621094, -20, 0.478624247694864, 560.484680175781, 28.6090469360352, -80.5981140136719, -109.437343145892, -24.602148996443, 7.48246250360055, 14.6510792672612, -6.58155334354357, 1.1198219543349, 10.1610391264831, -8.76543027801351, 10.9458142593058, -143.051940421064
47743.83872078, -20.2423874940293, 219.237243652344, -20, 0.482225577664722, 561.491577148438, 28.6090526580811, -80.5981063842773, -108.588993180647, -23.9658865225094, 8.05085698041638, 14.5232984880707, -6.45360499486374, 1.4400740662742, 9.97447688854052, -8.0833175140289, 10.3301556473546, -141.362991771263
47743.91872078, -20.2521750477279, 217.744125366211, -20, 0.497833042536694, 565.140380859375, 28.609058380127, -80.5980987548828, -107.740643215402, -23.3296240485759, 7.98298898319679, 14.3430568811204, -5.93038850924301, 1.38917306835951, 9.71870038983933, -7.79142917409924, 9.78052487748472, -142.68785103062
47743.99872078, -20.261250615445, 216.307479858398, -20, 0.499355255776331, 568.840576171875, 28.6090641021729, -80.5980834960938, -106.043943284913, -22.6933615746423, 6.78681553203199, 14.1577044904436, -7.11093961503965, 1.33827207044483, 9.45128973683429, -7.45085184483003, 10.28566991704, -136.329999059595
47744.07872078, -20.2690985161989, 214.934127807617, -20, 0.503605806589082, 572.385131835938, 28.6090698242188, -80.5980758666992, -105.195593319668, -22.0570991007088, 7.77938499153805, 13.9648264787134, -5.15347672713473, 1.1283054540213, 9.17327783014556, -7.29612407177124, 8.92457063958572, -144.728660643136
47744.13872078, -20.2746678150638, 213.826843261719, -20, 0.505197804806531, 574.386108398438, 28.6090755462646, -80.5980606079102, -103.498893389179, -21.4208366267752, 7.00738652306349, 13.8249405824718, -6.79710175269219, 1.23647007461546, 8.95295783510361, -6.78846177539051, 9.59516629635485, -134.963732630275
47744.21872078, -20.2810762092475, 212.333831787109, -20, 0.513605103336677, 578.39697265625, 28.6090812683105, -80.5980529785156, -102.650543423934, -20.7845741528416, 7.57578099987932, 13.6349094987596, -5.51574947676814, 1.18556907670078, 8.64974261819743, -6.42074187504478, 8.457060901526, -139.320171821803
47744.29872078, -20.2893490211279, 210.840911865234, -20, 0.5193865444268, 580.837463378906, 28.6090869903564, -80.5980453491211, -101.802193458689, -20.1483116789081, 7.2958255113146, 13.4340498402543, -5.5343607413392, 1.13466807878609, 8.33969275066319, -6.06426737151923, 8.20304562906228, -137.606945539615
47744.37872078, -20.2968678618922, 209.404342651367, -20, 0.524142856437357, 584.004638671875, 28.6090927124023, -80.598030090332, -100.1054935282, -19.5120492049745, 6.73591453418518, 13.2330393694542, -5.46528235454428, 0.92470146236256, 8.01725559299066, -5.84207208927204, 7.99346423932292, -136.902347565422
47744.43872078, -20.3020467830285, 208.360412597656, -20, 0.525533496715762, 586.390197753906, 28.6090965270996, -80.5980224609375, -99.2571435629551, -19.0878742223522, 7.30430901100101, 13.0758682254315, -5.43054198487148, 1.20889870077047, 7.77104283069463, -5.16566843448121, 7.48965424212606, -133.572154530607
47744.5187207799, -20.3094742989761, 206.747848510742, -20, 0.536823971007573, 590.35986328125, 28.6091003417969, -80.598014831543, -98.4087935977103, -18.6636992397298, 7.23644101378142, 12.8605953778333, -4.82239271102276, 1.17496470216068, 7.43560225833803, -4.7551923863064, 6.76859528008062, -134.598931999386
47744.5987207799, -20.3170509311705, 205.255004882813, -20, 0.539729751045176, 593.885314941406, 28.6091060638428, -80.5980072021484, -97.5604436324656, -18.0274367657962, 6.95648552521672, 12.6404760420093, -4.86239462502461, 0.964998085737149, 7.09164704580093, -4.53544758877347, 6.64558043764735, -133.011967295445
47744.6787207799, -20.3224457772766, 203.76220703125, -20, 0.541529209207082, 595.928527832031, 28.60910987854, -80.5979919433594, -95.8637437019761, -17.6032617831739, 6.39657454808729, 12.413464017977, -4.64625828067976, 0.984085959963635, 6.74016095506417, -4.03888210430639, 6.15341368848913, -131.007259417303
47744.7387207799, -20.3280367598649, 202.598617553711, -20, 0.546441116401955, 597.572631835938, 28.6091156005859, -80.5979843139648, -95.0153937367314, -16.9669993092403, 6.9649690249031, 12.239310210686, -4.72338649849499, 0.880163089212678, 6.47218904114921, -3.80180500944935, 6.06063806640389, -128.841396755288
47744.8187207799, -20.335158200806, 201.371795654297, -20, 0.556599795569476, 600.224975585938, 28.6091175079346, -80.5979766845703, -94.1670437714866, -16.7549118179291, 6.89710102768353, 12.0037764678707, -4.06592342762552, 1.18132732692547, 6.10862698067556, -2.96107897693762, 5.02841887287021, -126.075376489377
47744.8987207799, -20.3416587913456, 199.822677612305, -20, 0.558123454997152, 603.283447265625, 28.6091213226318, -80.5979690551758, -93.3186938062419, -16.3307368353067, 6.61714553911882, 11.7654850741434, -4.09935663121477, 0.988327709806837, 5.7375437381125, -2.69476913354679, 4.90449878877532, -123.332221974396
47744.9787207799, -20.3449512211984, 198.210250854492, -20, 0.557468516934297, 605.446838378906, 28.6091251373291, -80.5979614257813, -92.4703438409972, -15.9065618526844, 6.76136503324437, 11.5229192833467, -2.99959876674266, 0.848349965524486, 5.35956794441804, -2.36108631514104, 3.81670364661037, -128.212327930237
47745.0387207799, -20.349892575017, 196.990325927734, -20, 0.565603059332726, 611.848205566406, 28.6091289520264, -80.5979461669922, -90.7736439105077, -15.482386870062, 5.98936656476979, 11.3393680491297, -4.75903910054613, 0.920459712587258, 5.07246619802794, -1.89632471569011, 5.12213103427061, -111.74476823235
47745.1187207798, -20.352542343895, 195.635665893555, -20, 0.563679711433708, 613.401062011719, 28.609130859375, -80.5979461669922, -90.7736439105077, -15.2702993787508, 7.26189151284061, 11.0885813723223, -2.42986068307063, 1.06255833179121, 4.68334211787703, -1.21434096625425, 2.71624055222704, -116.559085493867
47745.1987207798, -20.3494239045802, 193.995895385742, -20, 0.555996083221053, 609.009887695313, 28.6091346740723, -80.5979309082031, -89.0769439800182, -14.8461243961285, 5.42945558764039, 10.8376062891141, -4.33052716601557, 0.869558714672574, 4.28623110891183, -0.912238667836565, 4.42538807870805, -101.906131320009
47745.2787207798, -20.3501256361157, 192.357727050781, -20, 0.562592838250032, 613.254699707031, 28.6091384887695, -80.5979232788086, -88.2285940147734, -14.4219494135061, 6.42202504714648, 10.5774257514804, -2.11022815747935, 0.729580970390221, 3.89321008899072, -0.641792558200172, 2.20562333643971, -106.919583226872
47745.3387207798, -20.3555827735063, 191.129837036133, -20, 0.575151933571148, 614.254943847656, 28.6091403961182, -80.5979156494141, -87.3802440495287, -14.2098619221949, 6.3541570499269, 10.387992327571, -3.14863141087849, 0.977723335266741, 3.59218039049707, 0.078284579149436, 3.14960347765399, -88.5750292431897
47745.4187207798, -20.3578320463032, 189.493408203125, -20, 0.571649187445003, 617.423461914063, 28.6091423034668, -80.5979080200195, -86.531894084284, -13.9977744308837, 6.28628905270731, 10.1342099895012, -2.44599568232702, 0.960756335961846, 3.18754247561523, 0.566195625611507, 2.51063290612314, -76.9631815702832
47745.4987207798, -20.3590775343976, 187.858383178711, -20, 0.572578059560671, 619.175170898438, 28.6091442108154, -80.597900390625, -85.6835441190392, -13.7856869395725, 6.00633356414259, 9.86336690891021, -2.33206062964135, 0.943789336656952, 2.78632494674155, 1.00016933754091, 2.53737916037415, -66.7818975486121
47745.5787207798, -20.357651007708, 186.22509765625, -20, 0.569812729096931, 615.932556152344, 28.6091461181641, -80.5978927612305, -84.8351941537945, -13.5735994482613, 6.15055305826817, 9.59698486836653, -1.20890934601841, 0.873800464515772, 2.37891699392881, 1.45029632067387, 1.88799075019576, -39.8141611417298
47745.6387207798, -20.3564660991766, 185.001205444336, -20, 0.569979493085088, 616.824340820313, 28.6091480255127, -80.5978851318359, -83.9868441885497, -13.3615119569502, 6.08268506104857, 9.39848226301307, -2.22985131949293, 0.909855338047161, 2.07340914888005, 1.85899225507554, 2.90281656908048, -50.1803903864655
47745.7187207797, -20.3569293965416, 183.371002197266, -20, 0.574239158349098, 619.839965820313, 28.6091480255127, -80.5978775024414, -83.138494223305, -13.3615119569502, 6.014817063829, 9.13337913832765, -1.49616012112332, 1.06892095655601, 1.66499612399089, 2.54750900320174, 2.95411947443498, -30.4312523601243
47745.7987207797, -20.3551603485732, 181.741912841797, -20, 0.571807939294793, 618.494567871094, 28.6091499328613, -80.5978698730469, -82.2901442580602, -13.149424465639, 5.73486157526426, 8.86764298571891, -1.51098183997293, 0.892888338742266, 1.25508963857049, 2.83906883727593, 3.21582167492208, -28.02934158183
47745.8787207797, -20.3530157719876, 180.114990234375, -20, 0.571463845659633, 616.9833984375, 28.6091499328613, -80.5978698730469, -82.2901442580602, -13.149424465639, 6.58321154064482, 8.60410298085657, 0.464452493615341, 1.05195395725112, 0.845384149592571, 3.52025194878739, 3.55072082803853, 7.52063387884746
47745.9387207797, -20.3508038076301, 178.896011352539, -20, 0.570183191937365, 617.552856445313, 28.60915184021, -80.5978622436523, -81.4417942928155, -12.9373369743278, 5.87908106938985, 8.40694063953423, -1.3026140388506, 0.875921339437371, 0.539280225930568, 3.6647875697571, 3.88910742441134, -19.5780502132777
47746.0187207797, -20.3486714121734, 177.271926879883, -20, 0.571319553253436, 618.603149414063, 28.60915184021, -80.5978546142578, -80.5934443275708, -12.9373369743278, 5.81121307217025, 8.142519847398, -0.564177349185603, 1.03498695794622, 0.133524041251168, 4.32542705238885, 4.36199614363243, -7.43815901011596
47746.0987207797, -20.3448435707933, 175.649627685547, -20, 0.568282915303692, 614.9638671875, 28.60915184021, -80.5978469848633, -79.745094362326, -12.9373369743278, 5.53125758360556, 7.87394810113309, -0.548579836389016, 1.03498695794622, -0.26837823901053, 4.77984819772289, 4.81115268554499, -6.55458553423238
47746.1787207797, -20.3407380558457, 174.029266357422, -20, 0.566835466598953, 613.875793457031, 28.60915184021, -80.5978393554688, -78.8967443970813, -12.9373369743278, 5.67547707773109, 7.61223891593275, 0.540176276812396, 1.03498695794622, -0.669666817372504, 5.25815545052863, 5.28575155695907, 5.87358146420553
47746.2387207797, -20.336766765256, 172.815567016602, -20, 0.563976068575407, 614.79931640625, 28.6091499328613, -80.5978317260742, -78.0483944318366, -13.149424465639, 5.60760908051152, 7.41843765098233, -0.473734829828263, 1.21101957575997, -0.969174872463895, 5.81552858788029, 5.83472589049063, -4.6649675051925
47746.3187207797, -20.3301460231611, 171.198471069336, -20, 0.559667097441702, 611.916198730469, 28.6091499328613, -80.5978317260742, -78.0483944318366, -13.149424465639, 6.24387155454692, 7.15729422217609, 1.10748774444722, 1.05195395725112, -1.36260513618008, 6.05434423635395, 6.15443292846033, 10.3844558538513
47746.3987207796, -20.3249414895382, 169.58349609375, -20, 0.559614403816067, 610.707946777344, 28.6091499328613, -80.5978240966797, -77.2000444665918, -13.149424465639, 5.3276535919468, 6.89635355282997, 0.318379336622832, 1.05195395725112, -1.74952220871623, 6.47203697047156, 6.47982997107873, 2.8222585637006
47746.4787207796, -20.3202082469303, 167.970230102539, -20, 0.558644405007711, 609.244445800781, 28.6091480255127, -80.5978164672852, -76.3516945013471, -13.3615119569502, 5.47187308607237, 6.62974779291657, 1.51967749579713, 1.28100844790115, -2.12739327903559, 7.13522934837919, 7.29444761841798, 12.0521885012321
47746.5387207796, -20.3127052508323, 166.761627197266, -20, 0.548492282863414, 609.017700195313, 28.6091461181641, -80.5978164672852, -76.3516945013471, -13.5735994482613, 6.10813556010777, 6.43162697148063, 1.34052721868031, 1.24495357436976, -2.40756727517327, 7.39807074199265, 7.51787641247832, 10.2975966846424
47746.6187207796, -20.3017432575334, 165.151947021484, -20, 0.54192456178677, 608.052062988281, 28.6091461181641, -80.5978088378906, -75.5033445361023, -13.5735994482613, 5.40400508885279, 6.17204578414626, 1.26740638973143, 1.08588795586091, -2.77796402958443, 7.63099488336623, 7.7349138590583, 9.4566604345416
47746.6987207796, -20.289908983389, 163.54426574707, -20, 0.534893282176634, 606.375305175781, 28.6091442108154, -80.5978012084961, -74.6549945708576, -13.7856869395725, 5.12404960028806, 5.90951317180003, 1.26800625500468, 1.26192057367465, -3.13753033947305, 8.19600482340711, 8.2928494959432, 8.82340581261004
47746.7787207796, -20.2809133131499, 162.34001159668, -20, 0.534167788167701, 602.914733886719, 28.6091423034668, -80.5978012084961, -74.6549945708576, -13.9977744308837, 5.97239956566861, 5.65806964005655, 3.13338777443427, 1.33190944581583, -3.49399669921128, 8.68836220044606, 9.23202961002165, 19.892524043919
47746.8387207796, -20.2673791384079, 160.736221313477, -20, 0.515537050631188, 599.648681640625, 28.6091384887695, -80.5977935791016, -73.8066446056128, -14.4219494135061, 5.26826909441363, 5.47962644669304, 1.32628258768589, 1.47188719009819, -3.75936317029508, 9.15808102189926, 9.25280861692302, 8.27432075637312
47746.9187207796, -20.252671786914, 159.134582519531, -20, 0.511896095419105, 595.270141601563, 28.6091365814209, -80.5977935791016, -73.8066446056128, -14.6340369048173, 5.90453156844903, 5.23930452487807, 2.84280650780138, 1.32978857089423, -4.10333063513033, 9.33076140743555, 9.75054232113195, 17.0086458728202
47746.9987207795, -20.2403875001427, 157.534606933594, -20, 0.50851590426042, 590.609680175781, 28.6091346740723, -80.597785949707, -72.9582946403681, -14.8461243961285, 4.9883136058489, 5.00147359814169, 2.60462902261323, 1.34675557019913, -4.43547076312206, 9.66561071491681, 10.0071792409967, 15.1449735820439
47747.0787207795, -20.2305649244238, 156.336074829102, -20, 0.506621757342723, 589.83251953125, 28.6091327667236, -80.597785949707, -72.9582946403681, -15.0582118874396, 5.83666357122945, 4.77618214428411, 3.20522374729814, 1.41674444234031, -4.76157666117711, 10.1006103715019, 10.5919365786044, 17.6829571787011
47747.1387207795, -20.2183841810645, 154.739318847656, -20, 0.491945444585267, 585.566162109375, 28.6091289520264, -80.5977783203125, -72.1099446751234, -15.482386870062, 5.13253309997447, 4.61013450215478, 2.11561368319268, 1.55672218662266, -4.99951489363807, 10.4916313750275, 10.7004676472004, 11.4604183603556
47747.2187207795, -20.2056673995992, 153.144134521484, -20, 0.489543307405713, 582.749206542969, 28.6091270446777, -80.5977783203125, -72.1099446751234, -15.6944743613732, 5.76879557400987, 4.39529570972793, 3.5039676301285, 1.41462356741871, -5.30792517449428, 10.6302781898043, 11.186570804774, 18.3307320312162
47747.2987207795, -20.1935550921919, 151.550415039063, -20, 0.483805735902524, 576.761962890625, 28.6091232299805, -80.597770690918, -71.2615947098786, -16.1186493439956, 4.85257761140974, 4.19442376485678, 3.04337580673536, 1.60762318453735, -5.60975212555229, 11.180468998369, 11.5821906590852, 15.3129010652925
47747.3787207795, -20.1834503388165, 150.355911254883, -20, 0.480986127772812, 574.468872070313, 28.6091194152832, -80.597770690918, -71.2615947098786, -16.5428243266179, 5.70092757679029, 4.05201871350398, 3.29291939018974, 1.74760092881971, -5.83122993964728, 11.0176602057965, 11.4933956241574, 16.7287209908463
47747.4387207795, -20.1711510998478, 148.779556274414, -20, 0.466252247794408, 571.263916015625, 28.6091156005859, -80.5977630615234, -70.4132447446339, -16.9669993092403, 4.99679710553532, 3.86728575258136, 2.98800530869764, 1.67549118175693, -6.11625037844087, 12.4669488632226, 12.8145080204306, 13.5751489054275
47747.5187207795, -20.1574540726739, 145.971908569336, -20, 0.462041295428382, 568.660461425781, 28.6091117858887, -80.5977630615234, -70.4132447446339, -17.3911742918627, 5.63305957957071, 3.69630678401688, 3.85508949935109, 1.70942518036671, -6.39321311267465, 12.0735231719622, 12.6653457706987, 17.8191609124852
47747.5987207794, -20.1442428777627, 144.382263183594, -20, 0.455298840321111, 565.103393554688, 28.6091079711914, -80.5977554321289, -69.5648947793891, -17.815349274485, 4.71684161697058, 3.53510090456372, 3.2795005743528, 1.7433591789765, -6.65943282901582, 12.3598572293011, 12.7809940190278, 14.9630423873964
47747.6787207794, -20.1348197959598, 143.190521240234, -20, 0.454919411809287, 561.965698242188, 28.6091041564941, -80.5977554321289, -69.5648947793891, -18.2395242571074, 5.56519158235113, 3.42057953233232, 3.68351336621023, 1.88333692325886, -6.85177612283726, 12.2115573964747, 12.7469320476109, 16.8950096770788
47747.7387207794, -20.1218136695471, 141.602127075195, -20, 0.437583151867688, 558.435913085938, 28.6091003417969, -80.5977554321289, -69.5648947793891, -18.6636992397298, 5.56519158235113, 3.2674054839942, 4.15905552394116, 1.81122717619608, -7.09390175235249, 13.3996011244221, 14.018931041236, 17.3779825395021
47747.8187207794, -20.1083657847999, 140.014282226563, -20, 0.434814905579818, 552.642822265625, 28.6090965270996, -80.5977478027344, -68.7165448141444, -19.0878742223522, 4.86106111109615, 3.12325305287143, 3.42080999310294, 1.84516117480588, -7.32378652625476, 13.0263983185994, 13.4605581413606, 14.8274867379688
47747.8987207794, -20.0979204660617, 138.426651000977, -20, 0.432692603712984, 550.623046875, 28.6090908050537, -80.5977478027344, -68.7165448141444, -19.7241366962857, 5.49732358513155, 2.98335892113684, 4.67150438280114, 2.05512779122941, -7.53769780956877, 13.4229248793327, 14.1984849597734, 19.3328772685887
47747.9787207794, -20.0907879677931, 137.235870361328, -20, 0.432917282210646, 546.694152832031, 28.6090869903564, -80.5977401733398, -67.8681948488996, -20.1483116789081, 4.79319311387656, 2.88605641540354, 3.27566400908029, 2.03603991700292, -7.6907614266706, 13.1351197151924, 13.5304348444307, 14.1140306308004
47748.0387207794, -20.0806408115997, 135.647994995117, -20, 0.41907460677476, 544.986206054688, 28.6090831756592, -80.5977401733398, -67.8681948488996, -20.5724866615305, 5.42945558791197, 2.7579791430714, 4.42581963540514, 1.96393016994014, -7.88030133450354, 14.0293643972036, 14.6975422626332, 17.6576282266941
47748.1187207794, -20.0707438423728, 134.059753417969, -20, 0.417960116064107, 542.230163574219, 28.6090774536133, -80.5977401733398, -67.8681948488996, -21.208749135464, 5.42945558791197, 2.63048015466484, 4.57672047239673, 2.17389678636368, -8.05188694494783, 13.8869006963342, 14.6075471474721, 18.3902233490003
47748.1987207794, -20.0613186530877, 132.470901489258, -20, 0.413140002032817, 539.733764648438, 28.609073638916, -80.5977401733398, -67.8681948488996, -21.6329241180864, 5.42945558791197, 2.51591979645501, 4.90530219280247, 2.04876516646461, -8.21190227797069, 13.8501926053624, 14.6771619181606, 19.6569660471851
47748.2787207793, -20.0547620439396, 131.278747558594, -20, 0.413010809891506, 536.757446289063, 28.6090679168701, -80.5977325439453, -67.0198448836549, -22.2691865920199, 4.72532511665699, 2.42607580015459, 3.69822421238928, 2.41779740139699, -8.31770335350709, 14.2843296360466, 14.745654132845, 14.6504378866601
47748.3387207793, -20.0466252698058, 129.688385009766, -20, 0.402903092431788, 533.693725585938, 28.6090641021729, -80.5977325439453, -67.0198448836549, -22.6933615746423, 5.36158759069239, 2.29837894121485, 4.90132244871901, 2.13360016298909, -8.43784806201324, 13.9389983171501, 14.7594914103685, 19.5288979854091
47748.4187207793, -20.0407753045244, 128.096694946289, -20, 0.405805048103297, 531.973022460938, 28.609058380127, -80.5977325439453, -67.0198448836549, -23.3296240485759, 5.36158759069239, 2.18025072646335, 4.97385654448847, 2.34356677941262, -8.54350615341725, 14.2178079966045, 15.0457692629942, 19.4433044794427
47748.4987207793, -20.0342345436933, 126.503479003906, -20, 0.401154035342088, 525.936889648438, 28.6090545654297, -80.5977249145508, -66.1714949184102, -23.7537990311982, 4.44536962809228, 2.07894942394805, 4.12442781904614, 2.21843515951356, -8.63794913172589, 14.105553385899, 14.6844256766644, 16.442230087724
47748.5787207793, -20.0335133777664, 125.307312011719, -20, 0.408129882928566, 528.240356445313, 28.6090488433838, -80.5977249145508, -66.1714949184102, -24.3900615051318, 5.29371959347281, 1.99875870703017, 4.82972995817804, 2.58746739444594, -8.69302622378317, 14.4637014576892, 15.2324360436215, 18.6286681333007
47748.6387207793, -20.0328169133288, 123.71028137207, -20, 0.40755113835166, 529.156005859375, 28.6090450286865, -80.5977249145508, -66.1714949184102, -24.8142364877542, 5.29371959347281, 1.90309923991177, 5.0632494415251, 2.30327015603804, -8.75121808371266, 14.0870066229856, 14.9519671028562, 19.9307175826952
47748.7187207793, -20.0223928281796, 122.111274719238, -20, 0.389516926199307, 526.523071289063, 28.6090393066406, -80.5977249145508, -66.1714949184102, -25.4504989616877, 5.29371959347281, 1.83079718402291, 4.97760166226921, 2.51323677246157, -8.78589649108076, 14.2132690639062, 15.0427043430875, 19.4624390098613
47748.7987207793, -20.0114498008765, 120.510368347168, -20, 0.382348231328331, 524.30908203125, 28.6090335845947, -80.5977172851563, -65.3231449531654, -26.0867614356213, 4.58958912221782, 1.77147827893386, 4.25644228110794, 2.56413777037625, -8.78406601497174, 14.0074156269776, 14.6274559994881, 17.0474573084656
47748.8787207792, -20.0060307889618, 119.30827331543, -20, 0.386025966571992, 521.016052246094, 28.6090278625488, -80.5977172851563, -65.3231449531654, -26.7230239095548, 5.22585159625323, 1.73446582780633, 4.75156963243333, 2.77410438679979, -8.75905875546094, 13.999942728829, 14.7690379964791, 18.9015819608063
47748.9387207792, -20.0033751824086, 117.70320892334, -20, 0.38679048215921, 515.410949707031, 28.6090240478516, -80.5977172851563, -65.3231449531654, -27.1471988921772, 5.22585159625323, 1.709999379462, 4.68964703133043, 2.48990714839188, -8.69457369710592, 13.3569062147964, 14.1421250195252, 19.4892666710664
47749.0187207792, -20.0105136710285, 116.095039367676, -20, 0.404464751714162, 517.378173828125, 28.6090183258057, -80.5977172851563, -65.3231449531654, -27.7834613661108, 5.22585159625323, 1.71745553008133, 4.44408687517388, 2.69987376481541, -8.5933791882428, 13.221146467375, 13.9354473482036, 18.7161982517641
47749.0987207792, -20.0218557524632, 115.705444335938, -20, 0.416611914604038, 521.625732421875, 28.6090145111084, -80.5977096557617, -64.4747949879207, -28.2076363487331, 4.52172112499826, 1.73865371514427, 3.41930160702862, 2.57474214491635, -8.46160888240255, 12.6923747599432, 13.1375827370619, 15.1871372902922
47749.1587207792, -20.0295273822185, 114.494606018066, -20, 0.416744937386211, 525.436218261719, 28.6090087890625, -80.5977096557617, -64.4747949879207, -28.8438988226667, 5.15798359903366, 1.76111464564016, 4.20210582635558, 2.94377437984873, -8.34678677384118, 12.8442574564421, 13.5031755820411, 18.2432009837814
47749.2387207792, -20.038474355851, 112.877639770508, -20, 0.427550630160917, 527.994689941406, 28.6090049743652, -80.5977096557617, -64.4747949879207, -29.2680738052891, 5.15798359903366, 1.80418098341308, 3.99856870851767, 2.65957714144083, -8.17817216784235, 12.1931649832039, 12.8226225372606, 18.2709256742839
47749.3187207792, -20.0467723437436, 111.257949829102, -20, 0.428177374415359, 532.332153320313, 28.6089992523193, -80.5977096557617, -64.4747949879207, -29.9043362792226, 5.15798359903366, 1.86596264794593, 3.78669937711671, 2.86954375786436, -7.99683174963685, 12.1407659299048, 12.7091295418458, 17.4331837553675
47749.3987207792, -20.0528156759316, 109.635581970215, -20, 0.429196316800857, 532.4384765625, 28.6089954376221, -80.5977020263672, -63.626445022676, -30.328511261845, 4.45385312777868, 1.93373570021121, 2.64755918065792, 2.7444121379653, -7.7970891394702, 11.6213336151159, 11.9150560746016, 12.9150406772557
47749.4587207791, -20.0582616660517, 108.417526245117, -20, 0.431950279951958, 535.878845214844, 28.6089897155762, -80.5977020263672, -63.626445022676, -30.9647737357785, 5.09011560181408, 1.98925201053485, 3.60829346325205, 3.11344437289768, -7.63696050621277, 11.7752514237113, 12.3082271308579, 17.1394552608821
47749.5387207791, -20.0662846572972, 106.791549682617, -20, 0.443527093097945, 539.325378417969, 28.6089878082275, -80.5977020263672, -63.626445022676, -31.1768612270897, 5.09011560181408, 2.07555563738603, 3.27623588500835, 2.65321451667603, -7.41311348689264, 10.8848459231236, 11.3615193636367, 16.8381107477622
47749.6187207791, -20.0754493996862, 105.163452148438, -20, 0.44741201204014, 541.332153320313, 28.6089820861816, -80.5977020263672, -63.626445022676, -31.8131237010233, 5.09011560181408, 2.17906322794428, 3.0253258904134, 3.02224675160842, -7.17957508611668, 10.9829146206499, 11.387037021487, 15.4839490023955
47749.6987207791, -20.0855699717103, 103.53337097168, -20, 0.455021422185434, 543.798217773438, 28.6089782714844, -80.5976943969727, -62.7780950574312, -32.2372986836456, 4.38598513055909, 2.28168940738043, 1.80852562180311, 2.89711513170935, -6.92738470175259, 10.3980979384662, 10.5524981047568, 9.91834437157855
47749.7587207791, -20.0929174035433, 102.309707641602, -20, 0.456335125660001, 546.56396484375, 28.6089744567871, -80.5976943969727, -62.7780950574312, -32.661473666268, 5.0222476045945, 2.36106042183051, 2.90990350910628, 3.03709287599172, -6.72790140742998, 10.2291452144751, 10.630746869425, 15.9534174672514
47749.8387207791, -20.1027933157943, 100.676780700684, -20, 0.469844616919444, 551.775573730469, 28.6089706420898, -80.5976943969727, -62.7780950574312, -33.0856486488904, 5.0222476045945, 2.47737482081965, 2.49528674445872, 2.96498312892893, -6.45150707142726, 9.74034893014875, 10.0519026778157, 14.431216322795
47749.9187207791, -20.1133579209558, 99.0422744750977, -20, 0.473382714399676, 554.509948730469, 28.6089668273926, -80.5976867675781, -61.9297450921865, -33.5098236315128, 4.10602964199438, 2.60590587975477, 1.15116306801648, 2.99891712753872, -6.1644212191809, 9.36371100462084, 9.43358049482964, 7.03921791922787
47749.9987207791, -20.1242849551977, 97.4065856933594, -20, 0.480889111116265, 557.388671875, 28.6089630126953, -80.5976867675781, -61.9297450921865, -33.9339986141351, 4.95437960737492, 2.72952100403188, 1.75001149170118, 3.13889487182108, -5.85779992996685, 9.02442032926204, 9.19115518793204, 11.0172842804536
47750.0587207791, -20.1323027154425, 96.178955078125, -20, 0.482592385627892, 559.54541015625, 28.608959197998, -80.5976867675781, -61.9297450921865, -34.3581735967575, 4.95437960737492, 2.82942119235479, 2.11873106287257, 3.0667851247583, -5.62089803145967, 8.58945964849342, 8.84500738266657, 13.9033129302772
47750.138720779, -20.1434408503863, 94.5411758422852, -20, 0.498246947080195, 564.707458496094, 28.6089572906494, -80.5976791381836, -61.0813951269417, -34.5702610880687, 4.25024913611993, 2.97681606110711, 0.741709298046134, 2.92468650555435, -5.29833813069307, 7.98826757355101, 8.02240501846199, 5.32167257888989
47750.218720779, -20.1536989752898, 92.9024887084961, -20, 0.499275715812079, 568.056274414063, 28.6089534759521, -80.5976791381836, -61.0813951269417, -34.9944360706911, 4.88651161015534, 3.11940046781863, 1.37161513306014, 3.11768612267298, -4.95745622067099, 7.67985386650233, 7.80065398861972, 10.1550133391831
47750.298720779, -20.1642992683464, 91.2632141113281, -20, 0.506720798910908, 572.126831054688, 28.6089515686035, -80.5976791381836, -61.0813951269417, -35.2065235620022, 4.88651161015534, 3.26758229399882, 0.782333087702013, 3.02860937630532, -4.60387347869975, 7.0595122271448, 7.10251065392344, 6.33940150279732
47750.358720779, -20.1721277483351, 90.0332412719727, -20, 0.508641631561909, 574.982360839844, 28.6089477539063, -80.5976715087891, -60.233045161697, -35.6306985446246, 4.18238113890036, 3.37817109998321, 0.457715540069139, 3.16858712058767, -4.32935885520397, 6.80929106948499, 6.82458505009545, 3.85459443343852
47750.438720779, -20.1829976529649, 88.3928833007813, -20, 0.524043475030238, 579.356994628906, 28.6089458465576, -80.5976715087891, -60.233045161697, -35.8427860359358, 4.81864361293576, 3.52201930745038, 0.800204448234458, 3.02648850138371, -3.94874199252167, 6.07813244043874, 6.13038475727682, 7.51371240241666
47750.518720779, -20.1944372954249, 86.7522430419922, -20, 0.527868055046077, 583.026794433594, 28.608943939209, -80.5976715087891, -60.233045161697, -36.054873527247, 4.81864361293576, 3.67102684510141, 0.583618520082237, 3.04345550068861, -3.55740797904371, 5.55379408323373, 5.58427899095987, 6.00812274065756
47750.598720779, -20.2047115008739, 85.1113739013672, -20, 0.533394628054664, 586.291381835938, 28.6089420318604, -80.5976638793945, -59.3846951964522, -36.2669610185582, 4.11451314168077, 3.82640076956788, -0.883796599712026, 3.11344437282979, -3.15568504536363, 5.08281161139241, 5.15887780224169, -9.87625083606108
47750.658720779, -20.2120629233781, 83.8806762695313, -20, 0.535000254569161, 589.008666992188, 28.6089401245117, -80.5976638793945, -59.3846951964522, -36.4790485098694, 4.75077561571618, 3.93878760393663, 0.456341745310056, 3.07738949929841, -2.84428727633663, 4.56836575870154, 4.5910534742109, 5.71039718087195
47750.7387207789, -20.2219690885803, 82.2398376464844, -20, 0.548930858163827, 593.102416992188, 28.6089401245117, -80.59765625, -58.5363452312075, -36.4790485098694, 4.04664514446119, 4.09427616775501, -0.898502172520543, 2.91832388078955, -2.4214553044581, 3.81709837475603, 3.92126910765832, -13.2545928290227
47750.8187207789, -20.2306490331021, 80.5992584228516, -20, 0.549401076323617, 595.934204101563, 28.6089382171631, -80.59765625, -58.5363452312075, -36.6911360011805, 4.6829076184966, 4.25629971730981, -0.378086569853911, 3.09435649860329, -1.99032844767429, 3.45284139914879, 3.4734550652782, -6.25270773652077
47750.8987207789, -20.239301343208, 78.9590377807617, -20, 0.555515124740035, 600.214111328125, 28.6089363098145, -80.5976486206055, -57.6879952659628, -36.9032234924917, 3.97877714724162, 4.41756688215632, -1.81432203388438, 3.16434537074447, -1.54830124421664, 2.92841291879358, 3.44448829876726, -31.7875041824893
47750.9587207789, -20.2439920769431, 76.5032424926758, -20, 0.554353562824395, 601.942077636719, 28.6089363098145, -80.5976486206055, -57.6879952659628, -36.9032234924917, 4.61503962127702, 4.54537584360902, -0.550017650088402, 2.95225787939934, -1.21303881303474, 2.23667190388347, 2.30327309142704, -13.8185915070156
47751.0387207789, -20.2505740481799, 74.8641738891602, -20, 0.564161002604209, 605.098327636719, 28.6089363098145, -80.5976486206055, -57.6879952659628, -36.9032234924917, 4.61503962127702, 4.72654555763537, -1.16771615603557, 2.95225787939934, -0.763749642308804, 1.68345323640106, 2.04870285882969, -34.7488574138724
47751.1187207789, -20.2558947521697, 73.225959777832, -20, 0.564057931931777, 607.980285644531, 28.6089363098145, -80.5976409912109, -56.839645300718, -36.9032234924917, 3.69882165867692, 4.9091642724927, -2.49815594930948, 2.95225787939934, -0.30688655845853, 1.08102050288897, 2.72188314170336, -66.5951645196947
47751.1987207789, -20.2619266306074, 71.5887222290039, -20, 0.569613733576569, 608.117126464844, 28.6089363098145, -80.5976333618164, -55.9912953354733, -36.9032234924917, 3.84304115280245, 5.07479150988663, -2.81121630400084, 2.95225787939934, 0.165595536417646, 0.399128736198559, 2.8393860252752, -81.9161743207399
47751.2587207789, -20.2675841469522, 70.3614349365234, -20, 0.57361062735501, 611.344909667969, 28.6089363098145, -80.5976333618164, -55.9912953354733, -36.9032234924917, 4.47930362683786, 5.20965670600093, -1.56534044977354, 2.95225787939934, 0.518822706848025, -0.0119397999452509, 1.56538597382557, -90.4370755117813
47751.3387207788, -20.271395794198, 68.7260437011719, -20, 0.575992653063564, 613.748840332031, 28.6089363098145, -80.5976257324219, -55.1429453702285, -36.9032234924917, 3.77517315558289, 5.41127127934229, -3.15416371107101, 2.95225787939934, 0.984703156229454, -0.531253961475502, 3.19854565742035, -99.5651695445784
47751.4187207788, -20.2743543373378, 67.0919799804688, -20, 0.576210629811128, 617.684997558594, 28.6089382171631, -80.5976257324219, -55.1429453702285, -36.6911360011805, 4.41143562961828, 5.61080105615625, -2.61540799278836, 2.7762252615856, 1.45772313722645, -1.36260876547441, 2.94885940485063, -117.525131149796
47751.4987207788, -20.2756690379624, 65.4594268798828, -20, 0.576047323193323, 618.615844726563, 28.6089401245117, -80.5976181030273, -54.2945954049838, -36.4790485098694, 3.7073051583633, 5.81150658670028, -4.21305569522124, 2.70623638944442, 1.93575670028956, -2.05722116947013, 4.68768239018202, -116.041614576341
47751.5587207788, -20.2742216135161, 64.2361831665039, -20, 0.572823098640236, 618.395385742188, 28.6089420318604, -80.5976181030273, -54.2945954049838, -36.2669610185582, 4.3435676323987, 5.96040595419543, -2.73920338866106, 2.7422912629758, 2.29845840528412, -2.49069639449048, 3.7016315447257, -132.281428286619
47751.6387207788, -20.2725569075691, 62.6068420410156, -20, 0.571676716440549, 617.7939453125, 28.6089420318604, -80.5976104736328, -53.4462454397391, -36.2669610185582, 3.63943716114372, 6.16341003629438, -4.235569390579, 2.90135688148465, 2.78026067227352, -2.86438344817243, 5.11173031923154, -124.082408775361
47751.7187207788, -20.2731751177465, 60.9792671203613, -20, 0.576687615651881, 620.197998046875, 28.608943939209, -80.5976028442383, -52.5978954744943, -36.054873527247, 3.359481672579, 6.36834577127516, -4.83433334672823, 2.72532426367091, 3.26122601368885, -3.64693277884068, 6.05304157130525, -127.044325422319
47751.7987207788, -20.2737703351286, 59.3534469604492, -20, 0.578111086427366, 620.5185546875, 28.6089477539063, -80.5976028442383, -52.5978954744943, -35.6306985446246, 4.20783163795954, 6.57173747092453, -4.55870075556782, 2.4262809008797, 3.7445472265204, -4.60449391827286, 6.47598180827196, -135.285723352611
47751.8587207788, -20.2712896229689, 58.1353721618652, -20, 0.572557986005841, 618.024108886719, 28.6089496612549, -80.5975952148438, -51.7495455092496, -35.4186110533134, 3.50370116670456, 6.73589027318833, -4.80045545543138, 2.67442326575623, 4.1024772279863, -4.69148683297236, 6.70841804913535, -134.343771210383
47751.9387207788, -20.2675020408298, 56.513126373291, -20, 0.570755487477651, 616.156433105469, 28.6089534759521, -80.5975875854492, -50.9011955440048, -34.9944360706911, 3.43583316948499, 6.95379267927084, -5.54931633570603, 2.48142364863758, 4.5777748656611, -5.48055288759755, 7.79341613483623, -134.643909609995
47752.0187207787, -20.2672270807546, 54.8927917480469, -20, 0.57605019733579, 618.156433105469, 28.6089553833008, -80.5975875854492, -50.9011955440048, -34.7823485793799, 4.07209564352039, 7.15841510212188, -4.93421745559945, 2.62352226784154, 5.05612881211898, -5.90892768141416, 7.69256193575957, -140.121481684458
47752.0987207787, -20.2653389396206, 53.2744216918945, -20, 0.573962192090115, 619.0439453125, 28.608959197998, -80.5975799560547, -50.0528455787601, -34.3581735967575, 3.3679651722654, 7.36186479252329, -6.5255387220701, 2.32447890505033, 5.53485632237678, -6.84762275950626, 9.44825283763992, -136.373402319566
47752.1587207787, -20.2594124297012, 52.062141418457, -20, 0.563667183311257, 616.816833496094, 28.6089630126953, -80.5975723266602, -49.2044956135153, -33.9339986141351, 3.30009717504582, 7.50713906466219, -5.83973521568783, 2.39658865211311, 5.89614828720329, -7.21920447793857, 9.27570144967415, -141.004377779041
47752.2387207787, -20.2525724554566, 50.4478302001953, -20, 0.561901037313041, 615.53857421875, 28.6089668273926, -80.5975646972656, -48.3561456482706, -33.5098236315128, 3.23222917782625, 7.7009609197146, -6.5214448957168, 2.36265465350332, 6.37365292653924, -7.80450478884092, 10.1575563976464, -140.091527913727
47752.3187207787, -20.2452702525591, 48.8358726501465, -20, 0.557923010768294, 609.771484375, 28.6089725494385, -80.5975646972656, -48.3561456482706, -32.8735611575792, 3.86849165186165, 7.90101859115693, -6.04799377708791, 2.15268803707979, 6.84175593179714, -8.55142733357714, 10.4610195779763, -144.679961891124
47752.3987207787, -20.243895658349, 47.2260093688965, -20, 0.565483347736013, 613.643249511719, 28.6089763641357, -80.5975570678711, -47.5077956830259, -32.4493861749568, 3.16436118060667, 8.09332925596039, -7.54935463348758, 2.17177591130627, 7.30361172322216, -9.04000019911009, 11.7575551913183, -140.099110025446
47752.4587207787, -20.2395371756266, 46.0198860168457, -20, 0.558040974520358, 609.948669433594, 28.6089820861816, -80.5975494384766, -46.6594457177811, -31.8131237010233, 3.09649318338708, 8.23031440041746, -6.90356739572258, 2.06785304055531, 7.65195041631677, -9.60553302941134, 11.8100692688801, -144.233316066649
47752.5387207787, -20.2290892215432, 44.4139060974121, -19.1549860072968, 1, 645.346984863281, 28.6089859008789, -80.597541809082, -45.8110957525364, -31.3889487184009, 3.02862518616751, 8.40854963566996, -7.51257089526317, 2.19298466045438, 8.11353166351219, -9.99248144278469, 12.4785567113921, -143.002567197022
47752.6187207786, -20.2016979932149, 42.8108329772949, -16.0067786250352, 1, 707.255004882813, 28.6089916229248, -80.5975341796875, -44.9627457872916, -30.7526862444674, 2.74866969760278, 8.59989385543846, -8.18112890847441, 1.98301804403083, 8.58571113802168, -10.895825611247, 13.5955881176928, -143.026455987174
47752.6987207786, -20.1262959164728, 41.2157745361328, -12.8060255808606, 1, 740.667358398438, 28.6089973449707, -80.597526550293, -44.1143958220469, -30.1164237705338, 2.89288919172835, 8.80439155758879, -8.86690503286013, 1.7730514276073, 9.10332708715645, -12.1155624701878, 14.9743668086485, -143.706299871655
47752.7587207786, -19.961621159247, 40.0285568237305, -10.3903015233186, 1, 772.385864257813, 28.6090049743652, -80.597526550293, -44.1143958220469, -29.2680738052891, 3.52915166576375, 8.96890990664096, -7.49407448573046, 1.70518343038773, 9.50941079434767, -12.8677045053284, 14.859020714704, -149.644813985142
47752.8387207786, -19.7428509175541, 38.4615097045898, -7.12883761541757, 1, 797.36767578125, 28.6090087890625, -80.5975189208984, -43.2660458568022, -28.8438988226667, 2.82502119450877, 9.20302507369971, -9.14704778994233, 1.98938066879563, 10.0620254330617, -13.2800362199627, 16.0786082449933, -145.315237957352
47752.9187207786, -19.4818917397073, 36.9159469604492, -3.84742050114934, 1, 812.578308105469, 28.609016418457, -80.5975112915039, -42.4176958915574, -27.9955488574219, 2.54506570594405, 9.42584118292801, -9.67113539393278, 1.60338143455836, 10.6320887602661, -14.5653994232507, 17.4256819390004, -146.256942301232
47752.9987207786, -19.2668954467505, 35.3945465087891, -0.549480605521257, 1, 821.740905761719, 28.6090240478516, -80.5975036621094, -41.5693459263127, -27.1471988921772, 2.68928520006961, 9.63522399470671, -10.1762062370351, 1.32342594599364, 11.2112833008793, -15, 18.0602745069638, -145.681629371299
47753.0587207786, -18.9570266984171, 34.2706298828125, 0, 1, 832.89697265625, 28.6090316772461, -80.5974960327148, -40.7209959610679, -26.2988489269325, 2.62141720285004, 9.79654280109146, -9.57303343179507, 1.4676454401192, 11.6416630033426, -15, 17.7351566513795, -147.2771512528
47753.1387207786, -18.6240909843056, 32.7962875366211, 0, 1, 839.166809082031, 28.609037399292, -80.5974884033203, -39.8726459958232, -25.6625864529989, 2.55354920563045, 10.0151874374561, -10.3527616275982, 1.57581006071336, 12.2080535241955, -15, 18.1580416533002, -145.226243746038
47753.2187207785, -18.2742734497514, 31.3508548736572, 0, 1, 841.056518554688, 28.6090469360352, -80.5974807739258, -39.0242960305785, -24.602148996443, 2.27359371706574, 10.2321226092753, -10.9425762590796, 1.17284382717118, 12.7640153062559, -15, 18.4928416188804, -143.742643084373
47753.2987207785, -18.0020268644462, 29.9354457855225, 0, 1, 845.291076660156, 28.6090545654297, -80.5974731445313, -38.1759460653337, -23.7537990311982, 2.41781321119129, 10.4496982574541, -11.5841654682014, 1.05195395711532, 13.3047799268067, -15, 18.8707366557998, -142.193564906501
47753.3587207785, -17.6256909468236, 28.8941822052002, 0, 1, 847.462768554688, 28.6090641021729, -80.5974655151367, -37.327596100089, -22.6933615746423, 2.34994521397172, 10.6246168853396, -11.0182623828794, 1.02014083342713, 13.6947281734237, -15, 18.5366930508713, -143.556423788564
47753.4387207785, -17.2358026348195, 27.5336627960205, 0, 1, 851.127014160156, 28.6090717315674, -80.5974578857422, -36.4792461348442, -21.8450116093976, 2.28207721675214, 10.873171373082, -11.9571111891722, 1.1113384547164, 14.1898117768399, -15, 19.0966409442984, -141.323430211524
47753.5187207785, -15.5202690816135, 26.2497692108154, 0, 1, 850.719055175781, 28.6090812683105, -80.5974502563477, -35.6308961695995, -20.7845741528416, 2.00212172818741, 10.341085054866, -5.8064193186266, 0.867437839683077, 13.0871578931119, -6.40353571087259, 8.63592420299569, -137.78920417646
47753.5987207785, -11.2101388963674, 25.4443168640137, 0, 1, 850.489013671875, 28.6090908050537, -80.5974426269531, -34.7825462043547, -19.7241366962857, 2.14634122231298, 9.48082690142172, 0.00648731561234328, 0.517493478977184, 9.64462722495561, 14.8493420370945, 14.8493434222986, 0.0253135589654857
47753.6587207785, -5.53299812237771, 24.8159065246582, 0, 0.01, 784.376831054688, 28.6091003417969, -80.5974349975586, -33.93419623911, -18.6636992397298, 2.0784732250934, 9.66922183882861, -10.3226443714274, 0.697767846634128, 10.0925290244986, -15, 18.141282835182, -145.303554241504
47753.7387207785, -5.20463041645003, 24.2596416473389, 0, 1, 743.067626953125, 28.6091060638428, -80.5974273681641, -33.0858462738653, -18.0274367657962, 2.01060522787382, 9.89275769937646, -10.942191646324, 0.964998085737149, 10.7196452638844, -15, 18.4926192869767, -143.743591789526
47753.8187207785, -5.0309545782786, 23.7092266082764, 0, 1, 776.366271972656, 28.6091175079346, -80.5974197387695, -32.2374963086205, -16.7549118179291, 1.7306497393091, 10.1229074740712, -12.1843321098144, 0.385999234381222, 11.3479351105695, -15, 19.2364368186504, -140.804009054693
47753.8987207784, -4.90578062053808, 23.2979621887207, 0, 1, 793.596801757813, 28.6091270446777, -80.597412109375, -31.3891463433758, -15.6944743613732, 1.87486923343467, 10.4050312906145, -12.1710723034571, 0.195120492184186, 12.0519163677556, -15, 19.2282347021409, -140.834099839994
47753.9587207784, -4.74689088343146, 22.7525482177734, 0, 1, 811.230590820313, 28.6091346740723, -80.5973968505859, -29.6924464128863, -14.8461243961285, 1.10287076496009, 10.6393460411832, -13.0277093516624, 0.551427477654871, 12.6280838210529, -15, 19.7689813572881, -138.945285295463
47754.0387207784, -4.61091482784191, 22.2102794647217, 0, 1, 823.169372558594, 28.6091461181641, -80.5973968505859, -29.6924464128863, -13.5735994482613, 2.3753957130309, 10.9705192700104, -12.6314019744697, 0.131494244807804, 13.4567047999805, -15, 19.516112897752, -139.805291992306
47754.1187207784, -4.51135452651798, 21.6699161529541, 0, 1, 830.579895019531, 28.6091575622559, -80.5973815917969, -27.9957464823968, -12.3010745003942, 0.542959787830669, 11.3135732039989, -15, 0.0296922489784325, 14.3484784610793, -15, 21.0905811789991, -135
47754.1987207784, -4.46300668509969, 21.2647190093994, 0, 1, 836.431030273438, 28.6091709136963, -80.5973739624023, -27.1473965171521, -10.8164620612159, 1.53552924733676, 11.5745315045722, -14.0120211651003, -0.619295474518665, 15.0563328995385, -15, 20.4159935291011, -136.908630058409
47754.2587207784, -4.44000736586962, 20.7226238250732, 0, 1, 839.592712402344, 28.6091804504395, -80.5973663330078, -26.2990465519073, -9.75602460466001, 1.46766125011718, 11.9227698043097, -15, -0.0148461241714543, 16.048041204007, -15, 21.0905811789991, -135
47754.3387207784, -4.46813203786242, 20.1758155822754, 0, 1, 842.992736816406, 28.6091938018799, -80.5973587036133, -25.4506965866626, -8.27141216548171, 1.39979325289761, 12.2663875584373, -15, -0.451746356323419, 17.0880708635546, -15, 21.0905811789991, -135
47754.4187207784, -4.54854546046798, 19.6211681365967, 0, 1, 844.615234375, 28.6092071533203, -80.5973510742188, -24.6023466214178, -6.78679972630341, 1.11983776433289, 12.6024623209629, -15, -0.570515351457682, 18.1749566903613, -15, 21.0905811789991, -135
47754.4987207783, -4.64393704489717, 19.1980972290039, 0, 1, 848.553527832031, 28.6092224121094, -80.5973358154297, -22.9056466909284, -5.09009979581393, 0.559926787203465, 12.8473050850497, -15, -1.28949194709596, 19.0179199996241, -15, 21.0905811789991, -135
47754.5587207783, -4.82004845047153, 18.6217746734619, 0, 1, 851.032470703125, 28.6092338562012, -80.5973281860352, -22.0572967256836, -3.81757484794682, 1.12832126401929, 13.1615820000261, -15, -0.64898772321736, 20.1758816884287, -15, 21.0905811789991, -135
47754.6387207783, -5.05144400491001, 18.0282421112061, 0, 1, 850.834045410156, 28.6092491149902, -80.5973205566406, -21.2089467604389, -2.12087491745733, 1.06045326679971, 13.4594076148239, -15, -1.10285495467422, 21.3700140348632, -15, 21.0905811789991, -135
47754.7187207783, -5.34030252007871, 17.4137916564941, 0, 1, 849.638793945313, 28.6092662811279, -80.5973129272461, -20.3605967951941, -0.212087495656666, 0.780497778234991, 13.7368451072881, -15, -1.41462356692712, 22.59220287282, -15, 21.0905811789991, -135
47754.7987207783, -5.59461013931595, 16.9369354248047, 0, 1, 848.629699707031, 28.6092834472656, -80.597297668457, -18.6638968647047, 1.696699926144, 0.220586801105568, 13.9303273840169, -15, -2.04452341619773, 23.5265217941406, -15, 21.0905811789991, -135
47754.8587207783, -5.98311255002369, 16.2766494750977, 0, 1, 847.899108886719, 28.6092967987061, -80.5972900390625, -17.8155468994599, 3.1813123653223, 0.788981277921391, 14.1664746814358, -15, -1.36796431878774, 24.7911906846702, -15, 21.0905811789991, -135
47754.9387207783, -6.42741275391623, 15.5849475860596, 0, 1, 847.080505371094, 28.6093158721924, -80.597282409668, -16.9671969342152, 5.30218727843415, 0.721113280701809, 14.3760552047792, -15, -2.01483116736324, 26.0769837694868, -15, 21.0905811789991, -135
47755.0187207783, -6.92697478328667, 14.8579893112183, 0, 1, 848.416809082031, 28.6093349456787, -80.5972671508789, -15.2704970037257, 7.42306219154601, -0.475060170463021, 14.5564302649426, -15, -2.18450116041219, 27.3784729542452, -15, 21.0905811789991, -135
47755.0987207782, -7.33714292472693, 14.2873582839966, 0, 1, 848.252075195313, 28.6093559265137, -80.5972595214844, -14.422147038481, 9.75602459596904, 0.517509289043074, 14.6715080377777, -15, -3.113444372474, 28.3646162573958, -15, 21.0905811789991, -135
47755.1587207782, -7.93027341036607, 13.4896173477173, 0, 1, 848.32666015625, 28.6093711853027, -80.5972518920898, -13.5737970732362, 11.4527245264585, 0.449641291823493, 14.7962929333797, -15, -2.18874291018749, 29.690383272105, -15, 21.0905811789991, -135
47755.2387207782, -8.57506362118123, 12.6463403701782, 0, 1, 847.46630859375, 28.6093940734863, -80.5972366333008, -11.8770971427467, 13.9977744221928, -0.322357176651067, 14.8864496177095, -15, -3.02860937588163, 31.0257996352858, -15, 21.0905811789991, -135
47755.3187207782, -9.26991770462257, 11.7539596557617, 0, 1, 849.222900390625, 28.6094169616699, -80.5972290039063, -11.028747177502, 16.542824317927, 0.0339498088196208, 14.9337188888327, -15, -3.23221336754037, 32.367380548988, -15, 21.0905811789991, -135
47755.3987207782, -9.82206226614097, 11.0502986907959, 0, 1, 847.220336914063, 28.6094398498535, -80.5972137451172, -9.3320472470125, 19.0878742136612, -0.525961168309805, 14.9318910457914, -15, -4.07207983323451, 33.376100799265, -15, 21.0905811789991, -135
47755.4587207782, -10.597432639611, 10.0635986328125, 0, 1, 847.893249511719, 28.6094589233398, -80.5972061157227, -8.48369728176776, 21.2087491267731, 0.042433308506016, 14.8733294731705, -15, -3.28735611523035, 34.7210770159088, -15, 21.0905811789991, -135
47755.5387207782, -11.4157447869845, 9.01846694946289, 0, 1, 848.58251953125, 28.6094837188721, -80.5971984863281, -7.63534731652302, 23.9658865138185, -0.237522180058696, 14.7487315286981, -15, -3.98512396172054, 36.0635676145664, -15, 21.0905811789991, -135
47755.6187207782, -12.2751291100635, 7.91176557540894, 0, 1, 849.855163574219, 28.6095104217529, -80.5971908569336, -6.78699735127828, 26.9351113921751, -0.0933026859331413, 14.5603115147861, -15, -4.38172757049792, 37.3974722638882, -15, 21.0905811789991, -135
47755.6787207782, -12.9457359881045, 7.03950643539429, 0, 1, 849.296020507813, 28.6095371246338, -80.5971755981445, -5.0902974207888, 29.9043362705317, -0.865301154407702, 14.379489247103, -15, -5.36157178047441, 38.3905360353627, -15, 21.0905811789991, -135
47755.7587207781, -13.8731183854767, 5.81779098510742, 0, 1, 849.673828125, 28.6095581054688, -80.59716796875, -4.24194745554405, 32.2372986749547, -0.296906677591879, 14.0896233367101, -15, -4.32870569759373, 39.701908668637, -15, 21.0905811789991, -135
47755.8387207781, -14.837579289469, 4.52634429931641, 0, 1, 847.8583984375, 28.6095867156982, -80.5971603393555, -3.39359749029931, 35.4186110446225, -0.576862166156593, 13.7482603208995, -14.6413844634655, -5.21947316120256, 40.9989030946837, -15, 20.8429576045045, -135.677632235076
47755.9187207781, -10.4604111369417, 3.6340856552124, 0, 0.846628135171057, 841.352416992188, 28.6096153259277, -80.5971527099609, -2.54524752505457, 38.5999234142903, -0.432642672031037, 14.0861907968948, -15, -5.47397815077599, 39.9592670141931, -15, 21.0905811789991, -135
47755.9787207781, -11.17323694038, 3.11762309074402, 0, 1, 826.941528320313, 28.6096439361572, -80.5971374511719, -0.848547594565089, 41.781235783958, -1.2046411405056, 13.7367115023718, -15, -6.52381123289366, 40.9018916823988, -15, 21.0905811789991, -135
