TIME, VerticalSpeed, RadarAltitude, TargetVerticalSpeed, TargetThrottle, Latitude, Longitude, XError, YError, TargetXSpeed, CurrentXSpeed, TargetXPitch, TargetYSpeed, CurrentYSpeed, TargetYPitch, TotalTargetPitch, TotalTargetHeading
47491.1488679124, -0.450265728373701, 536.719909667969, -15, 0.01, 28.6083564758301, -80.5997543334961, -317.387403716685, -90.0816976476447, 15, -0.0572064081424917, 15, 7.20653581181158, -0.303592698576091, 9.0121542124652, 17.4456817040968, 58.8165891283172
47491.2088679124, -0.711973507304897, 536.682434082031, -15, 0.01, 28.6083564758301, -80.5997543334961, -317.387403716685, -90.0816976476447, 15, -0.0571783156384554, 15, 7.20653581181158, -0.304570792211547, 9.02761552514557, 17.453489800801, 58.7734270368725
47491.2688679124, -0.973945403432538, 536.629211425781, -15, 0.01, 28.6083564758301, -80.5997543334961, -317.387403716685, -90.0816976476447, 15, -0.0571620065683692, 15, 7.20653581181158, -0.305548575184446, 9.03329300871896, 17.4563594603466, 58.7575880185918
47491.3288679124, -1.23514850433304, 536.560363769531, -15, 0.01, 28.6083564758301, -80.5997543334961, -317.387403716685, -90.0816976476447, 15, -0.0573966513950148, 15, 7.20653581181158, -0.306883675057667, 9.04297634926201, 17.4612569354008, 58.7305863066865
47491.3888679124, -1.49656620449279, 536.475769042969, -15, 0.01, 28.6083564758301, -80.5997543334961, -317.387403716685, -90.0816976476447, 15, -0.059682490403277, 15, 7.20653581181158, -0.311201368515027, 9.08249415956448, 17.4812836778358, 58.6205596993242
47491.4488679124, -1.75775195444048, 536.375549316406, -15, 0.01, 28.6083564758301, -80.5997543334961, -317.387403716685, -90.0816976476447, 15, -0.0689942772855235, 15, 7.20653581181158, -0.325851817415697, 9.20792168527174, 17.5452720428825, 58.2731234771806
47491.5088679124, -2.01955204004143, 536.259582519531, -15, 0.01, 28.6083564758301, -80.5997543334961, -317.387403716685, -90.0816976476447, 15, -0.0835809082435407, 15, 7.20653581181158, -0.348453704188377, 9.31909132184066, 17.6025219307973, 57.9674454125893
47491.5688679124, -2.28153025085009, 536.1279296875, -15, 0.01, 28.6083564758301, -80.5997543334961, -317.387403716685, -90.0816976476447, 15, -0.101174199292322, 15, 7.20653581181158, -0.375777895150102, 9.40365278111618, 17.6464029260604, 57.7363527644808
47491.6288679124, -2.54420597014424, 535.980529785156, -15, 0.01, 28.6083564758301, -80.5997619628906, -318.23575368193, -90.0816976476447, 15, -0.120380335794031, 15, 7.20653581181158, -0.405808424333109, 9.39776635077135, 17.6433390285809, 57.7523996655877
47491.6888679124, -2.80712109181938, 535.8173828125, -15, 0.01, 28.6083564758301, -80.5997619628906, -318.23575368193, -90.0816976476447, 15, -0.140432580539958, 15, 7.20653581181158, -0.437424919587834, 9.53122850520438, 17.7131455799105, 57.3900303095719
47491.7488679123, -3.07015246925442, 535.638427734375, -15, 0.01, 28.6083564758301, -80.5997619628906, -318.23575368193, -90.0816976476447, 15, -0.167595729577025, 15, 7.20653581181158, -0.480723310791846, 9.70461788963359, 17.8048865406286, 56.9238049475951
47491.8088679123, -3.33324184257859, 535.375244140625, -15, 0.01, 28.6083545684814, -80.5997619628906, -318.23575368193, -90.2937851389559, 15, -0.187889008344569, 15, 7.4355903024616, -0.513449541411685, 9.91780257320433, 17.9192858052135, 56.3575995998661
47491.8688679123, -3.59664324891016, 535.159362792969, -15, 0.01, 28.6083545684814, -80.5997619628906, -318.23575368193, -90.2937851389559, 15, -0.207966481717468, 15, 7.22350281111647, -0.546166182723381, 9.70712346147832, 17.8062208715705, 56.9171053639821
47491.9288679123, -3.85913579297945, 534.927795410156, -15, 0.01, 28.6083545684814, -80.5997619628906, -318.23575368193, -90.2937851389559, 15, -0.22773146166896, 15, 7.22350281111647, -0.578722442773705, 9.74926849607632, 17.8287016013344, 56.8045752633332
47491.9888679123, -4.12115524911873, 534.680358886719, -15, 0.01, 28.6083545684814, -80.5997619628906, -318.23575368193, -90.2937851389559, 15, -0.246993135695426, 15, 7.22350281111647, -0.610812105156038, 9.78781070320347, 17.8493208398752, 56.7019298899686
47492.0488679123, -4.38405680023144, 534.417175292969, -15, 0.01, 28.6083545684814, -80.5997619628906, -318.23575368193, -90.2937851389559, 15, -0.265743756081907, 15, 7.22350281111647, -0.642420010443828, 9.82564217229481, 17.8696156791046, 56.6014232686812
47492.1088679123, -4.7339104533714, 534.138122558594, -15, 0.01, 28.6083545684814, -80.5997619628906, -318.23575368193, -90.2937851389559, 15, -0.283914351727999, 15, 7.22350281111647, -0.67342956445038, 9.8616082837139, 17.8889609539022, 56.5060980360807
47492.1688679123, -4.99580159976137, 533.843383789063, -15, 0.01, 28.6083545684814, -80.5997619628906, -318.23575368193, -90.2937851389559, 15, -0.301458448486418, 15, 7.22350281111647, -0.703759271588854, 9.89596182084707, 17.9074852352759, 56.4152520432759
47492.2288679123, -5.25786597877793, 533.49169921875, -15, 0.01, 28.6083545684814, -80.5997619628906, -318.23575368193, -90.2937851389559, 15, -0.318306449383478, 15, 7.22350281111647, -0.733288596347805, 9.92816726160501, 17.9248922284825, 56.3302685345023
47492.2888679123, -5.51987081619555, 532.93212890625, -15, 0.01, 28.6083526611328, -80.5997619628906, -318.23575368193, -90.5058726302671, 15, -0.334413173556337, 15, 7.39953542893023, -0.761933610174012, 10.1698341916668, 18.0567676305988, 55.6981626784299
47492.3488679123, -5.78180033697278, 532.930358886719, -15, 0.01, 28.6083526611328, -80.5997619628906, -318.23575368193, -90.5058726302671, 15, -0.349747237489859, 15, 7.24046981042137, -0.789635282752256, 10.007582107124, 17.9679847150264, 56.1214606928724
47492.4088679122, -6.04335120695632, 532.370849609375, -15, 0.01, 28.6083526611328, -80.5997619628906, -318.23575368193, -90.5058726302671, 15, -0.364295787473527, 15, 7.24046981042137, -0.81636566596848, 10.0347797746468, 17.9827978622326, 56.0501945846848
47492.4688679122, -6.30467630494417, 532.249206542969, -15, 0.01, 28.6083526611328, -80.5997619628906, -318.23575368193, -90.5058726302671, 15, -0.377971935476606, 15, 7.24046981042137, -0.841964118403821, 10.0590280701151, 17.9960282138563, 55.9867622338618
47492.5288679122, -6.56589570672624, 531.689697265625, -15, 0.01, 28.6083526611328, -80.5997619628906, -318.23575368193, -90.5058726302671, 15, -0.390753019277368, 15, 7.24046981042137, -0.866383362063193, 10.0814031866475, 18.0082561907901, 55.9283182014209
47492.5888679122, -6.82699780147914, 531.130187988281, -15, 0.01, 28.6083526611328, -80.5997619628906, -318.23575368193, -90.5058726302671, 15, -0.402651237170851, 15, 7.24046981042137, -0.889411170728123, 10.1000001356867, 18.0184337410194, 55.8798071443711
47492.6488679122, -7.08794818971102, 530.570556640625, -15, 0.01, 28.6083526611328, -80.5997619628906, -318.23575368193, -90.5058726302671, 15, -0.414011495023874, 15, 7.24046981042137, -0.909527300467848, 10.0999127003834, 18.0183858598953, 55.8800350870092
47492.7088679122, -7.34830905498062, 530.449035644531, -15, 0.01, 28.6083507537842, -80.5997619628906, -318.23575368193, -90.7179601215783, 15, -0.425255296693906, 15, 7.46952430107139, -0.925221352171888, 10.3544270182355, 18.158969336107, 55.2219731521004
47492.7688679122, -7.60853701893177, 529.889465332031, -15, 0.01, 28.6083507537842, -80.5997619628906, -318.23575368193, -90.7179601215783, 15, -0.436667311564104, 15, 7.25743680972626, -0.935367141864111, 10.0615300384951, 17.9973946001499, 55.9802228653641
47492.8288679122, -7.86859606800612, 529.328125, -15, 0.01, 28.6083507537842, -80.5997619628906, -318.23575368193, -90.7179601215783, 15, -0.448258845868863, 15, 7.25743680972626, -0.939765888722854, 10.0142564279999, 17.9716172766065, 56.1039603647657
47492.8888679122, -8.12881416531309, 528.768493652344, -15, 0.01, 28.6083507537842, -80.5997619628906, -318.23575368193, -90.7179601215783, 15, -0.460131750325919, 15, 7.25743680972626, -0.938118680742942, 9.95673756332124, 17.9403675661819, 56.2550246870877
47492.9488679122, -8.38922347266791, 528.64697265625, -15, 0.01, 28.6083507537842, -80.5997619628906, -318.23575368193, -90.7179601215783, 15, -0.472801218163949, 15, 7.25743680972626, -0.928661598280683, 9.87220197857457, 17.8946685128589, 56.4780622301428
47493.0088679121, -8.64997810639227, 528.08740234375, -15, 0.01, 28.6083507537842, -80.5997619628906, -318.23575368193, -90.7179601215783, 15, -0.486344137577796, 15, 7.25743680972626, -0.911132808921518, 9.77535150413199, 17.8426491517519, 56.7350834833801
47493.0688679121, -8.91121209710865, 527.526062011719, -15, 0.01, 28.6083488464355, -80.5997619628906, -318.23575368193, -90.9300476128895, 15, -0.500565945066229, 15, 7.48649130037629, -0.885493460197837, 9.94336727164101, 17.9331215660533, 56.290219971591
47493.1288679121, -9.17287833297741, 526.966369628906, -15, 0.01, 28.6083488464355, -80.5997619628906, -318.23575368193, -90.9300476128895, 15, -0.513696957107696, 15, 7.27440380903116, -0.851247231250489, 9.56657339566297, 17.7317508180326, 57.2945747076695
47493.1888679121, -9.43520610572946, 526.405090332031, -15, 0.01, 28.6083488464355, -80.5997619628906, -318.23575368193, -90.9300476128895, 15, -0.523564513892427, 15, 7.27440380903116, -0.809541641741907, 9.44678344989808, 17.6688947465338, 57.618956287975
47493.2488679121, -9.69820474717116, 525.725708007813, -15, 0.01, 28.6083488464355, -80.5997619628906, -318.23575368193, -90.9300476128895, 15, -0.528592066249447, 15, 7.27440380903116, -0.761887841985932, 9.33493856269731, 17.6107235747117, 57.9240439931302
47493.3088679121, -9.96227658057887, 525.166137695313, -15, 0.01, 28.6083488464355, -80.5997619628906, -318.23575368193, -90.9300476128895, 15, -0.528236592316528, 15, 7.27440380903116, -0.709459473102914, 9.22906914672812, 17.5561239322092, 58.2148115476025
47493.3688679121, -10.2266263189713, 524.604736328125, -15, 0.01, 28.6083488464355, -80.5997619628906, -318.23575368193, -90.9300476128895, 15, -0.522859981471551, 15, 7.27440380903116, -0.653080526657345, 9.12666512596225, 17.5037445639304, 58.4978962708891
47493.4288679121, -10.4916139307993, 524.045288085938, -15, 0.01, 28.6083488464355, -80.5997619628906, -318.23575368193, -90.9300476128895, 15, -0.512648965861, 15, 7.27440380903116, -0.593336083872877, 9.02603747516151, 17.4526924188689, 58.7778304611763
47493.4888679121, -10.7573616093632, 523.483947753906, -15, 0.01, 28.6083488464355, -80.5997619628906, -318.23575368193, -90.9300476128895, 15, -0.498217231525486, 15, 7.27440380903116, -0.530714720195562, 8.92680570093244, 17.4027583959167, 59.0555920337708
47493.5488679121, -11.0233179892412, 522.366516113281, -15, 0.01, 28.6083488464355, -80.5997619628906, -318.23575368193, -90.9300476128895, 15, -0.480389259478337, 15, 7.27440380903116, -0.465734737873853, 8.82988761882606, 17.3543849735081, 59.3285185758351
47493.6088679121, -11.290663585953, 521.805236816406, -15, 0.01, 28.6083488464355, -80.5997619628906, -318.23575368193, -90.9300476128895, 15, -0.459816147109467, 15, 7.27440380903116, -0.398808217659127, 8.7347143428504, 17.3072667664518, 59.598111269431
47493.668867912, -11.5586058177798, 521.245666503906, -15, 0.01, 28.6083488464355, -80.5997619628906, -318.23575368193, -90.9300476128895, 15, -0.436960317000645, 15, 7.27440380903116, -0.330139611003985, 8.63945387650856, 17.2604899253568, 59.8695193072625
47493.728867912, -11.8265143727125, 520.56640625, -15, 0.01, 28.6083488464355, -80.5997619628906, -318.23575368193, -90.9300476128895, 15, -0.412326149471655, 15, 7.27440380903116, -0.259898711129463, 8.54396244597418, 17.2139889311694, 60.1431608408071
47493.788867912, -12.0951703171099, 520.005249023438, -15, 0.01, 28.6083488464355, -80.5997619628906, -318.23575368193, -90.9300476128895, 15, -0.386529725545271, 15, 7.27440380903116, -0.188634773949144, 8.45269317144727, 17.1699111599002, 60.406177939764
47493.848867912, -12.3639838492079, 518.887878417969, -15, 0.01, 28.6083488464355, -80.5997619628906, -318.23575368193, -90.9300476128895, 15, -0.359564510626274, 15, 7.27440380903116, -0.116175328577663, 8.35822110256982, 17.12466761562, 60.6799428856913
47493.908867912, -12.6332482513444, 518.328247070313, -15, 0.01, 28.6083488464355, -80.5997619628906, -318.23575368193, -90.9300476128895, 15, -0.331700965292952, 15, 7.27440380903116, -0.0428370707234209, 8.26581741284286, 17.0807924887698, 60.9492077656334
47493.968867912, -12.9025001400334, 517.328979492188, -15, 0.133680880309937, 28.6083488464355, -80.5997619628906, -318.23575368193, -90.9300476128895, 15, -0.303452605571367, 15, 7.27440380903116, 0.0312291035708865, 8.17400474411045, 17.0375709593476, 61.2182130373472
47494.048867912, -13.1698896694157, 516.649780273438, -15, 0.374570086818399, 28.6083488464355, -80.5997619628906, -318.23575368193, -90.9300476128895, 15, -0.274172825866447, 15, 7.27440380903116, 0.107373765946837, 8.06614648646472, 16.9872745977326, 61.5360922606371
47494.108867912, -13.4188472402936, 516.090393066406, -15, 0.46044108691195, 28.6083488464355, -80.5997619628906, -318.23575368193, -90.9300476128895, 15, -0.241855647113704, 15, 7.27440380903116, 0.190412056346618, 7.90181465278657, 16.9116478484623, 62.0242723175177
47494.168867912, -13.6278041416328, 514.973388671875, -15, 0.327825900226085, 28.6083488464355, -80.5997619628906, -318.23575368193, -90.9300476128895, 15, -0.207772964331477, 15, 7.27440380903116, 0.283276627019199, 7.69630904154428, 16.8188014055645, 62.6413179591072
47494.228867912, -13.7945226400147, 514.414001464844, -15, 0.135324843083028, 28.6083488464355, -80.5997619628906, -318.23575368193, -90.9300476128895, 15, -0.179943836323226, 15, 7.27440380903116, 0.380960404506637, 7.53503250644513, 16.7473022489955, 63.1306472693672
47494.2888679119, -13.9436221943558, 513.295043945313, -15, 0.131261596893772, 28.6083507537842, -80.5997619628906, -318.23575368193, -90.7179601215783, 15, -0.155247149997454, 15, 7.04534931838113, 0.478871156117516, 7.14434436139399, 16.579173240814, 64.3344727784263
47494.3488679119, -14.103217619869, 512.735412597656, -15, 0.372941921241416, 28.6083507537842, -80.5997619628906, -318.23575368193, -90.7179601215783, 15, -0.124902282495215, 15, 7.25743680972626, 0.576565796432662, 7.28778541819498, 16.6400580929565, 63.889466533783
47494.4088679119, -14.2700776104975, 511.619873046875, -15, 0.595960420171596, 28.6083507537842, -80.5997619628906, -318.23575368193, -90.7179601215783, 15, -0.0823456703101292, 15, 7.25743680972626, 0.679617506827053, 7.1144993565018, 16.5666296215499, 64.4275017084931
47494.4688679119, -14.4173772784917, 511.060455322266, -15, 0.57676166319134, 28.6083507537842, -80.5997619628906, -318.23575368193, -90.7179601215783, 15, -0.0185350270395043, 15, 7.25743680972626, 0.797780430739628, 6.82546750642745, 16.4473941874009, 65.3362142166356
47494.5288679119, -14.5255077036085, 509.943481445313, -15, 0.355634777166859, 28.6083526611328, -80.5997619628906, -318.23575368193, -90.5058726302671, 15, 0.0667387921727424, 15, 7.02838231907624, 0.933352428156325, 6.21748200361226, 16.2101562018849, 67.2931550364335
47494.5888679119, -14.6021007288971, 508.946105957031, -15, 0.167028741552017, 28.6083526611328, -80.5997619628906, -318.23575368193, -90.5058726302671, 15, 0.167424123539272, 15, 7.24046981042137, 1.08052879373761, 6.1830276374738, 16.1972754952982, 67.4058701507125
47494.6488679119, -14.676376109401, 508.268615722656, -15, 0.220048672170842, 28.6083526611328, -80.5997619628906, -318.23575368193, -90.5058726302671, 15, 0.27440959654227, 15, 7.24046981042137, 1.22872808336262, 5.99856629452058, 16.129362953172, 68.0125813690123
47494.7088679119, -14.7728102920396, 507.272705078125, -15, 0.298417474434607, 28.6083545684814, -80.5997619628906, -318.23575368193, -90.2937851389559, 15, 0.381312744793205, 15, 7.01141531977133, 1.37116673826244, 5.61376501627027, 15.9934550517462, 69.2956555333187
47494.7688679119, -14.8898591394813, 506.276977539063, -15, 0.787498897296742, 28.6083545684814, -80.5997619628906, -318.23575368193, -90.2937851389559, 15, 0.488586877485042, 15, 7.22350281111647, 1.50976120037378, 5.74382682420769, 16.0385113464432, 68.859373394437
47494.8288679119, -15.0155721980266, 505.599517822266, -15, 0.985507148237629, 28.6083564758301, -80.5997543334961, -317.387403716685, -90.0816976476447, 15, 0.599726749399675, 15, 6.99444832046645, 1.64961025859688, 5.29180350727691, 15.8858463188712, 70.386872235009
47494.8888679118, -15.1022266662629, 504.604217529297, -15, 0.747286723845022, 28.6083564758301, -80.5997543334961, -317.387403716685, -90.0816976476447, 15, 0.726509294112378, 15, 7.20653581181158, 1.8054399999276, 5.20274663367903, 15.8570796701684, 70.6914857260358
47494.9488679118, -15.1271611239225, 503.491027832031, -15, 0.258650726692219, 28.6083583831787, -80.5997543334961, -317.387403716685, -89.8696101563335, 15, 0.8715846068606, 15, 6.97748132116154, 1.97790497442274, 4.5575706896416, 15.6618810950302, 72.9328442087075
47495.0088679118, -15.111764836547, 502.933563232422, -15, 0.01, 28.6083583831787, -80.5997543334961, -317.387403716685, -89.8696101563335, 15, 1.02702408416179, 15, 7.18956881250668, 2.15490689055814, 4.55732476063607, 15.6618111758689, 72.9337098160266
47495.0688679118, -15.1139885305046, 501.939453125, -15, 0.133203244670854, 28.6083602905273, -80.5997543334961, -317.387403716685, -89.6575226650224, 15, 1.17722585383833, 15, 6.96051432185666, 2.31761301668081, 4.23295566144168, 15.5726210278965, 74.08253953017
47495.1288679118, -15.170199759481, 500.946716308594, -15, 0.640331797432321, 28.6083602905273, -80.5997543334961, -317.387403716685, -89.6575226650224, 15, 1.31508779938999, 15, 7.17260181320179, 2.46337956498066, 4.48476210469984, 15.6413325063015, 73.1894742206231
47495.1888679118, -15.2678749447743, 499.832885742188, -15, 1, 28.608362197876, -80.5997543334961, -317.387403716685, -89.4454351737112, 15, 1.44749759522099, 14.9470364286544, 6.94354732255175, 2.60010345187346, 4.4815391381161, 15.5897470115541, 73.1459807759563
47495.2488679118, -15.349671753342, 499.279113769531, -15, 1, 28.6083641052246, -80.5997543334961, -317.387403716685, -89.2333476824, 15, 1.59157996843221, 14.6654568589978, 6.92658032324688, 2.74501558909293, 3.86610089256038, 15.1556726272718, 75.087233766012
47495.3088679118, -15.3734410106828, 498.287261962891, -15, 0.57375880128507, 28.6083641052246, -80.5997467041016, -316.53905375144, -89.2333476824, 15, 1.81820231125558, 13.5760194299681, 7.138667814592, 2.95396277533442, 3.2320295913853, 13.9484067242661, 76.4943021150636
47495.3688679118, -15.3368751978148, 496.739562988281, -15, 0.0364219877833319, 28.6083660125732, -80.5997467041016, -316.53905375144, -89.0212601910888, 15, 2.00770350722132, 13.7276248413393, 6.90961332394196, 3.11144921689607, 3.28506681807589, 14.1078705663118, 76.424333426788
47495.4288679118, -15.2872004237127, 496.18701171875, -15, 0.01, 28.6083679199219, -80.5997467041016, -316.53905375144, -88.8091726997776, 15, 2.19345253342479, 13.5499316360026, 6.89264632463708, 3.2539344501482, 3.24591944925101, 13.92621426304, 76.4137881628742
47495.4888679118, -15.285148056011, 495.196044921875, -15, 0.269755880163744, 28.6083698272705, -80.5997467041016, -316.53905375144, -88.5970852084664, 15, 2.36365760227721, 13.5087069323524, 6.87567932533217, 3.37401052709985, 3.30766032206239, 13.9004408935966, 76.125646644414
47495.5488679117, -15.3430367603933, 494.205291748047, -15, 0.829211739220839, 28.6083717346191, -80.5997467041016, -316.53905375144, -88.3849977171552, 15, 2.5243570679431, 13.4184089911919, 6.85871232602729, 3.47739071108489, 3.332231424776, 13.8185987006779, 75.9380773694227
47495.6088679117, -15.4292860291481, 493.214935302734, -15, 1, 28.6083736419678, -80.599739074707, -315.690703786196, -88.172910225844, 15, 2.69181329858538, 13.1572787766662, 6.84174532672238, 3.57535722125706, 3.25040778440382, 13.545948743245, 76.0126468018525
47495.6688679117, -15.4862723426523, 492.226623535156, -15, 0.96407592265211, 28.6083736419678, -80.599739074707, -315.690703786196, -88.172910225844, 15, 2.8824427225633, 12.7040620688644, 7.05383281806752, 3.67652799118782, 3.3534916354058, 13.1321801613246, 75.1045975889167
47495.7288679117, -15.4601644616376, 491.556701660156, -15, 0.248277407304692, 28.6083755493164, -80.599739074707, -315.690703786196, -87.9608227345329, 15, 3.09795221460577, 12.2037912263983, 6.8247783274175, 3.77641519824168, 2.9734262448094, 12.5554630404694, 76.2126405067508
47495.7888679117, -15.396823736533, 490.569885253906, -15, 0.01, 28.608377456665, -80.599739074707, -315.690703786196, -87.7487352432217, 15, 3.32285604506733, 11.8469695320103, 6.80781132811261, 3.86696212276901, 2.93957687101399, 12.2011589678709, 75.974741320927
47495.8488679117, -15.3761426741025, 489.582580566406, -15, 0.206057343197535, 28.6083793640137, -80.5997314453125, -314.842353820951, -87.5366477519105, 15, 3.53267072680967, 11.7529637986987, 6.84386620164398, 3.93901178019645, 3.0830987140198, 12.1451196905917, 75.2088330028945
47495.9088679117, -15.4148711707467, 488.59521484375, -15, 0.742354725901785, 28.6083812713623, -80.5997314453125, -314.842353820951, -87.3245602605993, 15, 3.72724320074817, 11.6786625621137, 6.77387732950283, 3.99448537882886, 3.09997197223849, 12.0775619530317, 75.0424345124698
47495.9688679117, -15.4803688658056, 487.608245849609, -15, 1, 28.6083831787109, -80.5997314453125, -314.842353820951, -87.1124727692881, 15, 3.92355262970318, 11.4323675656209, 6.75691033019791, 4.0390897657123, 3.13640911865795, 11.8492686818992, 74.5685954325996
47496.0288679117, -15.5079071398436, 486.623443603516, -15, 0.740440199701581, 28.6083850860596, -80.599723815918, -313.994003855706, -86.900385277977, 15, 4.14180221573054, 10.957581410299, 6.73994333089303, 4.08003649638009, 3.10508514895362, 11.3838608172711, 74.0941185134924
47496.0888679117, -15.4810079912183, 485.638580322266, -15, 0.262781910090684, 28.6083869934082, -80.599723815918, -313.994003855706, -86.6882977866658, 15, 4.37940550307977, 10.4852928089274, 6.72297633158812, 4.11794565522473, 3.071172495816, 10.9209851226954, 73.5954047759829
47496.1488679116, -15.4371804737481, 485.09326171875, -15, 0.0805077350651044, 28.6083889007568, -80.599723815918, -313.994003855706, -86.4762102953546, 15, 4.61454208864611, 10.2340271988265, 6.70600933228324, 4.1494838498209, 3.07820982091892, 10.6822135371616, 73.1829904468684
47496.2088679116, -15.4316413849917, 484.109344482422, -15, 0.39662873395179, 28.6083908081055, -80.5997161865234, -313.145653890461, -86.2641228040434, 15, 4.83005742533351, 10.1777232491661, 6.68904233297833, 4.17372417124479, 3.10324895867562, 10.6355385802885, 72.966737543986
47496.2688679116, -15.473481079482, 483.125762939453, -15, 0.836132508703713, 28.6083946228027, -80.5997161865234, -313.145653890461, -85.839947821421, 15, 5.02946538372582, 10.6060038058245, 6.44302084302342, 4.19236489740295, 2.84300064557342, 10.9762208337156, 74.9180826446673
47496.3288679116, -15.5181514924466, 482.144226074219, -15, 0.907501151245595, 28.6083965301514, -80.5997161865234, -313.145653890461, -85.6278603301098, 15, 5.22888706277582, 9.87390335608825, 6.63814133506364, 4.20621319502565, 3.10991072112047, 10.3474422138805, 72.4441054780757
47496.3888679116, -15.5147819780147, 481.162933349609, -15, 0.506887600312535, 28.6083984375, -80.5997085571289, -312.297303925217, -85.4157728387987, 15, 5.43429311516608, 9.5733117839378, 6.62117433575878, 4.21222470882316, 3.16214971343795, 10.0774126397895, 71.6502282034218
47496.4488679116, -15.4656007028627, 480.181365966797, -15, 0.0787352566489831, 28.6084003448486, -80.5997085571289, -312.297303925217, -85.2036853474875, 15, 5.63400716954033, 9.39619449455533, 6.60420733645385, 4.2085681838341, 3.24429491563142, 9.93576232229856, 70.8813940009642
47496.5088679116, -15.4268364021132, 479.201263427734, -15, 0.1293400943472, 28.6084022521973, -80.5997009277344, -311.448953959972, -84.9915978561763, 15, 5.81532105857206, 9.36813028853579, 6.58724033714897, 4.19778552424416, 3.30956872688125, 9.93062470273471, 70.4723765782791
47496.5688679116, -15.4383197457291, 478.340515136719, -15, 0.56218372621435, 28.6084041595459, -80.5997009277344, -311.448953959972, -84.7795103648651, 15, 5.97091361837433, 9.44404996093704, 6.57027333784406, 4.18081681835816, 3.37286491166053, 10.0231262758759, 70.2743521383105
47496.6288679116, -15.4848741722791, 477.798431396484, -15, 0.903906422296174, 28.6084060668945, -80.5996932983398, -310.600603994727, -84.5674228735539, 15, 6.11057966951928, 9.44104943835918, 6.55330633853918, 4.15734151200682, 3.44717846367585, 10.0453315050421, 69.8689363655281
47496.6888679116, -15.5092928556941, 476.818634033203, -15, 0.746916336690393, 28.6084079742432, -80.5996932983398, -310.600603994727, -84.3553353822427, 15, 6.24784408089378, 9.30559983596874, 6.53633933923427, 4.1244562558528, 3.56182699978632, 9.95836457751571, 68.9831222864254
47496.7488679115, -15.4794071258335, 475.840667724609, -15, 0.267370272215077, 28.6084098815918, -80.5996856689453, -309.752254029482, -84.1432478909315, 15, 6.38526978367041, 9.14424491674422, 6.51937233992941, 4.08160795576909, 3.6939776586641, 9.8562975344437, 67.9320448929594
47496.8088679115, -15.4258274571186, 474.862243652344, -15, 0.018896077758051, 28.6084117889404, -80.5996856689453, -309.752254029482, -83.9311603996204, 15, 6.51476077992164, 9.07329393004068, 6.50240534062448, 4.0345143633107, 3.77406322878801, 9.82084099321773, 67.3446085199058
47496.8688679115, -15.4073202417495, 473.883636474609, -15, 0.295103228434332, 28.6084136962891, -80.5996780395508, -308.903904064238, -83.7190729083092, 15, 6.6290807452986, 9.09284283190733, 6.4854383413196, 3.98797045841334, 3.80555712061732, 9.85090013733242, 67.2187981760683
47496.9288679115, -15.4424942332431, 472.905059814453, -15, 0.78027557592119, 28.6084175109863, -80.5996780395508, -308.903904064238, -83.2948979256868, 15, 6.7309073169957, 9.1005463382984, 6.23941685136467, 3.94184056445591, 3.56292564179221, 9.767672289457, 68.549913763597
47496.9888679115, -15.4887217578381, 471.928497314453, -15, 0.921548206922173, 28.608419418335, -80.5996704101563, -308.055554098993, -83.0828104343756, 15, 6.83157749481368, 8.99620711721222, 6.43453734340492, 3.893148832948, 3.88264351866503, 9.79196300902864, 66.5857687756498
47497.0488679115, -15.489982848263, 470.952239990234, -15, 0.551028909625643, 28.6084213256836, -80.5996704101563, -308.055554098993, -82.8707229430644, 15, 6.94090226166366, 8.78330696530061, 6.41757034410001, 3.84179795291453, 3.9520411242336, 9.6250991042454, 65.7075750527735
47497.1088679115, -15.4408522645678, 469.975921630859, -15, 0.0846128217830185, 28.6084232330322, -80.5996627807617, -307.207204133748, -82.6586354517532, 15, 7.05732761007827, 8.57735633497854, 6.40060334479513, 3.79392351778229, 3.95592960610454, 9.43945456627606, 65.1763604241768
47497.1688679115, -15.3947311567065, 469.437225341797, -15, 0.0659390661475602, 28.6084251403809, -80.5996627807617, -307.207204133748, -82.446547960442, 15, 7.17089037910158, 8.47440427183998, 6.38363634549022, 3.75346476728459, 3.91154096412516, 9.32758880105033, 65.1606455084095
47497.2288679115, -15.4018473720534, 468.460388183594, -15, 0.519110725865729, 28.6084270477295, -80.5996551513672, -306.358854168503, -82.2344604691309, 15, 7.27663444873042, 8.43033240157268, 6.36666934618536, 3.72192781073978, 3.84139381819105, 9.25851700304833, 65.4410612890564
47497.2888679115, -15.4525165625439, 467.485595703125, -15, 0.935436475319546, 28.6084289550781, -80.5996551513672, -306.358854168503, -82.0223729778197, 15, 7.38132739855526, 8.3197832633846, 6.34970234688043, 3.69652958195887, 3.79171591957202, 9.13754251002663, 65.4387111143764
47497.3488679115, -15.4854715011268, 466.510772705078, -15, 0.82368547698815, 28.6084308624268, -80.5996475219727, -305.510504203259, -81.8102854865085, 15, 7.49657488038053, 8.08044302024413, 6.33273534757555, 3.67548577802772, 3.75465818636057, 8.90490890512323, 65.0205895598624
47497.4088679114, -15.4604847138868, 465.536468505859, -15, 0.318613882762928, 28.6084327697754, -80.5996398925781, -304.662154238014, -81.5981979951973, 15, 7.62525584204014, 7.79611591438176, 6.31576834827064, 3.66089241324514, 3.68889835899841, 8.61993538343588, 64.6247006605715
47497.4688679114, -15.4019687580956, 464.561767578125, -15, 0.01, 28.608434677124, -80.5996398925781, -304.662154238014, -81.3861105038861, 15, 7.75672265938036, 7.61484314316667, 6.29880134896576, 3.65511913095186, 3.58885128300794, 8.41366424261975, 64.7149754633598
47497.5288679114, -15.3760194798065, 463.588500976563, -15, 0.162031610908071, 28.6084365844727, -80.5996322631836, -303.813804272769, -81.1740230125749, 15, 7.87952765086609, 7.5583676953513, 6.28183434966087, 3.65847792800862, 3.47471354771167, 8.31459084668302, 65.2611216163351
47497.6088679114, -15.4072249014046, 462.615203857422, -15, 0.671969547716798, 28.6084384918213, -80.5996322631836, -303.813804272769, -80.9619355212638, 15, 7.99330917148759, 7.51626859375872, 6.26486735035596, 3.66973877268774, 3.36337673584105, 8.23052947963236, 65.8433873289937
47497.6688679114, -15.4675304429147, 461.642059326172, -15, 0.977581271189456, 28.6084403991699, -80.5996246337891, -302.965454307524, -80.7498480299526, 15, 8.10676560411212, 7.3875076952164, 6.24790035105108, 3.68887531057962, 3.24283097408862, 8.06429607287071, 66.2531416039775
47497.7288679114, -15.4904341117492, 461.107482910156, -15, 0.691745272347559, 28.6084442138672, -80.5996170043945, -302.11710434228, -80.3256730473302, 15, 8.22947649645533, 7.15177234130439, 6.00187886109616, 3.71761325563272, 2.81847613981458, 7.68442252781616, 68.4479291413052
47497.7888679114, -15.4532753696372, 460.134948730469, -15, 0.1567860911515, 28.6084461212158, -80.5996170043945, -302.11710434228, -80.113585556019, 15, 8.35775032642222, 6.94619971890193, 6.19699935313638, 3.7542254283145, 2.93140951109989, 7.53662415978536, 67.0780867804846
47497.8488679114, -15.3999781554527, 459.163757324219, -15, 0.01, 28.6084480285645, -80.599609375, -301.268754377035, -79.9014980647078, 15, 8.47731559517554, 6.89372061918978, 6.1800323538315, 3.79521920813273, 2.81947139266787, 7.44542811867831, 67.7154818924184
47497.9088679114, -15.3919201451834, 458.191986083984, -15, 0.327121580465761, 28.6084499359131, -80.5996017456055, -300.42040441179, -79.6894105733966, 15, 8.58106858723875, 6.93119115448747, 6.16306535452659, 3.83923678005948, 2.7174462832443, 7.44243658109904, 68.551572912521
47497.9688679114, -15.4366953818579, 457.220581054688, -15, 0.814794047366238, 28.6084518432617, -80.5996017456055, -300.42040441179, -79.4773230820855, 15, 8.67160988327278, 6.95845559362899, 6.14609835522171, 3.88454360282414, 2.63118212123087, 7.43701200417475, 69.2470375942928
47498.0288679113, -15.4867562946735, 456.368957519531, -15, 0.911822799132884, 28.6084537506104, -80.5995941162109, -299.572054446546, -79.2652355907743, 15, 8.75799037823973, 6.90015221611856, 6.12913135591681, 3.93535533719695, 2.49611479033842, 7.33570275805169, 70.0739632760418
47498.0888679113, -15.487170722432, 455.579528808594, -15, 0.501439542350385, 28.6084575653076, -80.5995864868164, -298.723704481301, -78.8410606081519, 15, 8.84373030870172, 6.807363706429, 5.88310986596188, 3.99354022432831, 2.05846935202232, 7.11038242777424, 73.141301269665
47498.1488679113, -15.4310808684725, 454.929473876953, -15, 0.01, 28.6084594726563, -80.5995864868164, -298.723704481301, -78.6289731168407, 15, 8.92575819858298, 6.74969518946488, 6.07823035800211, 4.0561530345331, 2.17441258587734, 7.08975042067901, 72.1089566868355
47498.2088679113, -15.3656880041206, 454.258514404297, -15, 0.01, 28.6084613800049, -80.5995788574219, -297.875354516056, -78.4168856255295, 15, 8.99690660141663, 6.77671383259674, 6.06126335869723, 4.11679445124221, 2.10216310296484, 7.09382213445221, 72.7316943742895
47498.2688679113, -15.3506933081241, 453.607818603516, -15, 0.22784166798168, 28.6084632873535, -80.5995712280273, -297.027004550811, -78.2047981342184, 15, 9.05434585997101, 6.84844555762954, 6.04429635939234, 4.17365287003591, 2.05252496650007, 7.14800542215219, 73.2819772115926
47498.3288679113, -15.3956821951087, 452.957000732422, -15, 0.682132356216701, 28.6084651947021, -80.5995635986328, -296.178654585567, -77.9927106429072, 15, 9.09893076660641, 6.92702783041686, 6.02732936008744, 4.22623578359394, 2.01290077957375, 7.2121925996875, 73.7625549319884
47498.3888679113, -15.4688639383419, 452.725372314453, -15, 1, 28.6084690093994, -80.5995635986328, -296.178654585567, -77.5685356602848, 15, 9.13325078091184, 6.99201278609742, 5.78130787013251, 4.27764916878937, 1.66857640824199, 7.18738859453569, 76.5476210685549
47498.4488679113, -15.5148600546139, 452.075531005859, -15, 0.901250183936238, 28.608470916748, -80.5995559692383, -295.330304620322, -77.3564481689736, 15, 9.16192624527211, 7.01755057257791, 5.97642836217274, 4.33206363402801, 1.8083994588036, 7.24568522196141, 75.5170993823069
47498.5088679113, -15.4944718806628, 451.425811767578, -15, 0.330626422653891, 28.6084728240967, -80.5995483398438, -294.481954655077, -77.1443606776624, 15, 9.18771899332612, 7.01891380658383, 5.95946136286786, 4.39044022120267, 1.67930734834654, 7.21603092338304, 76.5140340004225
47498.5688679113, -15.4172571495079, 450.895751953125, -15, 0.01, 28.6084747314453, -80.5995483398438, -294.481954655077, -76.9322731863512, 15, 9.2130073845248, 6.99708350126824, 5.94249436356297, 4.45151370517078, 1.55958438887503, 7.16794089755624, 77.4059180844325
47498.6288679112, -15.3501692817086, 450.265808105469, -15, 0.01, 28.6084766387939, -80.5995407104492, -293.633604689832, -76.72018569504, 15, 9.23524509810364, 7.00436387411755, 5.92552736425806, 4.50619250564595, 1.53840786499355, 7.17049577854082, 77.5839906786128
47498.6888679112, -15.3411239241005, 449.615264892578, -15, 0.267792687565381, 28.6084804534912, -80.5995330810547, -292.785254724588, -76.2960107124177, 15, 9.25328101184114, 7.028186807445, 5.67950587430314, 4.55386044998913, 1.25676449242145, 7.13911315958828, 79.8375110965754
47498.7488679112, -15.3901887859676, 448.985046386719, -15, 0.803450511185349, 28.6084823608398, -80.5995254516602, -291.936904759343, -76.0839232211065, 15, 9.26737444014339, 7.05413912317646, 5.87462636634341, 4.59736382146536, 1.48111712330129, 7.20718328442939, 78.1143109737422
47498.8088679112, -15.4633003448787, 448.334747314453, -15, 1, 28.6084842681885, -80.5995254516602, -291.936904759343, -75.8718357297953, 15, 9.27924650543349, 7.06553872704949, 5.85765936703848, 4.64113730832779, 1.51593432085836, 7.22552649309658, 77.8621269024435
47498.8688679112, -15.4969451457928, 447.705505371094, -15, 0.780300157663182, 28.6084880828857, -80.5995178222656, -291.088554794098, -75.4476607471729, 15, 9.29941829475033, 6.96175568861127, 5.61163787708356, 4.70852477385666, 0.794811938263947, 7.00675790440565, 83.4711300282455
47498.9288679112, -15.462686259422, 447.167602539063, -15, 0.1829533280499, 28.6084899902344, -80.5995101928711, -290.240204828853, -75.2355732558618, 15, 9.32004413298273, 6.93587216709574, 5.80675836912381, 4.76047204642647, 1.12164950303729, 7.02554401878355, 80.792307470604
47498.9888679112, -15.3831404720064, 445.770568847656, -15, 0.01, 28.608491897583, -80.5995025634766, -289.391854863609, -75.0234857645506, 15, 9.34672370645393, 6.8467112923082, 5.78979136981892, 4.8104898647742, 1.06114984498099, 6.92806823385945, 81.1698310044121
47499.0488679112, -15.3328877910259, 444.802490234375, -15, 0.01, 28.6084957122803, -80.5995025634766, -289.391854863609, -74.5993107819282, 15, 9.37766829582096, 6.7703010251246, 5.54376987986398, 4.85747310908563, 0.74030168229151, 6.81046763457213, 83.7455004436817
47499.1088679112, -15.3421196886204, 443.834350585938, -15, 0.421104886718703, 28.6084976196289, -80.599494934082, -288.543504898364, -74.387223290617, 15, 9.40861677147188, 6.73647882144119, 5.73889037190422, 4.89789012428018, 0.992112745834253, 6.80881009248263, 81.6033640172427
47499.1688679112, -15.4071738374319, 443.304443359375, -15, 0.953787505436802, 28.6084995269775, -80.5994873046875, -287.695154933119, -74.1751357993058, 15, 9.44082335216131, 6.68858538021493, 5.72192337259935, 4.9355830394414, 0.954233653012345, 6.75600444930767, 81.8627786430481
47499.2288679112, -15.4906980555216, 442.456695556641, -15, 1, 28.6085033416748, -80.599479675293, -286.846804967874, -73.7509608166835, 15, 9.48010290366997, 6.57403214845815, 5.4759018826444, 4.97621586213454, 0.581149214123035, 6.59955678078463, 84.9371861447692
47499.2888679111, -15.4805692237222, 441.489410400391, -15, 0.399045707388675, 28.6085052490234, -80.599479675293, -286.846804967874, -73.5388733253723, 15, 9.52935820530442, 6.41845067029927, 5.67102237468464, 5.01800852147133, 0.753936055240609, 6.46239497642718, 83.2868032813915
47499.3488679111, -15.4141936105467, 440.523620605469, -15, 0.01, 28.6085071563721, -80.5994720458984, -285.99845500263, -73.3267858340611, 15, 9.58545082858877, 6.28601503535039, 5.65405537537976, 5.0567378990126, 0.718091611471171, 6.32673454333884, 83.4701786118189
47499.4088679111, -15.3691674312308, 439.555633544922, -15, 0.01, 28.6085109710693, -80.5994644165039, -285.150105037385, -72.9026108514387, 15, 9.64276269161205, 6.20826274471578, 5.40803388542484, 5.08940894733966, 0.444435032647419, 6.2240883009273, 85.8973591662949
47499.4688679111, -15.3849923686303, 438.708923339844, -15, 0.519176801191513, 28.608512878418, -80.5994567871094, -284.30175507214, -72.6905233601275, 15, 9.69795933619924, 6.16636017997312, 5.65617625030135, 5.11400823724394, 0.793729607662525, 6.21703870342368, 82.6514672052235
47499.5288679111, -15.446612696467, 437.740966796875, -15, 0.965105058911641, 28.6085147857666, -80.5994491577148, -283.453405106895, -72.4784358688164, 15, 9.75490157429256, 6.08372061825201, 5.58618737816019, 5.1340953559995, 0.731031385294253, 6.12732025789519, 83.1354978785392
47499.5888679111, -15.4848815184177, 436.775299072266, -15, 0.811687287557675, 28.6085186004639, -80.5994491577148, -283.453405106895, -72.054260886194, 15, 9.8209059194195, 5.91700179019683, 5.34016588820523, 5.15183361420782, 0.438121292338813, 5.93314230275642, 85.757823997163
47499.6488679111, -15.4588846165271, 435.809692382813, -15, 0.252895994603009, 28.6085205078125, -80.5994415283203, -282.605055141651, -71.8421733948828, 15, 9.89561298756093, 5.74338871047523, 5.53528638024549, 5.16301730946581, 0.724614439433681, 5.78876671662196, 82.7975323493343
47499.7088679111, -15.3978611492819, 434.963531494141, -15, 0.01, 28.6085243225098, -80.5994338989258, -281.756705176406, -71.4179984122604, 15, 9.97289933942985, 5.62786851134945, 5.28926489029056, 5.16813775424426, 0.483949298840459, 5.64857125277597, 85.0773210596937
47499.7688679111, -15.3732703466441, 433.997283935547, -15, 0.170586613375761, 28.6085262298584, -80.5994262695313, -280.908355211161, -71.2059109209492, 15, 10.0454881228712, 5.59071036262828, 5.48438538233079, 5.16791464070404, 0.771987091177142, 5.64359050473425, 82.1259940631438
47499.8288679111, -15.4061867797467, 433.032653808594, -15, 0.685167131737112, 28.608528137207, -80.5994186401367, -280.060005245916, -70.9938234296381, 15, 10.1131713203101, 5.7316638423024, 5.46741838302593, 5.16168172323458, 0.819387674272453, 5.78974312200723, 81.8511009794676
47499.888867911, -15.4627920733722, 432.066741943359, -15, 0.941956348857591, 28.6085319519043, -80.5994186401367, -280.060005245916, -70.5696484470157, 15, 10.1829207505093, 5.4609844523817, 5.221396893071, 5.14996911788976, 0.593056748167918, 5.49299570341708, 83.792821690984
47499.948867911, -15.4795833143376, 431.222534179688, -15, 0.629841317487859, 28.6085338592529, -80.5994110107422, -279.211655280672, -70.3575609557045, 15, 10.2591274260628, 5.30780851170764, 5.41651738511122, 5.12841973947126, 0.951601182058246, 5.392196587063, 79.8220185131346
47500.008867911, -15.4376001650427, 430.256896972656, -15, 0.100697183601712, 28.6085376739502, -80.5994033813477, -278.363305315427, -69.9333859730821, 15, 10.3397940229389, 5.16920550580949, 5.1704958951563, 5.09918972766559, 0.76830052586357, 5.22583666124024, 81.5349379860131
47500.068867911, -15.3851190889281, 429.292572021484, -15, 0.01, 28.6085395812988, -80.5993957519531, -277.514955350182, -69.7212984817709, 15, 10.4190143767754, 5.09135210297694, 5.36561638719653, 5.0677882269375, 1.06202050330945, 5.20065221480116, 78.2030225742914
47500.128867911, -15.3838926983628, 428.328033447266, -15, 0.375976133173826, 28.6085414886475, -80.5993881225586, -276.666605384937, -69.5092109904597, 15, 10.4902341630665, 5.08859989439676, 5.34864938789165, 5.03507135172497, 1.0942622460667, 5.20462378451455, 77.8490465118405
47500.188867911, -15.4342066430046, 427.483276367188, -15, 0.858398111133635, 28.6085453033447, -80.5993804931641, -275.818255419693, -69.0850360078374, 15, 10.5576467776745, 5.0484418856361, 5.10262789793673, 5.00049413057725, 0.859193863113443, 5.12084642627924, 80.3294622539493
47500.248867911, -15.480135688628, 426.520965576172, -15, 0.870667145730089, 28.6085472106934, -80.5993804931641, -275.818255419693, -68.8729485165262, 15, 10.628473316834, 4.93193370913486, 5.29774838997695, 4.958482959972, 1.21829491213311, 5.07981740299221, 76.1089921894186
47500.308867911, -15.4713982108602, 425.55712890625, -15, 0.409203695559782, 28.6085510253906, -80.5993728637695, -274.969905454448, -68.4487735339038, 15, 10.70716029594, 4.76148063855126, 5.05172690002205, 4.91036448539001, 1.04196915091162, 4.87389957069704, 77.6432512261926
47500.368867911, -15.4173564587145, 424.593139648438, -15, 0.01, 28.6085529327393, -80.599365234375, -274.121555489203, -68.2366860425926, 15, 10.7885277392502, 4.63956194789003, 5.24684739206227, 4.86219095729406, 1.33470330407547, 4.82732560373052, 73.9353287470909
47500.428867911, -15.3817671736307, 423.750152587891, -15, 0.0874804009262798, 28.6085548400879, -80.5993576049805, -273.273205523959, -68.0245985512814, 15, 10.8638015076996, 4.61265189346227, 5.22988039275737, 4.81757964075788, 1.33250174960078, 4.80086249319897, 73.8719300704232
47500.488867911, -15.4036260539206, 422.787384033203, -15, 0.590495749063604, 28.6085586547852, -80.5993499755859, -272.424855558714, -67.6004235686591, 15, 10.9315095174196, 4.60950096339391, 4.98385890280247, 4.77834750736845, 1.03068599708338, 4.7230837199545, 77.383457094716
47500.5488679109, -15.4616307190215, 421.824798583984, -15, 0.952485071951099, 28.6085605621338, -80.5993423461914, -271.576505593469, -67.3883360773479, 15, 10.9969795377166, 4.55571864554837, 5.1789793948427, 4.73888670030231, 1.3147343483952, 4.74125030147701, 73.887641405022
47500.6088679109, -15.4899130557702, 420.862701416016, -15, 0.73602081739238, 28.6085624694824, -80.5993347167969, -270.728155628224, -67.1762485860367, 15, 11.068754241517, 4.40890091339826, 5.16201239553781, 4.6981211775235, 1.35661806842344, 4.61250319741622, 72.8824798302043
47500.6688679109, -15.4554591014282, 420.020294189453, -15, 0.181497191820097, 28.6085662841797, -80.5993347167969, -270.728155628224, -66.7520736034143, 15, 11.1475274454606, 4.2466995507546, 4.91599090558287, 4.65928325792456, 1.08887577678298, 4.38382658380219, 75.6070799121736
47500.7288679109, -15.3959288212155, 419.057861328125, -15, 0.01, 28.6085681915283, -80.5993270874023, -269.87980566298, -66.5399861121032, 15, 11.2229152516197, 4.19235441206402, 5.11111139762311, 4.62384933614922, 1.33179345235706, 4.39844776154902, 72.3631359553494
47500.7888679109, -15.3787967178117, 418.095062255859, -15, 0.238301969730158, 28.608570098877, -80.5993194580078, -269.031455697735, -66.327898620792, 15, 11.289354436576, 4.20433998949577, 5.09414439831823, 4.59585403474717, 1.27094018534695, 4.39190885126472, 73.1673825336227
47500.8488679109, -15.4160374169396, 417.134063720703, -15, 0.731145581196192, 28.6085739135742, -80.5993118286133, -268.18310573249, -65.9037236381696, 15, 11.3492716769997, 4.19984918331671, 4.84812290836329, 4.57481260531697, 0.93158937916942, 4.30174813251362, 77.4831109183122
47500.9088679109, -15.4690851957806, 416.171691894531, -15, 0.918733535508701, 28.6085758209229, -80.5993041992188, -267.334755767245, -65.6916361468584, 15, 11.4076285272335, 4.14758028782092, 5.04324340040354, 4.55600486009622, 1.16625876490873, 4.30815564227017, 74.2825244208374
47500.9688679109, -15.4761591774138, 415.330993652344, -15, 0.545549495412376, 28.6085777282715, -80.5992965698242, -266.486405802001, -65.4795486555472, 15, 11.4690670271143, 4.04515615127332, 5.02627640109865, 4.53965002054519, 1.14128709233123, 4.2028156700174, 74.2328370577187
47501.0288679109, -15.4271372050728, 414.368896484375, -15, 0.0316240631084824, 28.6085815429688, -80.5992889404297, -265.638055836756, -65.0553736729249, 15, 11.5308407443817, 3.96975701223824, 4.78025491114371, 4.52811277616964, 0.811881331154502, 4.0517979882759, 78.4328274131537
47501.0888679109, -15.3762725673636, 413.407958984375, -15, 0.01, 28.6085834503174, -80.5992813110352, -264.789705871511, -64.8432861816137, 15, 11.5857840243175, 3.97417797922761, 4.97537540318397, 4.5209194027935, 1.0114919332532, 4.1006786256934, 75.7102128890039
47501.1488679108, -15.3816784582421, 412.446868896484, -15, 0.429017619652751, 28.608585357666, -80.5992736816406, -263.941355906266, -64.6311986903025, 15, 11.6308520352577, 4.02087054485041, 4.95840840387907, 4.5182311062553, 0.949570827925174, 4.13129567510662, 76.7025146276453
47501.2288679108, -15.435803332756, 411.485961914063, -15, 0.891748844522908, 28.6085872650146, -80.5992660522461, -263.093005941022, -64.4191111989913, 15, 11.6701396031631, 4.0335278099574, 4.94144140457416, 4.52095233981235, 0.8721019409684, 4.12657867064439, 77.7903731535143
47501.2888679108, -15.4760426160016, 410.645202636719, -15, 0.819131122875393, 28.6085910797119, -80.5992584228516, -262.244655975777, -63.9949362163689, 15, 11.7074098045793, 4.01095278727079, 4.69541991461925, 4.52748424961226, 0.531031860226904, 4.04589622908312, 82.4521761697449
47501.3488679108, -15.4570590652712, 409.684844970703, -15, 0.30936630999169, 28.6085929870605, -80.5992584228516, -262.244655975777, -63.7828487250577, 15, 11.7436325334514, 3.97991405854723, 4.89054040665948, 4.53803109766912, 0.712582356016392, 4.04310185105768, 79.8413130138038
47501.4088679108, -15.3995907359319, 408.724273681641, -15, 0.01, 28.6085948944092, -80.599250793457, -261.396306010532, -63.5707612337466, 15, 11.7751409032268, 3.99118252124864, 4.8735734073546, 4.55101543195056, 0.652459428248364, 4.04407621486487, 80.7084993595443
47501.4688679108, -15.3705766225915, 407.764953613281, -15, 0.131015804451461, 28.6085987091064, -80.5992431640625, -260.547956045287, -63.1465862511242, 15, 11.7983129531988, 4.04866027155662, 4.62755191739966, 4.56529844188238, 0.327144623963696, 4.06183399590734, 85.376550490544
47501.5288679108, -15.3966749507719, 406.803894042969, -15, 0.618764528416221, 28.6086006164551, -80.5992279052734, -258.851256114798, -62.934498759813, 15, 11.8142546786754, 4.10374489314436, 4.8226724094399, 4.58031551321509, 0.536073528940274, 4.13855112287446, 82.551387846094
47501.5888679108, -15.4523905749636, 405.962860107422, -15, 0.924005296190372, 28.6086044311523, -80.5992279052734, -258.851256114798, -62.5103237771906, 15, 11.8247284671889, 4.14776087948621, 4.57665091948499, 4.59757290040135, 0.197723164643317, 4.15246269656164, 87.2684082548226
47501.6488679108, -15.4727114660906, 405.004241943359, -15, 0.652206347194429, 28.608606338501, -80.5992202758789, -258.002906149553, -62.2982362858795, 15, 11.8314201941381, 4.17945257067919, 4.77177141152522, 4.61995827712588, 0.353816495511807, 4.19437573246696, 85.1568527694366
47501.7088679108, -15.4302750106975, 404.043914794922, -15, 0.0893736541135011, 28.6086082458496, -80.5992126464844, -257.154556184308, -62.0861487945683, 15, 11.8356396839985, 4.20101016992895, 4.75480441222032, 4.64575502408499, 0.268451727276641, 4.20956334879155, 86.340417285313
47501.7688679107, -15.35683062417, 403.523071289063, -15, 0.01, 28.6086120605469, -80.5992050170898, -256.306206219064, -61.6619738119459, 15, 11.8381982658124, 4.21644603325874, 4.5087829222654, 4.67411318434907, -0.086517184197242, 4.21733195958035, 91.176547091728
47501.8288679107, -15.3207974782611, 402.681671142578, -15, 0.0224460471748482, 28.6086139678955, -80.5991973876953, -255.457856253819, -61.4498863206347, 15, 11.8369874812387, 4.25749044614141, 4.70390341430565, 4.69868239758451, 0.156036953271129, 4.26034360129511, 87.8991215922491
47501.8888679107, -15.3452554658012, 401.720520019531, -15, 0.502804716546404, 28.6086158752441, -80.5991897583008, -254.609506288574, -61.2377988293235, 15, 11.8317876317368, 4.3055218422523, 4.68693641500075, 4.72065590997772, 0.135245115962792, 4.30764148150905, 88.1991241117723
47501.9488679107, -15.4207486751663, 400.761260986328, -15, 1, 28.6086196899414, -80.5991821289063, -253.761156323329, -60.8136238467012, 15, 11.8235522471143, 4.34766552366126, 4.44091492504583, 4.74404908657662, -0.202431006457843, 4.35236661341176, 92.66836568878
47502.0088679107, -15.489356670679, 399.800720214844, -15, 1, 28.60862159729, -80.5991744995117, -252.912806358085, -60.60153635539, 15, 11.8109346888122, 4.40854176961383, 4.63603541708607, 4.76833527261434, -0.00643931355775984, 4.40854646310189, 90.0837713562087
47502.0688679107, -15.4936576472382, 398.842254638672, -15, 0.532461064454217, 28.6086235046387, -80.5991668701172, -252.06445639284, -60.3894488640788, 15, 11.795200257068, 4.46051470197786, 4.61906841778117, 4.79457714554187, -0.0779521343745555, 4.46119442086725, 91.0022129645132
47502.1288679107, -15.4257200257528, 398.001708984375, -15, 0.01, 28.6086273193359, -80.5991592407227, -251.216106427595, -59.9652738814564, 15, 11.7806994790841, 4.46751067826649, 4.37304692782624, 4.82386529267085, -0.43905693191339, 4.4889900671819, 95.6184768418678
47502.1888679107, -15.3419068894664, 397.042694091797, -15, 0.01, 28.6086292266846, -80.5991516113281, -250.367756462351, -59.7531863901452, 15, 11.7693364748307, 4.45170694417419, 4.56816741986647, 4.85054797642357, -0.21104635653559, 4.45669671590133, 92.7169665529057
47502.2488679107, -15.3100085254692, 396.083190917969, -15, 0.0460488766031296, 28.6086311340332, -80.5991439819336, -249.519406497106, -59.541098898834, 15, 11.7589389182193, 4.45647417233628, 4.55120042056159, 4.87080432745631, -0.191642812074798, 4.46058459432962, 92.4648637209153
47502.3088679107, -15.3389470528187, 395.122161865234, -15, 0.583995180905175, 28.6086349487305, -80.5991363525391, -248.671056531861, -59.1169239162117, 15, 11.7492599553202, 4.46285343471668, 4.30517893060667, 4.88892336065054, -0.487588508123185, 4.48935656133424, 96.2412979272187
47502.3688679106, -15.4162726511448, 394.282562255859, -15, 1, 28.6086368560791, -80.5991287231445, -247.822706566616, -58.9048364249005, 15, 11.7398841269329, 4.47302915318663, 4.50029942264691, 4.90460042156448, -0.208967456472716, 4.4778977715608, 92.6774634534607
47502.4288679106, -15.4778698905696, 393.322174072266, -15, 0.994047438534267, 28.6086387634277, -80.59912109375, -246.974356601372, -58.6927489335893, 15, 11.7297546343843, 4.49468333307792, 4.48333242334202, 4.91831278801541, -0.265589391256394, 4.50250721653222, 93.3851077848739
47502.4888679106, -15.4726700395283, 392.363677978516, -15, 0.435041187090627, 28.608642578125, -80.5991134643555, -246.126006636127, -58.2685739509669, 15, 11.7203785094013, 4.50036878029506, 4.23731093338707, 4.93694126079123, -0.632750187986522, 4.54454268821448, 98.0112712220124
47502.5488679106, -15.3974227682291, 390.977600097656, -15, 0.01, 28.6086444854736, -80.5991058349609, -245.277656670882, -58.0564864596557, 15, 11.7180163767952, 4.43503260581502, 4.43243142542733, 4.94493736391429, -0.302184728304215, 4.44529497036622, 93.9017374216263
47502.6088679106, -15.3163693741237, 390.018310546875, -15, 0.01, 28.6086483001709, -80.5990982055664, -244.429306705637, -57.6323114770334, 15, 11.7198830295985, 4.3924728385327, 4.1864099354724, 4.94860886107704, -0.55902757259072, 4.42783434483838, 97.2599291517824
47502.6688679106, -15.2910449504975, 389.178680419922, -15, 0.0817543566151623, 28.6086502075195, -80.5990905761719, -243.580956740393, -57.4202239857222, 15, 11.7255444949891, 4.34969562748803, 4.38153042751263, 4.9507280216783, -0.31224412780306, 4.3608670094259, 94.1098633796831
47502.7288679106, -15.32675398408, 388.217620849609, -15, 0.628036057587938, 28.6086521148682, -80.5990905761719, -243.580956740393, -57.208136494411, 15, 11.7337869831047, 4.31595414230418, 4.36456342820775, 4.94986434311737, -0.302090901617933, 4.32649354524761, 94.007589055618
47502.7888679106, -15.4048982817993, 387.258544921875, -15, 1, 28.6086559295654, -80.5990829467773, -242.732606775148, -56.7839615117886, 15, 11.745724956676, 4.26662628448168, 4.11854193825282, 4.94680308505334, -0.572164341540571, 4.30474929972393, 97.644781809025
47502.8488679106, -15.4675731157991, 386.299987792969, -15, 0.992668837908926, 28.6086578369141, -80.5990753173828, -241.884256809903, -56.5718740204774, 15, 11.7633798285157, 4.19021342768362, 4.31366243029307, 4.93889747221757, -0.280464608989267, 4.199572440072, 93.8326713042688
47502.9088679106, -15.4332026027782, 385.461181640625, -15, 0.152186315201953, 28.6086597442627, -80.5990676879883, -241.035906844658, -56.3597865291663, 15, 11.788655782137, 4.08559827204004, 4.29669543098816, 4.92629671554883, -0.239130422586069, 4.09257860599941, 93.3525295542826
47502.9688679106, -15.3473050314664, 384.502380371094, -15, 0.01, 28.60866355896, -80.5990600585938, -240.187556879414, -55.9356115465439, 15, 11.8211837951925, 3.97595135174281, 4.05067394103325, 4.91206982602411, -0.501539452070927, 4.00740902321333, 97.1951252328212
47503.0288679105, -15.3086113192161, 383.543029785156, -15, 0.01, 28.6086654663086, -80.5990524291992, -239.339206914169, -55.7235240552327, 15, 11.8547964006052, 3.92665742383258, 4.29881630590976, 4.89537916665132, -0.159460062203404, 3.92988882971185, 92.3272983694752
47503.0888679105, -15.3328509156937, 382.583679199219, -15, 0.536844658532656, 28.6086673736572, -80.5990447998047, -238.490856948924, -55.5114365639215, 15, 11.8882479194747, 3.88999351786955, 4.22882743376859, 4.87613866606115, -0.19524808262603, 3.8948828982135, 92.8756003355631
47503.1488679105, -15.3998122455362, 381.744201660156, -15, 0.962219306613076, 28.6086711883545, -80.5990371704102, -237.642506983679, -55.0872615812991, 15, 11.9252972410566, 3.81140112649679, 3.98280594381364, 4.8552321931902, -0.449249836065926, 3.8377475390276, 96.7272821995007
47503.2088679105, -15.4389542343349, 380.785552978516, -15, 0.772167178749209, 28.6086730957031, -80.5990295410156, -236.794157018435, -54.875174089988, 15, 11.9704359959287, 3.67815802613754, 4.17792643585391, 4.82683039893762, -0.10645922106403, 3.67969624530383, 91.6590222998022
47503.2688679105, -15.4122042769749, 379.827056884766, -15, 0.198790895638912, 28.6086750030518, -80.5990219116211, -235.94580705319, -54.6630865986768, 15, 12.0249512997746, 3.5207592009894, 4.16095943654901, 4.79312696307757, -0.0337383816305186, 3.52092064617874, 90.5493771203719
47503.3288679105, -15.3527641780975, 378.868194580078, -15, 0.01, 28.608678817749, -80.5990142822266, -235.097457087945, -54.2389116160544, 15, 12.0834800266053, 3.41214041092177, 3.91493794659409, 4.75979056699482, -0.293137803622853, 3.42469419747814, 94.91310585022
47503.3888679105, -15.3342230370435, 377.910675048828, -15, 0.181718866457666, 28.6086807250977, -80.599006652832, -234.2491071227, -54.0268241247432, 15, 12.1382950874016, 3.5228260142584, 4.11005843863433, 4.7260532209954, -0.0148684956772854, 3.52285735167475, 90.2419744716701
47503.4488679105, -15.3710340047527, 377.071166992188, -15, 0.682023611294915, 28.6086826324463, -80.5989990234375, -233.400757157456, -53.814736633432, 15, 12.1907423580089, 3.34821509399596, 4.09309143932943, 4.69255396596948, 0.00222962393660553, 3.34821583551977, 89.9618242089336
47503.5088679105, -15.4299132155094, 376.113983154297, -15, 0.927384326770149, 28.6086864471436, -80.598991394043, -232.552407192211, -53.3905616508097, 15, 12.2466654312148, 3.24800138089865, 3.8470699493745, 4.65848460507021, -0.246898720989026, 3.25736191359146, 94.3493188731316
47503.5688679105, -15.4463863125798, 375.155426025391, -15, 0.593151460939292, 28.6086883544922, -80.5989837646484, -231.704057226966, -53.1784741594985, 15, 12.3102470024726, 3.0967323666549, 4.04219044141475, 4.61752182082364, 0.104990245211491, 3.09850989457025, 88.0572690837601
47503.6288679104, -15.4052546948589, 374.198577880859, -15, 0.0744120813831859, 28.6086902618408, -80.5989761352539, -230.855707261721, -52.9663866681873, 15, 12.3802442132401, 2.95015117210029, 4.02522344210984, 4.57410152628056, 0.160979975615879, 2.95453610320419, 86.8752829251075
47503.6888679104, -15.354993281401, 373.241333007813, -15, 0.01, 28.6086940765381, -80.5989685058594, -230.007357296477, -52.5422116855649, 15, 12.4481530686113, 2.89107520777827, 3.77920195215493, 4.53416401706619, -0.121601631804262, 2.89362925443444, 92.4095197970651
47503.7488679104, -15.3581643565975, 372.403350830078, -15, 0.386738969378143, 28.6086959838867, -80.5989608764648, -229.159007331232, -52.3301241942537, 15, 12.5079878337234, 2.90150959954844, 3.97432244419517, 4.49635381734696, 0.136328884528466, 2.90470783913685, 87.308761558748
47503.8088679104, -15.4096608488678, 371.884063720703, -15, 0.843405235754993, 28.6086978912354, -80.5989532470703, -228.310657365987, -52.1180367029426, 15, 12.5646093969608, 2.86715697677592, 3.95735544489027, 4.46090187172883, 0.134626151233539, 2.87031325800149, 87.3105570669406
47503.8688679104, -15.4545880972416, 370.927093505859, -15, 0.836316313565049, 28.608699798584, -80.5989456176758, -227.462307400743, -51.9059492116314, 15, 12.6255084900888, 2.75272746101597, 3.94038844558537, 4.42579332391784, 0.152670788441864, 2.75695464375598, 86.8243188121824
47503.9288679104, -15.4426773954772, 369.970367431641, -15, 0.353412091611692, 28.6087036132813, -80.5989379882813, -226.613957435498, -51.481774229009, 15, 12.691830226093, 2.62029985090402, 3.69436695563045, 4.38686410868643, -0.0580487653077874, 2.62094231494432, 91.2695355571509
47503.9888679104, -15.3873471473737, 369.013366699219, -15, 0.01, 28.6087055206299, -80.5989303588867, -225.765607470253, -51.2696867376978, 15, 12.7568984651801, 2.55609879409327, 3.8894874476707, 4.34815968167523, 0.220018052011238, 2.5655441663068, 85.078738153178
47504.0488679104, -15.3557835991388, 368.057647705078, -15, 0.094888732066686, 28.6087074279785, -80.5989227294922, -224.917257505008, -51.0575992463866, 15, 12.8139682590392, 2.56891111280015, 3.87252044836579, 4.3149148252881, 0.184690337634293, 2.57553721894361, 85.8864629983074
47504.1088679104, -15.3799246356701, 367.219757080078, -15, 0.585514189538345, 28.6087093353271, -80.5989151000977, -224.068907539764, -50.8455117550754, 15, 12.8627420343823, 2.59462512234032, 3.85555344906091, 4.28761866782582, 0.13733909903389, 2.598254925585, 86.9690075900195
47504.1688679104, -15.4377913511245, 366.264343261719, -15, 0.927054977503219, 28.6087131500244, -80.5989074707031, -223.220557574519, -50.4213367724531, 15, 12.9071944996181, 2.58575094843798, 3.60953195910597, 4.26087166626576, -0.131672649887268, 2.58909904829646, 92.9161062513206
47504.2288679104, -15.4634570192332, 365.307434082031, -15, 0.687159326469152, 28.608715057373, -80.5988998413086, -222.372207609274, -50.2092492811419, 15, 12.9530151532414, 2.51831247111973, 3.80465245114621, 4.23335446524502, 0.142937355185544, 2.52236310458835, 86.7503833971639
47504.2888679103, -15.4267603041384, 364.352325439453, -15, 0.133336646419498, 28.6087169647217, -80.5988922119141, -221.523857644029, -49.9971617898307, 15, 12.9993001660887, 2.45932728336262, 3.78768545184133, 4.20768430938604, 0.13465869211541, 2.46300883322331, 86.8649826285526
47504.3488679103, -15.368948591229, 363.396881103516, -15, 0.01, 28.6087188720703, -80.5988845825195, -220.675507678785, -49.7850742985195, 15, 13.0403067397205, 2.46407960312437, 3.77071845253642, 4.18707873299451, 0.088129373768461, 2.46565412986696, 87.9510229108624
47504.4088679103, -15.3574109232984, 362.439300537109, -15, 0.263408156067284, 28.6087207794189, -80.598876953125, -219.82715771354, -49.5729868072083, 15, 13.0714678487305, 2.52629803783596, 3.75375145323154, 4.16913225533132, 0.0624645320296545, 2.52706965967881, 88.5831507509241
47504.4688679103, -15.3972380243551, 361.483642578125, -15, 0.733658426899447, 28.6087245941162, -80.5988693237305, -218.978807748295, -49.148811824586, 15, 13.0949477007793, 2.57607781638186, 3.50772996327661, 4.15374953866119, -0.240327217592058, 2.58725630034331, 95.3315761652322
47504.5288679103, -15.4480843303545, 360.528198242188, -15, 0.879019946751084, 28.6087265014648, -80.5988616943359, -218.13045778305, -48.9367243332748, 15, 13.1148679456291, 2.58890067379006, 3.70285045531685, 4.13986883569354, -0.00480813163787372, 2.58890513560176, 90.1064463769211
47504.5888679103, -15.4505948831962, 359.692901611328, -15, 0.481436125846228, 28.6087284088135, -80.5988540649414, -217.282107817806, -48.7246368419636, 15, 13.1325472475163, 2.59121541280579, 3.68588345601194, 4.12853656112708, -0.0373196772031623, 2.59148396178572, 90.8254199691693
47504.6488679103, -15.4011569869137, 358.737701416016, -15, 0.01, 28.6087303161621, -80.5988464355469, -216.433757852561, -48.5125493506524, 15, 13.1466583141935, 2.61107648991042, 3.66891645670706, 4.12165662902428, -0.0942192265925986, 2.61277468461182, 92.0673032666394
47504.7088679103, -15.3571735325297, 357.782073974609, -15, 0.01, 28.6087322235107, -80.5988388061523, -215.585407887316, -48.3004618593412, 15, 13.1541996411925, 2.66883177451973, 3.65194945740217, 4.11578834949564, -0.117932519402561, 2.67143427013161, 92.531098934857
47504.7888679103, -15.3716220271644, 356.826202392578, -15, 0.494255881302288, 28.608736038208, -80.5988235473633, -213.888707956827, -47.8762868767188, 15, 13.1548925817312, 2.73759117493695, 3.40592796744723, 4.11142494300853, -0.423394248166998, 2.77011402196717, 98.7948906380416
47504.8488679103, -15.4301698649756, 355.87060546875, -15, 0.922879264832423, 28.6087379455566, -80.5988159179688, -213.040357991582, -47.6641993854077, 15, 13.1498076411029, 2.80258203078615, 3.60104845948748, 4.10897843868253, -0.205787632129129, 2.81012113776699, 94.2012305174444
47504.9088679102, -15.4647010924211, 354.915405273438, -15, 0.760060279086044, 28.6087398529053, -80.5988082885742, -212.192008026337, -47.4521118940965, 15, 13.1398787480572, 2.86405229937406, 3.58408146018259, 4.10971192098506, -0.259143454624766, 2.87574250589854, 95.1722483268336
47504.9688679102, -15.4368165813551, 353.958557128906, -15, 0.214665513161422, 28.6087417602539, -80.5988006591797, -211.343658061092, -47.2400244027853, 15, 13.1267117677333, 2.91335752148763, 3.56711446087768, 4.11578951654384, -0.340567306065645, 2.93317884901978, 96.6703421112448
47505.0288679102, -15.3762375315219, 353.003173828125, -15, 0.01, 28.6087436676025, -80.5987930297852, -210.495308095848, -47.0279369114741, 15, 13.1104168282773, 2.96532479006567, 3.5501474615728, 4.1213110191491, -0.362335276956283, 2.9873601595589, 96.9695147619092
47505.0888679102, -15.3542199065277, 352.047424316406, -15, 0.172865017651617, 28.6087455749512, -80.5987854003906, -209.646958130603, -46.8158494201629, 15, 13.091639778042, 3.01382337427698, 3.5331804622679, 4.12536846442053, -0.373279349908316, 3.03683062917712, 97.0636297287676
47505.1488679102, -15.3870305653345, 351.211303710938, -15, 0.664900224932099, 28.6087493896484, -80.5987777709961, -208.798608165358, -46.3916744375406, 15, 13.070160079681, 3.06778339752341, 3.28715897231297, 4.12925794263657, -0.671998100541511, 3.1404529604635, 102.360941986931
47505.2088679102, -15.4414772608479, 350.255798339844, -15, 0.902296089927723, 28.6087512969971, -80.5987701416016, -207.950258200113, -46.1795869462294, 15, 13.044919779644, 3.13685082246515, 3.4822794643532, 4.13388304175617, -0.45115080021994, 3.16909556906261, 98.1882699889532
47505.2688679102, -15.4586873061445, 349.300689697266, -15, 0.611952840536816, 28.6087532043457, -80.598762512207, -207.101908234869, -45.9674994549182, 15, 13.0156723623256, 3.21320949265083, 3.46531246504832, 4.13997044605768, -0.493843931157565, 3.25089854355666, 98.7419267778119
47505.3288679102, -15.417742659314, 348.345550537109, -15, 0.0888922151926547, 28.608757019043, -80.5987548828125, -206.253558269624, -45.5433244722958, 15, 12.9848762250483, 3.26686113124084, 3.2192909750934, 4.14996832606306, -0.840730338565368, 3.37319477826418, 104.438963752704
47505.3888679102, -15.3490524110727, 347.828277587891, -15, 0.01, 28.6087589263916, -80.598747253418, -205.405208304379, -45.3312369809846, 15, 12.9545231707091, 3.3000812531625, 3.41441146713363, 4.15811301289076, -0.598273661457994, 3.35381450812358, 100.280961639746
47505.4488679102, -15.3165865923855, 346.872436523438, -15, 0.116207918296854, 28.6087608337402, -80.5987396240234, -204.556858339134, -45.1191494896734, 15, 12.926373739753, 3.31306851223105, 3.39744446782875, 4.16370381237918, -0.600263902219706, 3.36694788204008, 100.274902646152
47505.5088679101, -15.3438175531999, 345.916564941406, -15, 0.575337824746685, 28.6087627410889, -80.5987319946289, -203.70850837389, -44.9070619983623, 15, 12.9001743501622, 3.32626726147341, 3.38047746852384, 4.1706328177864, -0.642795260273886, 3.38773897253438, 100.943258771513
47505.5688679101, -15.4122597998879, 344.959136962891, -15, 0.989681012569111, 28.6087646484375, -80.5987243652344, -202.860158408645, -44.6949745070511, 15, 12.8736487940761, 3.36263540445395, 3.36351046921896, 4.17584085005811, -0.65268296503631, 3.42532081703776, 100.990371269529
47505.6288679101, -15.463353565624, 344.003967285156, -15, 0.898984225076357, 28.6087665557861, -80.5987167358398, -202.0118084434, -44.4828870157399, 15, 12.8455089790825, 3.41383846613653, 3.34654346991405, 4.17985186789221, -0.666386426263812, 3.47819469180016, 101.051465455445
47505.6888679101, -15.4487236868777, 343.049102783203, -15, 0.339349651008919, 28.6087703704834, -80.5987014770508, -200.315108512911, -44.0587120331175, 14.3285087502718, 12.8172740724005, 2.64378851217201, 3.10052197995913, 4.18286654626308, -0.955915840360571, 2.81118198674385, 109.884146490011
47505.7488679101, -15.3705931529437, 342.213714599609, -15, 0.01, 28.608772277832, -80.5986938476563, -199.466758547666, -43.8466245418063, 15, 12.7921542507503, 3.44989565495216, 3.29564247199936, 4.18366590044545, -0.701110047099642, 3.52033253198978, 101.494053874458
47505.8088679101, -15.2993747753698, 341.256286621094, -15, 0.01, 28.6087741851807, -80.5986862182617, -198.618408582421, -43.6345370504951, 15, 12.7730698786754, 3.41377856375129, 3.27867547269448, 4.18190821931117, -0.694332815381536, 3.48359175583795, 101.50299271142
47505.8688679101, -15.2847324911071, 340.300354003906, -15, 0.164421850511087, 28.6087760925293, -80.5986785888672, -197.770058617177, -43.422449559184, 14.9732547239936, 12.7633333677403, 3.30121538706755, 3.26170847338958, 4.18177388951033, -0.731317571373066, 3.38116199843867, 102.497363986782
47505.9288679101, -15.3283149694093, 339.344573974609, -15, 0.695180573414762, 28.6087779998779, -80.5986709594727, -196.921708651932, -43.2103620678728, 14.905386726774, 12.7551449003657, 3.21540966074104, 3.24474147408468, 4.17864198222577, -0.726520795574498, 3.2963824888115, 102.738301134595
47505.9888679101, -15.4044283972658, 338.388946533203, -15, 1, 28.6087799072266, -80.5986633300781, -196.073358686687, -42.9982745765616, 14.8375187295544, 12.7482050171272, 3.1310636708271, 3.2277744747798, 4.17238717896271, -0.700883470444521, 3.20847444240962, 102.623339643839
47506.0488679101, -15.449472656632, 337.433898925781, -15, 0.827538320682995, 28.6087837219238, -80.5986557006836, -195.225008721442, -42.5740995939392, 14.7696507323349, 12.7454803135696, 3.011954423869, 2.98175298482487, 4.16015749734026, -0.922391899547343, 3.14990355238218, 107.033571837297
47506.1088679101, -15.4241186666462, 336.053253173828, -15, 0.218076964670184, 28.6087856292725, -80.5986480712891, -194.376658756198, -42.362012102628, 14.7017827351153, 12.7512360992161, 2.83997132035666, 3.17687347686511, 4.14758746834154, -0.670342228932178, 2.91794923447793, 103.285873842982
47506.16886791, -15.3436040465002, 335.097900390625, -15, 0.01, 28.6087875366211, -80.5986404418945, -193.528308790953, -42.1499246113168, 14.6339147378957, 12.7633538049601, 2.68149161237511, 3.15990647756022, 4.13389009001056, -0.663576670943846, 2.76231962756026, 103.904067991367
47506.22886791, -15.282713925336, 334.580108642578, -15, 0.01, 28.6087894439697, -80.5986328125, -192.679958825708, -41.9378371200057, 14.5660467406761, 12.7799444622499, 2.5364833728645, 3.14293947825532, 4.12088074818264, -0.675792989709734, 2.62490869837413, 104.923034816399
47506.28886791, -15.2809686363569, 333.622467041016, -15, 0.268110373346866, 28.6087913513184, -80.5986251831055, -191.831608860463, -41.7257496286945, 14.4981787434565, 12.7996432675871, 2.40134085060302, 3.12597247895042, 4.10593758633912, -0.659471373568598, 2.49019792336345, 105.36030491153
47506.34886791, -15.3366909043348, 332.666870117188, -15, 0.804749094801646, 28.608793258667, -80.5986175537109, -190.983258895219, -41.5136621373833, 14.430310746237, 12.8235829134739, 2.2497273100729, 3.10900547964553, 4.08924041034863, -0.642843161031789, 2.33972389413927, 105.950473487396
47506.40886791, -15.4304025350009, 331.711456298828, -15, 1, 28.6087951660156, -80.5986099243164, -190.134908929974, -41.3015746460721, 14.3624427490174, 12.8556105074674, 2.04987721888068, 3.09203848034063, 4.06996496750527, -0.614877116145039, 2.14007223096578, 106.70009914612
47506.46886791, -15.4401893713655, 330.756500244141, -15, 0.52438747731122, 28.6087989807129, -80.5986022949219, -189.286558964729, -40.8773996634497, 14.2945747517978, 12.899525914451, 1.79769603321972, 2.84601699038571, 4.04659237935407, -0.841804690457742, 1.98497194210225, 115.095038458828
47506.52886791, -15.3849825316472, 329.801391601563, -15, 0.01, 28.6088008880615, -80.5985946655273, -188.438208999484, -40.6653121721385, 14.2267067545782, 12.9522076138125, 1.56613817301424, 3.04113748242595, 4.02013613196785, -0.545663409980525, 1.65845204161399, 109.210965396059
47506.58886791, -15.3338228455967, 328.965545654297, -15, 0.01, 28.6088027954102, -80.5985870361328, -187.58985903424, -40.4532246808274, 14.1588387573587, 13.0051385025475, 1.41937983628549, 3.07719235595734, 3.99350923817595, -0.469288615264654, 1.49493339997736, 108.296956934715
47506.64886791, -15.3422499616685, 328.011444091797, -15, 0.414529428714745, 28.6088047027588, -80.5985794067383, -186.741509068995, -40.2411371895162, 14.0909707601391, 13.0554877953916, 1.30395633690185, 3.00720348381616, 3.96826007702882, -0.537330228863416, 1.41031062324158, 112.396872009086
47506.70886791, -15.3981395753354, 327.055786132813, -15, 0.86832869318865, 28.6088066101074, -80.5985717773438, -185.89315910375, -40.029049698205, 14.0231027629195, 13.1074887823857, 1.14414598273035, 2.99023648451126, 3.94227221736659, -0.519689432721922, 1.2566269279235, 114.4294476454
47506.7688679099, -15.4420588437295, 326.100646972656, -15, 0.815147437355785, 28.6088085174561, -80.5985641479492, -185.044809138505, -39.8169622068938, 13.9552347656999, 13.1671387466444, 0.915107513909251, 2.97326948520637, 3.91321480504429, -0.475049377687258, 1.03105503427934, 117.435395604964
47506.8288679099, -15.4260991386675, 325.147399902344, -15, 0.302752881577365, 28.6088104248047, -80.5985565185547, -184.196459173261, -39.6048747155826, 13.8873667684803, 13.2362811599756, 0.656161181873817, 2.95630248590148, 3.88118458377309, -0.427800351092574, 0.78329600792435, 123.103654152207
47506.8888679099, -15.3695682292948, 324.192138671875, -15, 0.01, 28.6088123321533, -80.5985488891602, -183.348109208016, -39.3927872242714, 13.8194987712607, 13.3069897690481, 0.474514802308512, 2.93933548659657, 3.84845943944604, -0.402486820878084, 0.622218799826205, 130.304936677731
47506.9488679099, -15.3416181381798, 323.238159179688, -15, 0.110750421013032, 28.608814239502, -80.5985336303711, -181.651409277526, -39.1806997329603, 12.8354128114411, 13.3712012667518, -0.718792506093889, 2.92236848729169, 3.8175063777594, -0.403961455161046, 0.824523476339218, -119.336429903413
47507.0088679099, -15.3692739568355, 322.282318115234, -15, 0.60400446490582, 28.6088161468506, -80.5985260009766, -180.803059312282, -38.9686122416491, 13.615894779602, 13.4290113476512, 0.357102635690419, 2.90540148798679, 3.78821363831435, -0.406303476701454, 0.540927601451476, 138.687507539975
47507.0688679099, -15.4273788851745, 321.328674316406, -15, 0.918416247290319, 28.6088180541992, -80.598518371582, -179.954709347037, -38.7565247503379, 13.5480267823824, 13.4868044513626, 0.0619906175792615, 2.88843448868189, 3.75964776298219, -0.400176194563465, 0.404949084301014, 171.194328561935
47507.1288679099, -15.4499705367278, 320.375335693359, -15, 0.647763748801906, 28.6088218688965, -80.5985107421875, -179.106359381792, -38.3323497677155, 13.4801587851628, 13.5489169824562, -0.137221545143064, 2.64241299872697, 3.73150735124687, -0.666541581007307, 0.680519347421832, -168.366748626448
47507.1888679099, -15.4111829897546, 319.422027587891, -15, 0.0999499786313854, 28.6088237762451, -80.598503112793, -178.258009416548, -38.1202622764043, 13.4122907879433, 13.6079985662486, -0.259368994006778, 2.83753349076722, 3.70127668669102, -0.37573591080088, 0.456561918432623, -145.382736332669
47507.2488679099, -15.3547463109069, 318.906402587891, -15, 0.01, 28.6088256835938, -80.5984954833984, -177.409659451303, -37.9081747850931, 13.3444227907237, 13.6593500688489, -0.325320538225322, 2.82056649146231, 3.67342323180047, -0.38695597479908, 0.50553612128892, -139.945594090462
47507.3088679099, -15.3468468527945, 317.950561523438, -15, 0.283099116297671, 28.6088275909424, -80.5984878540039, -176.561309486058, -37.696087293782, 13.2765547935041, 13.7001561684851, -0.35052958561916, 2.80359949215743, 3.65027436598456, -0.427091630664028, 0.552517850943569, -140.622947725479
47507.3688679098, -15.3895033030643, 316.998382568359, -15, 0.749391822970767, 28.608829498291, -80.5984802246094, -175.712959520813, -37.4839998024708, 13.2086867962845, 13.7334000491507, -0.396556477314016, 2.78663249285253, 3.62689071076774, -0.417547904490814, 0.575847643313347, -136.477001678781
47507.4288679098, -15.4385296885008, 316.044738769531, -15, 0.854132179602082, 28.6088314056396, -80.5984725952148, -174.864609555569, -37.2719123111596, 13.1408187990649, 13.764234288375, -0.491276795924258, 2.76966549354763, 3.60194183220048, -0.392816781672225, 0.629010439205851, -128.645375046653
47507.4888679098, -15.4364717333571, 315.091491699219, -15, 0.428990216621496, 28.6088333129883, -80.5984649658203, -174.016259590324, -37.0598248198484, 13.0729508018454, 13.7948309113552, -0.607491305788195, 2.75269849424274, 3.57466007599454, -0.357603473949409, 0.704926335965301, -120.483761444025
47507.5488679098, -15.3853590249799, 314.138061523438, -15, 0.01, 28.6088352203369, -80.5984573364258, -173.167909625079, -36.8477373285372, 13.0050828046258, 13.8218549119022, -0.686125542034022, 2.73573149493784, 3.54646817342973, -0.335518568454366, 0.763764091858133, -116.059258601052
47507.6088679098, -15.3456304581063, 313.184143066406, -15, 0.0166328501886958, 28.6088371276855, -80.5984497070313, -172.319559659834, -36.635649837226, 12.9372148074062, 13.8414877116558, -0.717757054198981, 2.71876449563295, 3.51981492549163, -0.339762246621923, 0.794108011778832, -115.331762897439
47507.6688679098, -15.3633825165026, 312.22998046875, -15, 0.51557041434222, 28.6088390350342, -80.5984344482422, -170.622859729345, -36.4235623459148, 12.3773038302768, 13.8534082556265, -1.32771798433225, 2.70179749632805, 3.49546613080073, -0.354424825815016, 1.37420141070517, -104.947376668781
47507.7288679098, -15.423436989225, 311.276184082031, -15, 0.930685628439884, 28.6088409423828, -80.5984268188477, -169.7745097641, -36.2114748546037, 12.7336108157475, 13.8600287903533, -0.8557700017775, 2.68483049702316, 3.47199581834522, -0.355877971582297, 0.926812822865588, -112.580951763172
47507.7888679098, -15.4554668392233, 310.322814941406, -15, 0.731909756735515, 28.6088428497314, -80.5984191894531, -168.926159798855, -35.9993873632925, 12.6657428185279, 13.8641698902067, -0.918105625769426, 2.66786349771827, 3.44837093531883, -0.346811109869975, 0.981420191003347, -110.694573161949
47507.8488679098, -15.4229488329024, 309.371276855469, -15, 0.164030640665167, 28.6088447570801, -80.5984115600586, -168.077809833611, -35.7872998719813, 12.5978748213083, 13.8671408212446, -0.99217221112253, 2.65089649841337, 3.42585396670858, -0.351695265347577, 1.05265516311652, -109.518677225165
47507.9088679098, -15.3602126810725, 308.417602539063, -15, 0.01, 28.6088466644287, -80.5984039306641, -167.229459868366, -35.5752123806701, 12.5300068240887, 13.8647037785418, -1.01741043729886, 2.63392949910848, 3.40473092487092, -0.361109762891817, 1.07958814029183, -109.542143846299
47507.9688679098, -15.3411276414673, 307.463470458984, -15, 0.184132410580711, 28.6088485717773, -80.5983963012695, -166.381109903121, -35.3631248893589, 12.4621388268691, 13.8564362449737, -1.03146266346867, 2.61696249980358, 3.38612209412303, -0.384743171818365, 1.10087535295798, -110.456758326839
47508.0288679097, -15.3763094920169, 306.947509765625, -15, 0.673796202777414, 28.608850479126, -80.598388671875, -165.532759937876, -35.1510373980477, 12.3942708296496, 13.8431472879541, -1.04761260306089, 2.59999550049868, 3.36991043156216, -0.410083206743868, 1.1250074051588, -111.378551531463
47508.0888679097, -15.430519534219, 305.993896484375, -15, 0.889157625980352, 28.6088523864746, -80.5983810424805, -164.684409972632, -34.9389499067365, 12.32640283243, 13.8248519416378, -1.05793496063443, 2.58302850119379, 3.35520980867054, -0.428376563919203, 1.1413640988965, -112.04484202901
47508.1488679097, -15.4411052105388, 305.04052734375, -15, 0.538853551152721, 28.6088542938232, -80.5983734130859, -163.836060007387, -34.7268624154254, 12.2585348352104, 13.800859898067, -1.05454452749754, 2.56606150188889, 3.34126884882966, -0.440069566192626, 1.1426738446022, -112.652103331896
47508.2088679097, -15.3948961294959, 303.969207763672, -15, 0.0217242021213563, 28.6088562011719, -80.5983657836914, -162.987710042142, -34.5147749241142, 12.1906668379908, 13.7716895514158, -1.05014729099441, 2.54909450258401, 3.32848119075858, -0.45708542538584, 1.1453004072981, -113.522439853692
47508.2688679097, -15.3461211288981, 303.015411376953, -15, 0.01, 28.6088581085205, -80.5983581542969, -162.139360076897, -34.302687432803, 12.1227988407712, 13.7394196120349, -1.06283900556115, 2.53212750327909, 3.31755445287426, -0.483414197130865, 1.16759977411608, -114.458587057543
47508.3488679097, -15.3540481014198, 302.061248779297, -15, 0.422230494385545, 28.6088581085205, -80.5983428955078, -160.442660146408, -34.302687432803, 11.1387128809516, 13.7054218978651, -2.18720717785978, 2.74421499462424, 3.30865620107979, -0.238854830988967, 2.20020434359647, -96.2337956837349
47508.4088679097, -15.4079321780648, 301.107391357422, -15, 0.86153803185488, 28.6088600158691, -80.5983352661133, -159.594310181163, -34.0905999414918, 11.9191948491125, 13.668259412674, -1.17543556235703, 2.51516050397421, 3.30143940806826, -0.522346423329502, 1.28625668822665, -113.960861764482
47508.4688679097, -15.4472964238851, 300.152099609375, -15, 0.782587465992671, 28.6088619232178, -80.5983276367188, -158.745960215918, -33.8785124501806, 11.8513268518929, 13.6282206431352, -1.18113392836717, 2.49819350466932, 3.29444714148816, -0.537039119095996, 1.29747736625101, -114.451602316475
47508.5288679097, -15.4263714112669, 299.198822021484, -15, 0.261810194772879, 28.6088638305664, -80.5983200073242, -157.897610250674, -33.6664249588694, 11.7834588546734, 13.5889243133879, -1.22392760652465, 2.48122650536443, 3.28571067079053, -0.529956402745825, 1.33372030571376, -113.413735056089
47508.5888679097, -15.3679513274048, 298.245269775391, -15, 0.01, 28.608865737915, -80.5983123779297, -157.049260285429, -33.4543374675582, 11.7155908574538, 13.545355863792, -1.211463724185, 2.46425950605952, 3.27790410486852, -0.550736157322175, 1.33075522469553, -114.448006964958
47508.6488679096, -15.3413550387113, 297.291290283203, -15, 0.121767429794676, 28.6088676452637, -80.5983047485352, -156.200910320184, -33.2422499762471, 11.6477228602342, 13.5002285649636, -1.22427557334796, 2.44729250675462, 3.27184403230189, -0.581784133879902, 1.35546004852848, -115.418695586774
47508.7088679096, -15.3700233697545, 296.335510253906, -15, 0.613194398936501, 28.6088695526123, -80.5982971191406, -155.352560354939, -33.0301624849359, 11.5798548630146, 13.4545250096809, -1.2462351412175, 2.43032550744974, 3.26680815735792, -0.606845348931172, 1.38611154941386, -115.964794144652
47508.7688679096, -15.4273271483891, 295.819763183594, -15, 0.911690870427378, 28.6088714599609, -80.5982894897461, -154.504210389695, -32.8180749936247, 11.511986865795, 13.4056740982893, -1.23871829545595, 2.41335850814485, 3.262545749357, -0.630335040272266, 1.38985012561372, -116.971090937118
47508.8288679096, -15.4516649392387, 294.866302490234, -15, 0.664022085992674, 28.6088733673096, -80.598274230957, -152.807510459205, -32.6059875023135, 10.5279009059754, 13.3509626999635, -2.29705673697316, 2.39639150883994, 3.25887425420546, -0.652716263398131, 2.38794469974782, -105.866384531882
47508.8888679096, -15.4177184905298, 293.911376953125, -15, 0.146879951828617, 28.6088752746582, -80.5982666015625, -151.959160493961, -32.3939000110023, 11.3083828741363, 13.2909987957602, -1.23718620090582, 2.37942450953505, 3.2552663408834, -0.669908489971292, 1.40688923849437, -118.435865848857
47508.9488679096, -15.3464265950927, 292.9560546875, -15, 0.01, 28.6088771820068, -80.598258972168, -151.110810528716, -32.1818125196911, 11.2405148769167, 13.2314897776998, -1.25296042226623, 2.36245751023016, 3.25109959604741, -0.680213665445048, 1.42566710389139, -118.4982306477
47509.0088679096, -15.305549276809, 292.002014160156, -15, 0.01, 28.6088790893555, -80.5982513427734, -150.262460563471, -31.9697250283799, 11.1726468796972, 13.182201309306, -1.37866708619715, 2.34549051092526, 3.24707515652099, -0.697708741062556, 1.54512991898165, -116.844481847652
47509.0688679096, -15.3222881048964, 290.926544189453, -15, 0.429484085298167, 28.6088809967041, -80.5982437133789, -149.414110598226, -31.7576375370688, 11.1047788824776, 13.1355848724892, -1.43210775804836, 2.32852351162037, 3.24219303103722, -0.704181931784535, 1.59583882426165, -116.18560551896
47509.1288679096, -15.3903192964623, 289.970703125, -15, 0.962166113553232, 28.6088829040527, -80.5982360839844, -148.565760632982, -31.5455500457576, 11.036910885258, 13.089235995949, -1.46183770069693, 2.31155651231547, 3.23648905013643, -0.710033959220538, 1.62511793031478, -115.908327291337
47509.1888679096, -15.4587938109251, 289.015441894531, -15, 1, 28.6088848114014, -80.5982284545898, -147.717410667737, -31.3334625544464, 10.9690428880384, 13.0401865814413, -1.4586573064881, 2.29458951301058, 3.22996354114813, -0.714909691140876, 1.62439729736947, -116.112021238909
47509.2488679095, -15.4651837033449, 288.060577392578, -15, 0.521223909071088, 28.60888671875, -80.5982208251953, -146.869060702492, -31.1213750631352, 10.9011748908188, 12.9863829476535, -1.4292434746304, 2.27762251370569, 3.22193871112457, -0.711213673641788, 1.59638869855014, -116.457431717367
47509.3088679095, -15.3966929870322, 287.105621337891, -15, 0.01, 28.6088886260986, -80.5982131958008, -146.020710737247, -30.909287571824, 10.8333068935993, 12.9307444927263, -1.42682917654455, 2.26065551440078, 3.21192736127754, -0.700266017861381, 1.58937491517488, -116.14287893811
47509.3688679095, -15.3106388563006, 286.588165283203, -15, 0.01, 28.6088886260986, -80.5982055664063, -145.172360772003, -30.909287571824, 10.7654388963797, 12.8786510060454, -1.48247619892404, 2.47274300574592, 3.20038165981442, -0.416999253520442, 1.53999521157556, -105.712064339271
47509.4288679095, -15.2739046356254, 285.632263183594, -15, 0.01, 28.6088905334473, -80.5981979370117, -144.324010806758, -30.6972000805128, 10.6975708991601, 12.8327147314422, -1.57164747315117, 2.24368851509589, 3.18804843672585, -0.669756174291399, 1.70837250030555, -113.083356253545
47509.4888679095, -15.2988445293608, 284.674713134766, -15, 0.508470044364851, 28.6088924407959, -80.5981903076172, -143.475660841513, -30.4851125892017, 10.6297029019405, 12.79167441838, -1.65409749246617, 2.226721515791, 3.17483628863742, -0.666041614614745, 1.78312273753498, -111.935065691926
47509.5488679095, -15.3742452698181, 283.718933105469, -15, 1, 28.6088943481445, -80.5981826782227, -142.627310876268, -30.2730250978905, 10.5618349047209, 12.7540673007735, -1.72605784200245, 2.2097545164861, 3.15784142756876, -0.671426672897066, 1.85201324629341, -111.258237069182
47509.6088679095, -15.4399500092959, 282.763702392578, -15, 0.99012920508696, 28.6088962554932, -80.5981750488281, -141.778960911024, -30.0609376065793, 10.4939669075014, 12.7041799837457, -1.62615879184577, 2.19278751718121, 3.13268568028061, -0.538068099328555, 1.71284323657755, -108.31053839719
47509.6688679095, -15.4374763221559, 281.812896728516, -15, 0.422126820640144, 28.6088981628418, -80.5981674194336, -140.930610945779, -29.8488501152681, 10.4260989102818, 12.6664927261122, -1.78572050960067, 2.17582051787631, 3.11217168212213, -0.580791002706767, 1.87776641249776, -108.019132651175
47509.7288679095, -15.3620077846239, 281.036804199219, -15, 0.01, 28.6089000701904, -80.5981597900391, -140.082260980534, -29.6367626239569, 10.3582309130622, 12.6307577950799, -1.84516697116863, 2.15885351857142, 3.09123434447182, -0.572352630268741, 1.9318683774659, -107.235908565908
47509.7888679095, -15.2790459996453, 280.211334228516, -15, 0.01, 28.6089019775391, -80.5981521606445, -139.233911015289, -29.4246751326457, 10.2903629158426, 12.5988536201189, -1.92801621302183, 2.14188651926652, 3.07071664228138, -0.572845439479209, 2.01128678845302, -106.550245312005
47509.8488679095, -15.2498874001693, 279.378753662109, -15, 0.01, 28.6089019775391, -80.59814453125, -138.385561050045, -29.4246751326457, 10.222494918623, 12.5717262069061, -2.02608207009182, 2.35397401061166, 3.05225252470524, -0.317138322028374, 2.05074214473099, -98.897980096438
47509.9088679094, -15.2810987378799, 278.546234130859, -15, 0.54287981127073, 28.6089038848877, -80.5981369018555, -137.5372110848, -29.2125876413345, 10.1546269214035, 12.5493134855506, -2.12921213164726, 2.12491951996163, 3.03539327028249, -0.588367521287664, 2.20897289928005, -105.450258664445
47509.9688679094, -15.3874437680801, 277.713928222656, -15, 1, 28.6089057922363, -80.5981292724609, -136.688861119555, -29.0005001500234, 10.0867589241839, 12.5306348617093, -2.22704668041151, 2.10795252065673, 3.01835060026702, -0.586988799355148, 2.30306735197301, -104.769099234721
47510.0288679094, -15.4346436208064, 276.769409179688, -15, 0.830583588645799, 28.608907699585, -80.5981216430664, -135.84051115431, -28.7884126587122, 10.0188909269643, 12.5144984537046, -2.31604411035539, 2.09098552135184, 2.99807372000973, -0.551219092708014, 2.38070100994377, -103.390663595839
47510.0888679094, -15.4059943312331, 275.937622070313, -15, 0.172294079129244, 28.6089096069336, -80.5981140136719, -134.992161189066, -28.576325167401, 9.95102292974474, 12.5005291166991, -2.4039229163195, 2.07401852204694, 2.97857522060748, -0.556507835161901, 2.46746116680832, -103.037852422086
47510.1488679094, -15.3347990763294, 275.105529785156, -15, 0.01, 28.6089115142822, -80.5981063842773, -134.143811223821, -28.3642376760898, 9.88315493252516, 12.4883417686815, -2.49012269734493, 2.05705152274205, 2.96108840959147, -0.576543367106232, 2.55595461399748, -103.039861633834
47510.2088679094, -15.3054716729551, 274.27294921875, -15, 0.0629094748341146, 28.6089134216309, -80.5980987548828, -133.295461258576, -28.1521501847786, 9.81528693530552, 12.4778656068454, -2.57770230882626, 2.09310639627344, 2.94623795891936, -0.54233246044274, 2.63409855969035, -101.885107443928
47510.2688679094, -15.3334108971264, 273.873107910156, -15, 0.57007106067811, 28.6089134216309, -80.5980911254883, -132.447111293331, -28.1521501847786, 9.747418938086, 12.4693105996552, -2.66972257831957, 2.25217201478229, 2.93372239016484, -0.360192785131442, 2.69389375816083, -97.6865136047437
47510.3288679094, -15.3960681836113, 273.040832519531, -15, 0.924421942256771, 28.6089153289795, -80.5980834960938, -131.598761328087, -27.9400626934674, 9.67955094086639, 12.4629268469341, -2.76688624195567, 2.02311752413226, 2.92242205062183, -0.634189641292711, 2.83858120877237, -102.91419911347
47510.3888679094, -15.4240206161517, 272.208953857422, -15, 0.665711382243828, 28.6089172363281, -80.5980758666992, -130.750411362842, -27.7279752021562, 9.61168294364684, 12.4587078154827, -2.86662042850064, 2.00615052482736, 2.90963759271562, -0.624909599577441, 2.93388799869279, -102.302550257388
47510.4488679094, -15.3867839267747, 271.257385253906, -15, 0.087552713694682, 28.6089191436768, -80.5980682373047, -129.902061397597, -27.5158877108451, 9.54381494642723, 12.4553552055156, -2.95445003220444, 1.98918352552247, 2.89488926842167, -0.608476769155757, 3.0164036134031, -101.642302213424
47510.5088679093, -15.3277048870707, 270.425170898438, -15, 0.01, 28.6089210510254, -80.5980606079102, -129.053711432352, -27.3038002195339, 9.47594694920765, 12.4511996926819, -3.02466113644445, 1.97221652621758, 2.88282728554714, -0.641772569526065, 3.09193537177815, -101.984516710439
47510.5688679093, -15.3176792146243, 269.592590332031, -15, 0.236038019511898, 28.608922958374, -80.5980529785156, -128.205361467108, -27.0917127282227, 9.4080789519881, 12.4459215507956, -3.10416830111368, 1.95524952691268, 2.87290482639171, -0.672171848079511, 3.17604056663737, -102.223634131861
47510.6288679093, -15.3600509785337, 268.760040283203, -15, 0.717215392326444, 28.608922958374, -80.5980453491211, -127.357011501863, -27.0917127282227, 9.34021095476849, 12.4403136258497, -3.16424726413007, 2.16733701825781, 2.86428288070972, -0.420743825900941, 3.19206925117848, -97.577818862471
47510.6888679093, -15.4134052813844, 267.927947998047, -15, 0.864571284724544, 28.6089248657227, -80.5980377197266, -126.508661536618, -26.8796252369115, 9.27234295754893, 12.4348425774856, -3.24238986834669, 1.93828252760779, 2.85653727342782, -0.695628822792228, 3.31609331051981, -102.114781663178
47510.7488679093, -15.4168887018717, 267.528839111328, -15, 0.454965350993781, 28.6089267730713, -80.598030090332, -125.660311571374, -26.6675377456003, 9.20447496032934, 12.4288444844851, -3.31329792875878, 1.92131552830288, 2.84703126935809, -0.687533478638004, 3.38380235969316, -101.729003024237
47510.8088679093, -15.3663147378738, 266.570159912109, -15, 0.01, 28.6089286804199, -80.5980224609375, -124.811961606129, -26.4554502542891, 9.13660696310977, 12.4205323664194, -3.36359508832945, 1.90434852899799, 2.83455252176166, -0.66375006781194, 3.42838589337881, -101.168965362352
47510.8688679093, -15.3238677769442, 265.737762451172, -15, 0.01, 28.6089305877686, -80.598014831543, -123.963611640884, -26.2433627629779, 9.06873896589019, 12.4092727185728, -3.40405413001469, 1.8873815296931, 2.82384044296513, -0.689484535771626, 3.47309861199173, -101.456532576156
47510.9288679093, -15.337428431409, 264.905151367188, -15, 0.452458455888171, 28.6089305877686, -80.5980072021484, -123.115261675639, -26.2433627629779, 9.0008709686706, 12.3958225709252, -3.44948752244793, 2.09946902103824, 2.8142482729297, -0.435096897278859, 3.47678654735454, -97.1931995844923
47510.9888679093, -15.3953838907064, 264.065826416016, -15, 0.882742925527626, 28.6089324951172, -80.5979995727539, -122.266911710395, -26.0312752716668, 8.93300297145102, 12.3805480437748, -3.49642441854357, 1.87041453038821, 2.80487929562552, -0.701512119465767, 3.56601905993925, -101.351607365246
47511.0488679093, -15.4325697841837, 263.23388671875, -15, 0.74944452251351, 28.6089344024658, -80.5979919433594, -121.41856174515, -25.8191877803556, 8.86513497423145, 12.3623749238111, -3.52917068708344, 1.85344753108331, 2.79401309750146, -0.694425212021304, 3.59675716360124, -101.138323506062
47511.1088679093, -15.4066031577812, 262.402038574219, -15, 0.199646515975522, 28.6089363098145, -80.5979843139648, -120.570211779905, -25.6071002890444, 8.79726697701189, 12.3398248733785, -3.54190845326736, 1.83648053177842, 2.77957568107735, -0.662314385561521, 3.60322312865048, -100.597991624575
47511.1688679092, -15.3463099176169, 261.443237304688, -15, 0.01, 28.6089382171631, -80.5979766845703, -119.72186181466, -25.3950127977332, 8.72939897979228, 12.3130969032162, -3.55164750718744, 1.81951353247352, 2.76584769317233, -0.673863284929708, 3.61492876431833, -100.749659607153
47511.2288679092, -15.3246386214089, 261.04345703125, -15, 0.145992318041481, 28.6089382171631, -80.5979690551758, -118.873511849416, -25.3950127977332, 8.87361847391785, 12.2840220143964, -3.32227130319841, 2.03160102381866, 2.75319323032704, -0.415341145824152, 3.34810416490641, -97.1298800404956
47511.2888679092, -15.3572836111509, 260.203948974609, -15, 0.633416725772811, 28.6089401245117, -80.5979614257813, -118.025161884171, -25.182925306422, 8.59366298535312, 12.2532225265907, -3.60620824997124, 1.80254653316862, 2.74112412000823, -0.682140274039247, 3.67007338935652, -100.718017975114
47511.3488679092, -15.4131929500978, 259.364807128906, -15, 0.885674799157448, 28.6089420318604, -80.5979537963867, -117.176811918926, -24.9708378151108, 8.52579498813356, 12.2188888499874, -3.61332340304504, 1.78557953386373, 2.72892117618856, -0.68708481059816, 3.67798389521058, -100.773156368875
47511.4088679092, -15.4280016967671, 258.526031494141, -15, 0.56054662030609, 28.608943939209, -80.5979461669922, -116.328461953681, -24.7587503237996, 8.45792699091396, 12.1771456823246, -3.57280981912248, 1.76861253455884, 2.7149757498215, -0.673853690575779, 3.63572002364459, -100.687389875002
47511.4688679092, -15.3843953789181, 257.574462890625, -15, 0.0324544703336408, 28.608943939209, -80.5979385375977, -115.480111988437, -24.7587503237996, 8.3900589936944, 12.1293743224026, -3.53888745047422, 1.98070002590397, 2.70012337000598, -0.392887964703409, 3.56060233619941, -96.3389936498697
47511.5288679092, -15.3330114487646, 256.735229492188, -15, 0.01, 28.6089458465576, -80.5979309082031, -114.631762023192, -24.5466628324885, 8.32219099647483, 12.0793806239819, -3.54036753781736, 1.75164553525395, 2.68552310269061, -0.653314484247268, 3.60006649332735, -100.461629499561
47511.5888679092, -15.3374585275145, 255.895721435547, -15, 0.376542268267888, 28.6089477539063, -80.5979232788086, -113.783412057947, -24.3345753411773, 8.25432299925521, 12.030141379567, -3.57253207227164, 1.73467853594904, 2.67168602976589, -0.665264544307432, 3.63386689536054, -100.555051987272
47511.6488679092, -15.3890125426696, 255.240692138672, -15, 0.822988162117657, 28.6089496612549, -80.5979156494141, -112.935062092702, -24.1224878498661, 8.18645500203564, 11.9795255209422, -3.58174433879439, 1.71771153664415, 2.65695581342882, -0.659580796309886, 3.64189133219915, -100.440585132368
47511.7088679092, -15.4315457129315, 254.31462097168, -15, 0.792936899201261, 28.6089496612549, -80.5979080200195, -112.086712127458, -24.1224878498661, 8.11858700481608, 11.922928232406, -3.53773749482638, 1.92979902798929, 2.6417460985027, -0.382456331135231, 3.55832453452131, -96.1739932019484
47511.7688679091, -15.4162419583879, 253.388366699219, -15, 0.298156222951863, 28.6089515686035, -80.597900390625, -111.238362162213, -23.9104003585549, 8.05071900759652, 11.858423184167, -3.4649800590685, 1.70074453733926, 2.62572810331251, -0.630572313184678, 3.52182103383131, -100.320015565062
47511.8288679091, -15.3600120361623, 252.464904785156, -15, 0.01, 28.6089534759521, -80.5978927612305, -110.390012196968, -23.6983128672437, 7.98285101037692, 11.7901315822728, -3.42889056524388, 1.68377753803436, 2.60969027379031, -0.632044521245076, 3.48658769542267, -100.449941555229
47511.8888679091, -15.3307701579338, 251.5439453125, -15, 0.0890724602709524, 28.6089553833008, -80.5978851318359, -109.541662231723, -23.4862253759325, 7.91498301315733, 11.7240428113752, -3.45533938267897, 1.66681053872947, 2.59435902612109, -0.641629770831217, 3.51433632301843, -100.525585875648
47511.9688679091, -15.3566880058045, 250.622634887695, -15, 0.57679482041053, 28.6089553833008, -80.5978775024414, -108.693312266479, -23.4862253759325, 7.84711501593775, 11.6607994953726, -3.49163175978044, 1.8788980300746, 2.58023577168873, -0.382677610913569, 3.51251379664537, -96.2583644902579
47512.0288679091, -15.4156351041707, 249.698181152344, -15, 0.913479483573733, 28.6089572906494, -80.5978698730469, -107.844962301234, -23.2741378846214, 7.77924701871819, 11.5961263011993, -3.48345686929537, 1.64984353942458, 2.56662793515967, -0.646917845529932, 3.54294491637493, -100.526748152029
47512.0888679091, -15.4393296621773, 248.771469116211, -15, 0.646038849843105, 28.608959197998, -80.5978698730469, -107.844962301234, -23.0620503933102, 8.62759698409872, 11.5239831203906, -2.30590305918475, 1.63287654011968, 2.55173884339223, -0.637150099570966, 2.39226460977709, -105.449815332078
47512.1488679091, -15.4001322400627, 247.845855712891, -15, 0.0851423867411163, 28.6089611053467, -80.5978622436523, -106.996612335989, -22.849962901999, 7.71137902149861, 11.4457219813468, -3.25251227086687, 1.61590954081479, 2.53294598687782, -0.596471645311069, 3.30669506393563, -100.397164781035
47512.2088679091, -15.342161052279, 246.923782348633, -15, 0.01, 28.6089611053467, -80.5978546142578, -106.148262370744, -22.849962901999, 7.64351102427901, 11.3678227774935, -3.24632876186313, 1.82799703215992, 2.51606572551308, -0.341249134775028, 3.26419618935748, -96.0039602643316
47512.2688679091, -15.3351927002579, 246.003372192383, -15, 0.279134256273701, 28.6089630126953, -80.5978469848633, -105.2999124055, -22.6378754106878, 7.57564302705946, 11.2908480698688, -3.24687479468955, 1.59894254150989, 2.50287729200878, -0.637749042810357, 3.30884939238024, -101.118109756757
47512.3288679091, -15.3783995929135, 245.08122253418, -15, 0.742738585525995, 28.6089649200439, -80.5978393554688, -104.451562440255, -22.4257879193766, 7.50777502983984, 11.2187632594444, -3.29294018379276, 1.58197554220499, 2.49065607070226, -0.653661306704759, 3.35712043387317, -101.233271431343
47512.388867909, -15.4273812870844, 244.156234741211, -15, 0.842407913388153, 28.6089668273926, -80.5978317260742, -103.60321247501, -22.2137004280654, 7.4399070326203, 11.1456691985315, -3.27879985977317, 1.5650085429001, 2.47529955040516, -0.624787066207662, 3.33773294117284, -100.794120298817
47512.448867909, -15.4264230862304, 243.230163574219, -15, 0.427842459109281, 28.6089668273926, -80.5978240966797, -102.754862509766, -22.2137004280654, 7.37203903540068, 11.0673031712957, -3.2156997189974, 1.77709603424523, 2.46100710422924, -0.364182229037936, 3.23623455430864, -96.4646139809784
47512.508867909, -15.3703495835373, 242.306365966797, -15, 0.01, 28.6089687347412, -80.5978164672852, -101.906512544521, -22.0016129367542, 7.30417103818114, 10.9862699373305, -3.1754386269436, 1.5480415435952, 2.44833251432673, -0.64055684725396, 3.2393368696411, -101.410243116101
47512.568867909, -15.3059406674666, 241.386642456055, -15, 0.01, 28.6089706420898, -80.5978088378906, -101.058162579276, -21.7895254454431, 7.23630304096155, 10.9103349839391, -3.21894550444828, 1.53107454429031, 2.43648847450291, -0.655553147777489, 3.28495172678296, -101.516782658412
47512.628867909, -15.2927296339657, 240.468963623047, -15, 0.212502511642644, 28.6089706420898, -80.5978012084961, -100.209812614031, -21.7895254454431, 7.16843504374196, 10.8435240740465, -3.31365949766238, 1.74316203563544, 2.42306257949885, -0.369526472679828, 3.3341770801833, -96.3665891244297
47512.688867909, -15.3355845589684, 239.54997253418, -15, 0.69706427847283, 28.6089725494385, -80.5977935791016, -99.3614626487865, -21.5774379541319, 7.10056704652238, 10.7831848418114, -3.38962036290456, 1.51410754498542, 2.41228943263487, -0.658530475760583, 3.45292376735532, -101.00040401093
47512.748867909, -15.4054698631686, 238.627182006836, -15, 0.994635561867054, 28.6089744567871, -80.597785949707, -98.5131126835418, -21.3653504628207, 7.03269904930281, 10.7254561838016, -3.43010896649504, 1.49714054568052, 2.40288141881529, -0.681796033313019, 3.49713280788627, -101.248333266195
47512.808867909, -15.4408334256346, 237.701110839844, -15, 0.744962943722179, 28.6089744567871, -80.597785949707, -98.5131126835418, -21.3653504628207, 7.88104901468334, 10.6657495165679, -2.32233173541564, 1.70922803702565, 2.38979539649178, -0.375216072281017, 2.35243165325597, -99.1802968754804
47512.868867909, -15.4037340499573, 236.775909423828, -15, 0.106428154386274, 28.6089763641357, -80.5977783203125, -97.6647627182971, -21.1532629715095, 6.96483105208323, 10.6032628707134, -3.32119258838937, 1.48017354637562, 2.37763505143696, -0.645284296586599, 3.3832300485584, -101.000959329952
47512.928867909, -15.3178510675449, 235.855072021484, -15, 0.01, 28.6089782714844, -80.597770690918, -96.8164127530523, -20.9411754801983, 6.89696305486365, 10.5426755426214, -3.35110999646283, 1.46320654707074, 2.36708519717225, -0.66963210572849, 3.41728458504426, -101.30626285277
47512.9888679089, -15.2639769690916, 234.938507080078, -15, 0.01, 28.608980178833, -80.5977630615234, -95.9680627878076, -20.7290879888871, 6.82909505764408, 10.4884499440285, -3.43329378274738, 1.44623954776583, 2.35641978441693, -0.676584532823501, 3.49924631808504, -101.154440665621
47513.0488679089, -15.2705056845152, 234.022903442383, -15, 0.32653468049401, 28.608980178833, -80.5977554321289, -95.1197128225628, -20.7290879888871, 6.76122706042447, 10.4410251861048, -3.52804195548052, 1.65832703911097, 2.3474262737295, -0.428419810606878, 3.55392621474244, -96.9279552130091
47513.1088679089, -15.3304228886721, 233.104553222656, -15, 0.833338494831412, 28.6089820861816, -80.5977478027344, -94.2713628573181, -20.5170004975759, 6.69335906320493, 10.3991463735579, -3.61691190325004, 1.42927254846094, 2.34010848401885, -0.730284204532394, 3.6898046175231, -101.422105607277
47513.1688679089, -15.4007071651135, 232.181945800781, -15, 0.992419283314562, 28.6089839935303, -80.5977401733398, -93.4230128920734, -20.3049130062648, 6.62549106598532, 10.3598395502392, -3.67914581330822, 1.41230554915605, 2.33302019065566, -0.726691569642684, 3.75012913479161, -101.180236017697
47513.2288679089, -15.4195362664396, 231.256942749023, -15, 0.584972476209037, 28.6089839935303, -80.5977401733398, -93.4230128920734, -20.3049130062648, 7.47384103136587, 10.3075688417615, -2.47046238975257, 1.62439304050118, 2.31861105177931, -0.382103689040272, 2.49981942486018, -98.7948243875366
47513.2888679089, -15.3623221067782, 230.027191162109, -15, 0.01, 28.6089859008789, -80.5977325439453, -92.5746629268286, -20.0928255149536, 6.55762306876576, 10.2688076459058, -3.66073234683411, 1.39533854985115, 2.30910286167825, -0.695116996046726, 3.72605572741634, -100.758479826283
47513.3488679089, -15.2763127949495, 229.110534667969, -15, 0.01, 28.6089859008789, -80.5977249145508, -91.7263129615839, -20.0928255149536, 6.48975507154618, 10.2306180515503, -3.7043069630606, 1.60742604119629, 2.29966722606757, -0.430430133314661, 3.72919588716262, -96.6324035365567
47513.4088679089, -15.2363585267838, 228.196197509766, -15, 0.01, 28.6089878082275, -80.5977172851563, -90.8779629963391, -19.8807380236424, 6.42188707432658, 10.1938265881851, -3.75784327730017, 1.37837155054626, 2.28966344214729, -0.688156273428265, 3.82024422365159, -100.384364464132
47513.4688679089, -15.2586079873647, 227.280639648438, -15, 0.445571806826084, 28.6089897155762, -80.5977096557617, -90.0296130310944, -19.6686505323312, 6.35401907710702, 10.1642580761759, -3.87831831652336, 1.36140455124136, 2.28138112564546, -0.716344552923737, 3.94382029370342, -100.472423115157
47513.5288679089, -15.3303342879747, 226.360885620117, -15, 0.931587113472421, 28.6089897155762, -80.5977020263672, -89.1812630658496, -19.6686505323312, 6.28615107988742, 10.1395755813294, -3.98131314570514, 1.5734920425865, 2.27364610316661, -0.458450569001922, 4.00757943177662, -96.5738852476499
47513.5888679089, -15.4076626749942, 225.437210083008, -15, 1, 28.6089916229248, -80.5977020263672, -89.1812630658496, -19.45656304102, 7.13450104526797, 10.1173210368056, -2.96265692904614, 1.34443755193647, 2.26577476877671, -0.723060039733356, 3.0495386300618, -103.720903985495
47513.6488679088, -15.3844564452615, 224.513336181641, -15, 0.193377936128888, 28.6089935302734, -80.5976943969727, -88.3329131006049, -19.2444755497088, 6.21828308266786, 10.0957351996972, -4.04522902506101, 1.32747055263157, 2.25694288689218, -0.723774389090475, 4.10936205734276, -100.152045336756
47513.7088679088, -15.3011600592676, 221.930099487305, -15, 0.01, 28.6089935302734, -80.5976867675781, -87.4845631353602, -19.2444755497088, 6.15041508544828, 10.071850787925, -4.07737644237825, 1.53955804397671, 2.24656185609041, -0.441744875626455, 4.1011958822273, -96.1884550149628
47513.7688679088, -15.2583313311129, 221.401763916016, -15, 0.01, 28.6089954376221, -80.5976791381836, -86.6362131701154, -19.0323880583976, 6.08254708822869, 10.0443955328971, -4.09254040951073, 1.36352542616296, 2.23859162869181, -0.668052817881599, 4.14661576554864, -99.2785501037864
47513.8288679088, -15.2753697962675, 220.317428588867, -15, 0.419009224688568, 28.6089973449707, -80.5976715087891, -85.7878632048707, -18.8203005670865, 6.01467909100911, 10.0217025625406, -4.19677750255097, 1.29353655402178, 2.23058089056016, -0.742583697964327, 4.26185234498403, -100.04265870529
47513.8888679088, -15.3353791144583, 219.351287841797, -15, 0.839121259592188, 28.6089973449707, -80.5976715087891, -85.7878632048707, -18.8203005670865, 6.86302905638965, 10.0034801947781, -3.20348099940915, 1.50562404536692, 2.22056470111284, -0.456433732246938, 3.23580053968379, -98.1130410406847
47513.9488679088, -15.3774388042133, 218.38557434082, -15, 0.733865345182833, 28.6089992523193, -80.5976638793945, -84.939513239626, -18.6082130757753, 5.94681109378956, 9.98693574351361, -4.30229245278439, 1.27656955471689, 2.21085898667548, -0.723317587461226, 4.36255945395034, -99.5520918523071
47514.0088679088, -15.3582906123613, 217.302047729492, -15, 0.206801216865212, 28.609001159668, -80.59765625, -84.0911632743812, -18.3961255844641, 5.87894309656995, 9.96707467286936, -4.32918744981708, 1.25960255541199, 2.20099847206431, -0.730862204905225, 4.39033103728532, -99.5911347292481
47514.0688679088, -15.3040012790762, 216.774185180664, -15, 0.01, 28.609001159668, -80.5976486206055, -83.2428133091365, -18.3961255844641, 5.8110750993504, 9.9402046324362, -4.31077277777995, 1.47169004675713, 2.19022084055099, -0.45468400692838, 4.33464061375581, -96.0266589911524
47514.1288679088, -15.2848193650809, 215.807846069336, -15, 0.126678997951043, 28.6090030670166, -80.5976409912109, -82.3944633438917, -18.1840380931529, 5.74320710213079, 9.91569910855985, -4.45105471466902, 1.2426355561071, 2.18134388404912, -0.738467023020387, 4.51177616084658, -99.4290966120703
47514.1888679088, -15.3187553189974, 214.721817016602, -15, 0.605176383117817, 28.6090030670166, -80.5976409912109, -82.3944633438917, -18.1840380931529, 6.59155706751134, 9.89423549890958, -3.37841536425557, 1.45472304745223, 2.17420664270478, -0.493226185528176, 3.41418810845749, -98.3107689031042
47514.2488679087, -15.3775066072102, 213.755844116211, -15, 0.87298716347546, 28.6090049743652, -80.5976333618164, -81.546113378647, -17.9719506018417, 5.67533910491121, 9.87397329188576, -4.46809547772531, 1.2256685568022, 2.16730158710039, -0.762692344800863, 4.53259276205885, -99.6962351694648
47514.3088679087, -15.3971860866157, 212.79020690918, -15, 0.569451352620661, 28.6090068817139, -80.5976257324219, -80.6977634134022, -17.7598631105305, 5.60747110769165, 9.84958646170123, -4.48157191576566, 1.20870155749731, 2.16034115565214, -0.774717451549003, 4.54790605146471, -99.8171615328481
47514.3688679087, -15.3561786220201, 211.824554443359, -15, 0.024856426333047, 28.6090068817139, -80.5976181030273, -79.8494134481575, -17.7598631105305, 5.53960311047207, 9.81577998489507, -4.43081498015463, 1.42078904884244, 2.15244221910349, -0.501787678973007, 4.4590817589703, -96.4674988252384
47514.4288679087, -15.3051406622939, 211.176818847656, -15, 0.01, 28.6090087890625, -80.5976104736328, -79.0010634829128, -17.5477756192193, 5.47173511325247, 9.7812441141102, -4.46610529748803, 1.19173455819241, 2.14540378821992, -0.7773842088829, 4.53312235416205, -99.8836645640375
47514.4888679087, -15.3089928731855, 210.21044921875, -15, 0.34294858785931, 28.6090087890625, -80.5976104736328, -79.0010634829128, -17.5477756192193, 6.32008507863302, 9.75022999343936, -3.44814398232101, 1.40382204953755, 2.13867139559043, -0.518301640262156, 3.48683368060816, -98.5532873097288
47514.5488679087, -15.3587385373352, 209.244277954102, -15, 0.777292127111937, 28.6090106964111, -80.5976028442383, -78.152713517668, -17.3356881279082, 5.40386711603291, 9.72070892293399, -4.5297008595754, 1.17476755888751, 2.13077831960814, -0.772662110790058, 4.59499208678314, -99.6897768781531
47514.6088679087, -15.4029351181831, 208.156951904297, -15, 0.777663957812218, 28.6090126037598, -80.5975952148438, -77.3043635524233, -17.123600636597, 5.33599911881331, 9.68582751604577, -4.51829130117398, 1.15780055958263, 2.1240034043498, -0.79665394059384, 4.5878423717754, -100.009320503918
47514.6688679087, -15.3911641287226, 207.191375732422, -15, 0.301843533812461, 28.6090126037598, -80.5975875854492, -76.4560135871785, -17.123600636597, 5.26813112159375, 9.64161174750117, -4.45595444738025, 1.36988805092776, 2.11693868523969, -0.53122147990987, 4.48744438688354, -96.8051895763242
47514.7288679087, -15.3375706656423, 206.661834716797, -15, 0.01, 28.6090145111084, -80.5975875854492, -76.4560135871785, -16.9115131452858, 6.11648108697428, 9.5964042717516, -3.37585639988345, 1.14083356027773, 2.11052839160068, -0.805520587933937, 3.47052140374939, -103.427586777191
47514.7888679087, -15.3076144041125, 205.575927734375, -15, 0.0598245777484751, 28.6090145111084, -80.5975799560547, -75.6076636219338, -16.9115131452858, 5.4123506157193, 9.55302808655073, -4.18955885512039, 1.35292105162286, 2.10322737340653, -0.53379731472694, 4.22336772664095, -97.267311229442
47514.8488679087, -15.3332565246282, 204.607833862305, -15, 0.550786087864666, 28.609016418457, -80.5975723266602, -74.7593136566891, -16.6994256539746, 5.13239512715459, 9.51124929365564, -4.49397212548369, 1.12386656097284, 2.09586295198555, -0.799774563367969, 4.56444000694327, -100.100875271286
47514.9088679086, -15.393703291277, 203.63996887207, -15, 0.903633792083564, 28.6090183258057, -80.5975646972656, -73.9109636914443, -16.4873381626634, 5.06452712993501, 9.46696365070147, -4.49984391191954, 1.10689956166794, 2.09132544613193, -0.843549766718114, 4.57806812957856, -100.627851205909
47514.9688679086, -15.4204291703692, 202.552917480469, -15, 0.651874849847403, 28.6090183258057, -80.5975646972656, -73.9109636914443, -16.4873381626634, 5.91287709531555, 9.41618112734669, -3.35801810383946, 1.31898705301307, 2.08317050042824, -0.543542953821423, 3.40167402551778, -99.1994320652925
47515.0288679086, -15.3826708907222, 202.02360534668, -15, 0.0790446059653325, 28.6090202331543, -80.5975570678711, -73.0626137261996, -16.2752506713522, 4.9966591327154, 9.35930527974557, -4.33091298705289, 1.08993256236305, 2.07446170305006, -0.803009986486238, 4.40458894269656, -100.513577328626
47515.0888679086, -15.3225776491999, 201.05583190918, -15, 0.01, 28.6090202331543, -80.5975494384766, -72.2142637609548, -16.2752506713522, 4.92879113549585, 9.29971686034358, -4.31634531785544, 1.30202005370818, 2.06566331747868, -0.537509238212449, 4.34962139894933, -97.1049784648833
47515.1488679086, -15.3134706184912, 199.967987060547, -15, 0.239459519616545, 28.6090221405029, -80.597541809082, -71.3659137957101, -16.063163180041, 4.86092313827627, 9.23955976582165, -4.32253883186853, 1.07296556305815, 2.05620361343088, -0.794999740199947, 4.39490238769159, -100.430702195414
47515.2088679086, -15.3559717689586, 199.000015258789, -15, 0.714164677234351, 28.6090221405029, -80.597541809082, -71.3659137957101, -16.063163180041, 5.70927310365681, 9.18263462634567, -3.27061227341852, 1.28505305440328, 2.0449331327274, -0.50931833522886, 3.30998912276755, -98.855949486018
47515.2688679086, -15.4070981082082, 198.030609130859, -15, 0.839610178329394, 28.6090240478516, -80.5975341796875, -70.5175638304653, -15.8510756887299, 4.7930551410567, 9.12359353338156, -4.28066330513213, 1.05599856375325, 2.03010541696545, -0.73140257861596, 4.34258360300509, -99.704634702666
47515.3288679086, -15.408685050899, 197.381607055664, -15, 0.430820926602665, 28.6090259552002, -80.597526550293, -69.6692138652206, -15.6389881974187, 4.7251871438371, 9.05463878137623, -4.18282027994323, 1.03903156444836, 2.01409653180951, -0.721325660633314, 4.24445185135314, -99.792673609471
47515.3888679086, -15.3587351028857, 196.41242980957, -15, 0.01, 28.6090259552002, -80.5975189208984, -68.8208638999759, -15.6389881974187, 4.65731914661754, 8.97712737010492, -4.08827347534126, 1.25111905579349, 1.99660879154637, -0.431494125470297, 4.11094284786605, -96.0299607978468
47515.4488679086, -15.3173637056643, 195.44450378418, -15, 0.01, 28.6090278625488, -80.5975189208984, -68.8208638999759, -15.4269007061075, 5.50566911199807, 8.90503188184133, -3.03993777871579, 1.02206456514346, 1.97964185126508, -0.691781732103827, 3.11758472508997, -102.825674513218
47515.5288679085, -15.3324678490221, 194.354949951172, -15, 0.460330517450706, 28.6090278625488, -80.5975112915039, -67.9725139347311, -15.4269007061075, 4.58945114939796, 8.83982043369859, -4.13253621885442, 1.2341520564886, 1.9635565239148, -0.427228121661125, 4.15452317935298, -95.9073902404114
47515.5888679085, -15.390583895207, 193.385299682617, -15, 0.879222590623602, 28.6090297698975, -80.5975036621094, -67.1241639694864, -15.2148132147963, 4.52158315217836, 8.77357955790456, -4.12674568589346, 1.00509756583857, 1.94735611519369, -0.682067561396934, 4.18263569652356, -99.392745687546
47515.6488679085, -15.4266853452784, 192.85417175293, -15, 0.734429185123722, 28.6090297698975, -80.5975036621094, -67.1241639694864, -15.2148132147963, 5.36993311755891, 8.69805638868312, -2.92727186404455, 1.2171850571837, 1.92985299900747, -0.393959358471034, 2.95364003870134, -97.668185850883
47515.7088679085, -15.3994973657654, 191.76545715332, -15, 0.18222627651781, 28.6090316772461, -80.5974960327148, -66.2758140042416, -15.0027257234851, 4.4537151549588, 8.62023727803144, -3.91289098534999, 0.988130566533675, 1.90562471002781, -0.57304956901645, 3.95456584075593, -98.3380862418512
47515.7688679085, -15.3376921559131, 190.79426574707, -15, 0.01, 28.6090316772461, -80.5974884033203, -65.4274640389969, -15.0027257234851, 4.38584715773922, 8.54440979866754, -3.92575105724193, 1.20021805787881, 1.88237480193371, -0.300837792592822, 3.9372430798752, -94.3855175098477
47515.8288679085, -15.3150081916731, 189.704711914063, -15, 0.127865205459814, 28.6090335845947, -80.5974807739258, -64.5791140737522, -14.7906382321739, 4.31797916051964, 8.47093601028293, -3.94505279175006, 0.971163567228782, 1.86209653771753, -0.58162026287961, 3.98762948384732, -98.3931116452843
47515.8888679085, -15.3464029490508, 188.733215332031, -15, 0.611994394084052, 28.6090354919434, -80.5974807739258, -64.5791140737522, -14.5785507408628, 5.16632912590017, 8.40552726166001, -2.93113625145693, 0.954196567923885, 1.84353347730981, -0.597390629789136, 2.99134148863348, -101.52428758804
47515.9488679085, -15.4036970530603, 188.201766967773, -15, 0.887538569044153, 28.6090354919434, -80.5974731445313, -63.7307641085074, -14.5785507408628, 4.25011116330005, 8.34357717572871, -3.99330040998824, 1.16628405926902, 1.82316100212808, -0.300738648379583, 4.00459054159834, -94.3103167636364
47516.0088679085, -15.4233772654126, 187.111129760742, -15, 0.596309947795084, 28.609037399292, -80.5974655151367, -62.8824141432627, -14.3664632495516, 4.18224316608048, 8.27840954184874, -3.96682306632896, 0.937229568618992, 1.80232157987164, -0.546446314910647, 4.00422421375525, -97.8494410762819
47516.0688679085, -15.3855873899618, 186.140335083008, -15, 0.0819161982481153, 28.609037399292, -80.5974655151367, -62.8824141432627, -14.3664632495516, 5.03059313146101, 8.20407267053975, -2.76981057571991, 1.14931705996413, 1.78294476068869, -0.283695349634565, 2.78429003000025, -95.8503141890637
47516.1288679084, -15.314478911311, 185.169219970703, -15, 0.01, 28.6090393066406, -80.5974578857422, -62.0340641780179, -14.1543757582404, 4.11437516886089, 8.13443696154427, -3.83513294026322, 0.920262569314094, 1.76160170463695, -0.513791505942689, 3.86934516609202, -97.6359956162746
47516.1888679084, -15.279129792801, 184.51594543457, -15, 0.0604308404198792, 28.6090393066406, -80.5974502563477, -61.1857142127732, -14.1543757582404, 4.04650717164132, 8.07451830071134, -3.94425943224534, 1.13235006065923, 1.74392965360113, -0.2751570530062, 3.95383032465881, -93.9936966193207
47516.2488679084, -15.3018841024393, 183.544296264648, -15, 0.495547692412356, 28.6090412139893, -80.5974502563477, -61.1857142127732, -13.9422882669292, 4.89485713702186, 8.01872159704012, -2.90237731968264, 0.903295570009204, 1.73031795358651, -0.574788125417258, 2.95869783091707, -101.206424188515
47516.3088679084, -15.3683202447758, 182.453140258789, -15, 0.928209028759428, 28.6090412139893, -80.5974426269531, -60.3373642475284, -13.9422882669292, 3.97863917442174, 7.96840821604815, -3.99868990583825, 1.11538306135434, 1.71868671471341, -0.326492242765756, 4.01197520230134, -94.6715839496706
47516.3688679084, -15.4234268677773, 181.480361938477, -15, 0.891443551828041, 28.6090431213379, -80.5974349975586, -59.4890142822837, -13.730200775618, 3.91077117720216, 7.9188842175825, -4.03100139743136, 0.886328570704302, 1.70726775574408, -0.590270243331659, 4.0739190190337, -98.3374001251136
47516.4288679084, -15.4144368191698, 180.509658813477, -15, 0.350801193974341, 28.6090431213379, -80.5974349975586, -59.4890142822837, -13.730200775618, 4.7591211425827, 7.86384763295441, -2.89367451168165, 1.09841606204944, 1.70048651623177, -0.374366203152698, 2.91777021957109, -97.3746856976174
47516.4888679084, -15.3382682382704, 179.855392456055, -15, 0.01, 28.6090450286865, -80.5974273681641, -58.640664317039, -13.5181132843068, 3.84290317998259, 7.81034633646295, -3.94666785827427, 0.869361571399415, 1.69015641514492, -0.601839331783616, 3.99222052368377, -98.6770098721658
47516.5488679084, -15.2627765090843, 178.883987426758, -15, 0.01, 28.6090450286865, -80.5974197387695, -57.7923143517942, -13.5181132843068, 3.77503518276298, 7.76204438542773, -4.02453277378747, 1.08144906274455, 1.68058710583001, -0.34381857153798, 4.03916832788332, -94.8869301404333
47516.6088679084, -15.2414304368473, 177.79084777832, -15, 0.0649950841315698, 28.6090469360352, -80.5974197387695, -57.7923143517942, -13.3060257929956, 4.62338514814354, 7.71524548787873, -2.9672397893402, 0.852394572094516, 1.67287678116689, -0.628513706568465, 3.03301635726292, -101.964446978804
47516.6688679084, -15.2774096416281, 176.817489624023, -15, 0.580349388653225, 28.6090469360352, -80.597412109375, -56.9439643865495, -13.3060257929956, 3.70716718554343, 7.6763556742246, -4.10150592012947, 1.06448206343965, 1.66722412563361, -0.402416054101217, 4.1211664351449, -95.6083081803513
47516.7288679084, -15.353875428397, 176.282302856445, -15, 0.996326611279735, 28.6090488433838, -80.5974044799805, -56.0956144213047, -13.0939383016845, 3.63929918832383, 7.64264609691544, -4.19670039562491, 0.835427572789621, 1.66255709681331, -0.667901914307232, 4.24942221018615, -99.0505008819923
47516.7888679083, -15.4096224744182, 175.189880371094, -15, 0.881875219222485, 28.6090488433838, -80.5974044799805, -56.0956144213047, -13.0939383016845, 4.48764915370438, 7.59073821515931, -2.93626978799851, 1.04751506413476, 1.65636680526376, -0.391101258583255, 2.96217935502637, -97.5901728568438
47516.8488679083, -15.3921876465207, 173.666885375977, -15, 0.2569445677833, 28.6090507507324, -80.5973968505859, -55.24726445606, -12.8818508103733, 3.57143119110427, 7.5535729448132, -4.140948417879, 0.818460573484727, 1.64907822251894, -0.646735806704314, 4.19106102109008, -98.884201128135
47516.9088679083, -15.3077373062014, 173.132095336914, -15, 0.01, 28.6090507507324, -80.5973968505859, -55.24726445606, -12.8818508103733, 4.4197811564848, 7.51695135831959, -3.08627769627671, 1.03054806482986, 1.64410709681356, -0.40980817206104, 3.11334069690654, -97.5672669229337
47516.9688679083, -15.2342141673377, 172.039047241211, -15, 0.01, 28.6090526580811, -80.5973892211914, -54.3989144908153, -12.6697633190621, 3.50356319388468, 7.47859622841715, -4.12476268124313, 0.801493574179835, 1.64011505464785, -0.6901771185286, 4.18200770309469, -99.5068692913221
47517.0288679083, -15.2191237548052, 171.065643310547, -15, 0.0946850595425207, 28.6090526580811, -80.5973815917969, -53.5505645255705, -12.6697633190621, 3.43569519666511, 7.44296011706621, -4.19303548875679, 1.01358106552497, 1.63587965775601, -0.428529484537792, 4.21483762181711, -95.840507330861
47517.0888679083, -15.2597760821556, 170.090560913086, -15, 0.601418875817406, 28.6090545654297, -80.5973815917969, -53.5505645255705, -12.4576758277509, 4.28404516204564, 7.41076427382721, -3.17265923100503, 0.784526574874935, 1.63362295051141, -0.720983178925332, 3.25346767886329, -102.808967822024
47517.1488679083, -15.3614711884574, 169.435882568359, -15, 1, 28.6090545654297, -80.5973739624023, -52.7022145603258, -12.4576758277509, 3.36782719944552, 7.38612391007502, -4.32051812252863, 0.996614066220072, 1.63274099283391, -0.479549011927099, 4.34699989077093, -96.339413802973
47517.2088679083, -15.3933544762542, 168.461532592773, -15, 0.661408668126728, 28.6090545654297, -80.5973739624023, -52.7022145603258, -12.4576758277509, 4.21617716482606, 7.36260679179766, -3.28739793466515, 0.996614066220072, 1.63354182418029, -0.497720056439115, 3.32482157980449, -98.6138827904109
47517.2688679083, -15.3495262639722, 167.369293212891, -15, 0.01, 28.6090564727783, -80.5973663330078, -51.853864595081, -12.2455883364397, 3.29995920222595, 7.33542273735365, -4.31999054090093, 0.767559575570044, 1.63707352959994, -0.804653940832054, 4.39415052467147, -100.560605637504
47517.3288679083, -15.2826772805847, 166.394485473633, -15, 0.01, 28.6090564727783, -80.5973587036133, -51.0055146298363, -12.2455883364397, 3.23209120500636, 7.31169463670562, -4.40996571681063, 0.979647066915177, 1.63728189336087, -0.517560152034266, 4.44017307761545, -96.7001610573904
47517.3888679082, -15.2717858478571, 165.857360839844, -15, 0.182654623532531, 28.609058380127, -80.5973587036133, -51.0055146298363, -12.0335008451285, 4.0804411703869, 7.28830680483179, -3.36920776722827, 0.750592576265147, 1.63800768648001, -0.799003235206313, 3.46254691300214, -103.348162938698
47517.4488679082, -15.3141829140039, 164.764343261719, -15, 0.67100761118755, 28.609058380127, -80.5973510742188, -50.1571646645916, -12.0335008451285, 3.1642232077868, 7.27164494511527, -4.51839926531453, 0.962680067610282, 1.63875338338621, -0.545997763739638, 4.55120063548803, -96.8971185798225
47517.5088679082, -15.3714391001422, 163.789642333984, -15, 0.854318431875702, 28.6090602874756, -80.5973510742188, -50.1571646645916, -11.8214133538173, 4.01257317316732, 7.25620849483901, -3.49605584212355, 0.733625576960252, 1.63974370991003, -0.825041511404422, 3.5919709003417, -103.285914843364
47517.5688679082, -15.3798520547208, 162.695556640625, -15, 0.457983569052225, 28.6090602874756, -80.5973434448242, -49.3088146993468, -11.8214133538173, 3.09635521056719, 7.2366310946165, -4.53309918303762, 0.945713068305387, 1.64302049568374, -0.597751641677753, 4.57225867390216, -97.5195176879236
47517.6288679082, -15.3317105906878, 162.159118652344, -15, 0.01, 28.6090621948242, -80.5973358154297, -48.4604647341021, -11.6093258625062, 3.02848721334763, 7.21714030219606, -4.59453109867041, 0.716658577655359, 1.64434900821132, -0.855285127284585, 4.67329220142353, -100.55574602096
47517.6888679082, -15.2861679513518, 161.184173583984, -15, 0.01, 28.6090621948242, -80.5973358154297, -48.4604647341021, -11.6093258625062, 3.87683717872817, 7.19435330663841, -3.51819522384349, 0.928746069000493, 1.64664759859454, -0.613669965606032, 3.57124838536275, -99.9003266806523
47517.7488679082, -15.2955984299125, 160.089340209961, -15, 0.375959341843112, 28.6090641021729, -80.5973281860352, -47.6121147688573, -11.397238371195, 2.96061921612805, 7.17732255774501, -4.70073258185639, 0.699691578350461, 1.64544770463167, -0.852678091839814, 4.7772706302162, -100.292165465375
47517.8088679082, -15.3497512307731, 159.114395141602, -15, 0.804896669313875, 28.6090641021729, -80.5973281860352, -47.6121147688573, -11.397238371195, 3.80896918150859, 7.15972093700816, -3.6153155388928, 0.911779069695598, 1.64499949153057, -0.605591987376201, 3.6656188072801, -99.5152062859134
47517.8688679082, -15.3916514490708, 158.458206176758, -15, 0.747041941598943, 28.6090660095215, -80.5973205566406, -46.7637648036126, -11.1851508798838, 2.89275121890847, 7.13565576419785, -4.62380910862237, 0.68272457904557, 1.64427958248937, -0.877453458907372, 4.70615162199791, -100.756155592499
47517.9288679082, -15.3732233718414, 157.483825683594, -15, 0.228117408460159, 28.6090660095215, -80.5973205566406, -46.7637648036126, -11.1851508798838, 3.74110118428901, 7.10856974248801, -3.54509791624843, 0.894812070390703, 1.6427077965284, -0.612992294376554, 3.59763799597971, -99.8161191152094
47517.9888679081, -15.3162282910374, 156.387710571289, -15, 0.01, 28.6090660095215, -80.5973129272461, -45.9154148383678, -11.1851508798838, 2.82488322168889, 7.07479593609103, -4.53970300443827, 0.894812070390703, 1.64027433161503, -0.601902624311823, 4.57934839137336, -97.5602667347032
47518.0488679081, -15.2918288160453, 155.412658691406, -15, 0.0902508306407967, 28.6090679168701, -80.5973052978516, -45.0670648731231, -10.9730633885726, 2.75701522446932, 7.04057564632927, -4.5781855559919, 0.665757579740675, 1.63689477787195, -0.863834342620285, 4.65879855154899, -100.695944089035
47518.1088679081, -15.3204228894686, 154.437545776367, -15, 0.562380344934244, 28.6090679168701, -80.5973052978516, -45.0670648731231, -10.9730633885726, 3.60536518984985, 7.00646259750805, -3.5223430067996, 0.877845071085808, 1.63270500186393, -0.596652315104322, 3.57245652879923, -99.619889530568
47518.1688679081, -15.3782395637866, 153.779327392578, -15, 0.865988130794735, 28.6090698242188, -80.597297668457, -44.2187149078784, -10.7609758972614, 2.68914722724973, 6.97673034661268, -4.63250638998199, 0.648790580435776, 1.62609909422911, -0.840015683558787, 4.70788737334664, -100.288414447487
47518.2288679081, -15.3992364344401, 152.804931640625, -15, 0.582548722801551, 28.6090698242188, -80.597297668457, -44.2187149078784, -10.7609758972614, 3.53749719263027, 6.94190194888453, -3.52377352876896, 0.860878071780913, 1.62000029751316, -0.583718720410307, 3.57173315391332, -99.4113917373017
47518.2888679081, -15.3598492589193, 151.709045410156, -15, 0.0421202579680637, 28.6090717315674, -80.5972900390625, -43.3703649426336, -10.5488884059502, 2.62127923003015, 6.89842739269494, -4.48717032073067, 0.631823581130885, 1.614049304157, -0.853510286194957, 4.56745961304625, -100.780018305483
47518.3488679081, -15.3051457431116, 150.732482910156, -15, 0.01, 28.6090717315674, -80.5972900390625, -43.3703649426336, -10.5488884059502, 3.46962919541069, 6.85430203938254, -3.41172277077596, 0.843911072476018, 1.60738326465739, -0.584313671060718, 3.46133949580098, -99.7240255609176
47518.4088679081, -15.3037941071198, 150.07568359375, -15, 0.294353238496083, 28.609073638916, -80.597282409668, -42.5220149773889, -10.336800914639, 2.76549872415571, 6.80952507922887, -4.19885733149656, 0.614856581825987, 1.60107291023797, -0.855755215136981, 4.28502140171397, -101.529120755879
47518.4688679081, -15.3500574278085, 149.028869628906, -15, 0.739508209485004, 28.609073638916, -80.597282409668, -42.5220149773889, -10.336800914639, 3.40176119819111, 6.76794763611726, -3.41946431320825, 0.826944073171123, 1.59404884660253, -0.586144519862881, 3.46927853922323, -99.732274656295
47518.5288679081, -15.4003740170289, 148.105285644531, -15, 0.826004280576622, 28.6090755462646, -80.5972747802734, -41.6736650121441, -10.1247134233279, 2.485543235591, 6.72136387377284, -4.41550365356149, 0.597889582521095, 1.58548187002157, -0.835892962660453, 4.49377411082688, -100.72972998459
47518.5888679081, -15.394591307274, 147.180862426758, -15, 0.355094960462728, 28.6090755462646, -80.5972747802734, -41.6736650121441, -10.1247134233279, 3.33389320097153, 6.6657889949938, -3.24288181368545, 0.809977073866229, 1.57721427361071, -0.574921001374571, 3.29339696794868, -100.058435920993
47518.648867908, -15.3387065728866, 146.258987426758, -15, 0.01, 28.6090755462646, -80.5972671508789, -40.8253150468994, -10.1247134233279, 2.41767523837142, 6.60333774844373, -4.2011495927298, 0.809977073866229, 1.56770070832906, -0.551499668507363, 4.23712927652403, -97.4851700132814
47518.708867908, -15.2995445351318, 145.340087890625, -15, 0.01, 28.6090774536133, -80.5972595214844, -39.9769650816547, -9.91262593201667, 2.34980724115183, 6.54599879358456, -4.26742507541069, 0.580922583216201, 1.55649031603972, -0.796529657100061, 4.34099097297089, -100.582019735509
47518.768867908, -15.3169347308884, 144.421356201172, -15, 0.463754637269087, 28.6090774536133, -80.5972595214844, -39.9769650816547, -9.91262593201667, 3.19815720653237, 6.49136542186602, -3.21287682723116, 0.793010074561334, 1.54275303880438, -0.500720931117946, 3.25162053579142, -98.8626418651164
47518.828867908, -15.376005856486, 143.499694824219, -15, 0.872422880068237, 28.6090793609619, -80.5972518920898, -39.1286151164099, -9.70053844070549, 2.28193924393226, 6.44066766708076, -4.29335248300169, 0.563955583911304, 1.52615767835629, -0.727668376484821, 4.35446729028412, -99.6280735550788
47518.888867908, -15.4097977099642, 142.575317382813, -15, 0.698012918776937, 28.6090793609619, -80.5972518920898, -39.1286151164099, -9.70053844070549, 3.13028920931279, 6.3839850730339, -3.14941723658107, 0.776043075256439, 1.50803532147862, -0.436585789666818, 3.17950374626608, -97.8961399466392
47518.948867908, -15.3800180148922, 141.651473999023, -15, 0.140750427124583, 28.6090793609619, -80.5972442626953, -38.2802651511652, -9.70053844070549, 2.21407124671268, 6.31695244696469, -4.06740104889782, 0.776043075256439, 1.48791180652348, -0.392853112181501, 4.08629728690121, -95.5214097441176
47519.008867908, -15.3185925608678, 140.730972290039, -15, 0.01, 28.6090812683105, -80.5972442626953, -38.2802651511652, -9.4884509493943, 3.06242121209321, 6.25065521211955, -2.9790912612687, 0.546988584606411, 1.46749116403094, -0.640794756143542, 3.04716795745198, -102.144276947921
47519.088867908, -15.3003760009025, 139.812698364258, -15, 0.150373590506109, 28.6090812683105, -80.5972366333008, -37.4319151859204, -9.4884509493943, 2.14620324949309, 6.18741909850986, -4.0357054219256, 0.759076075951544, 1.44724119807216, -0.364109471789905, 4.05207041381408, -95.1595903716588
47519.148867908, -15.3353609324181, 138.893371582031, -15, 0.63071645002721, 28.6090831756592, -80.5972366333008, -37.4319151859204, -9.27636345808312, 2.99455321487363, 6.12859613339572, -2.99310981604534, 0.530021585301515, 1.42711277858137, -0.616574476577024, 3.05589996084001, -101.644920238003
47519.208867908, -15.391347164154, 137.970916748047, -15, 0.864061599944732, 28.6090831756592, -80.5972290039063, -36.5835652206757, -9.27636345808312, 2.07833525227352, 6.06596217656445, -3.98169328194478, 0.742109076646649, 1.40794617593751, -0.349087234520537, 3.99694221288165, -95.0144684795923
47519.2688679079, -15.4031339856166, 137.046737670898, -15, 0.509938806317612, 28.6090850830078, -80.5972290039063, -36.5835652206757, -9.06427596677193, 2.92668521765406, 6.00244376377233, -2.88045212365501, 0.51305458599662, 1.38226527500678, -0.528514085717946, 2.92849726131802, -100.401296772168
47519.3288679079, -15.3553141986337, 136.124374389648, -15, 0.01, 28.6090850830078, -80.5972213745117, -35.7352152554309, -9.06427596677193, 2.01046725505393, 5.92974108626771, -3.80317938292824, 0.725142077341755, 1.35914368738784, -0.272236725048962, 3.81289619227011, -94.0973085432484
47519.3888679079, -15.3043152068129, 135.205352783203, -15, 0.01, 28.6090850830078, -80.5972213745117, -35.7352152554309, -9.06427596677193, 2.85881722043448, 5.86475698039032, -2.78616777755916, 0.725142077341755, 1.33479320011904, -0.231092934499382, 2.79572758477813, -94.7432749270502
47519.4488679079, -15.3095586316506, 134.287322998047, -15, 0.355111190428245, 28.6090869903564, -80.5972137451172, -34.8868652901862, -8.85218847546075, 1.94259925783436, 5.80307911629566, -3.84699460151284, 0.496087586691727, 1.3158477824834, -0.537766374574431, 3.88434362927588, -97.963526291461
47519.5088679079, -15.3608812930961, 133.366989135742, -15, 0.792592778091655, 28.6090869903564, -80.5972137451172, -34.8868652901862, -8.85218847546075, 2.7909492232149, 5.74897517875434, -2.84156399912533, 0.70817507803686, 1.29481408353671, -0.237490116513546, 2.85146300460439, -94.7794570136709
47519.5688679079, -15.4080602221807, 132.44367980957, -15, 0.807688965495314, 28.6090888977051, -80.5972061157227, -34.0385153249415, -8.64010098414956, 1.87473126061479, 5.69051836458941, -3.82963808326648, 0.47912058738683, 1.27416577693825, -0.491908487972096, 3.86105443576868, -97.3247415317372
47519.6288679079, -15.4083596381029, 131.519180297852, -15, 0.419775929497489, 28.6090888977051, -80.5972061157227, -34.0385153249415, -8.64010098414956, 2.72308122599532, 5.63223013841536, -2.7451036226572, 0.691208078731965, 1.25278507113768, -0.204759605570235, 2.75272379832755, -94.2674584106427
47519.6888679079, -15.3502919660331, 130.597106933594, -15, 0.01, 28.6090888977051, -80.5971984863281, -33.1901653596967, -8.64010098414956, 1.8068632633952, 5.56948760971694, -3.72698869269583, 0.691208078731965, 1.23247086300223, -0.191372290131196, 3.73189179905415, -92.941489693013
47519.7488679079, -15.283105411808, 129.67919921875, -15, 0.01, 28.6090908050537, -80.5971984863281, -33.1901653596967, -8.42801349283838, 2.65521322877574, 5.51464159522794, -2.72383431597882, 0.462153588081935, 1.2139157854436, -0.462013948930196, 2.76271052373365, -99.6302821192929
47519.8088679079, -15.2633859071014, 128.763641357422, -15, 0.142246089922412, 28.6090908050537, -80.5971984863281, -33.1901653596967, -8.42801349283838, 2.65521322877574, 5.46685918273662, -2.7388184285494, 0.67424107942707, 1.20089375073743, -0.247528937804858, 2.74997277899713, -95.1661883325739
47519.8688679078, -15.3003797970125, 127.846961975098, -15, 0.612571579025227, 28.6090908050537, -80.5971908569336, -32.341815394452, -8.42801349283838, 1.73899526617563, 5.42778711496316, -3.88071022464294, 0.67424107942707, 1.18691176328709, -0.221458627831566, 3.88701437506304, -93.2686133803775
47519.9288679078, -15.3701319981895, 126.926605224609, -15, 0.957530499451234, 28.6090927124023, -80.5971908569336, -32.341815394452, -8.21592600152719, 2.58734523155616, 5.38653025529966, -2.79301362670011, 0.44518658877704, 1.17946578180863, -0.553189466082361, 2.84722694341652, -101.207272615972
47519.9888679078, -15.4129893761017, 126.002830505371, -15, 0.7787422863772, 28.6090927124023, -80.5971832275391, -31.4934654292072, -8.21592600152719, 1.67112726895604, 5.33970034057911, -3.78274987741879, 0.657274080122175, 1.17207807824737, -0.290710893765565, 3.79388806247612, -94.3978047110035
47520.0488679078, -15.3836620357073, 125.079231262207, -15, 0.150177598879015, 28.6090927124023, -80.5971832275391, -31.4934654292072, -8.21592600152719, 2.51947723433658, 5.29675930843434, -2.75375587539668, 0.657274080122175, 1.15958724419676, -0.224991975901634, 2.76292486806276, -94.6726795208354
47520.1088679078, -15.2983564731866, 124.159812927246, -15, 0.01, 28.609094619751, -80.5971755981445, -30.6451154639625, -8.00383851021601, 1.60325927173646, 5.24945929545239, -3.75505532657353, 0.428219589472147, 1.15128993647436, -0.532269700911685, 3.79253817278025, -98.0733739986773
47520.1688679078, -15.2344503852022, 123.245079040527, -15, 0.01, 28.609094619751, -80.5971755981445, -30.6451154639625, -8.00383851021601, 2.451609237117, 5.21154235399389, -2.7870217134861, 0.64030708081728, 1.14133126487327, -0.249501281097083, 2.79815864728266, -95.1176182535755
47520.2288679078, -15.2314233600911, 122.331756591797, -15, 0.207586690988339, 28.609094619751, -80.5971755981445, -30.6451154639625, -8.00383851021601, 2.451609237117, 5.17606877412177, -2.77052170922928, 0.64030708081728, 1.13378583940306, -0.264875319100539, 2.7831447655451, -95.4632526156557
47520.2888679078, -15.281276976414, 121.41641998291, -15, 0.699799981189848, 28.6090965270996, -80.59716796875, -29.7967654987178, -7.79175101890482, 1.53539127451689, 5.14723303137365, -3.90392584935594, 0.411252590167251, 1.12710762680097, -0.557667196977848, 3.94349443007135, -98.1356602293593
47520.3488679078, -15.353868526891, 120.497001647949, -15, 0.963997527476022, 28.6090965270996, -80.59716796875, -29.7967654987178, -7.79175101890482, 2.38374123989742, 5.10610210723933, -2.71523038457664, 0.623340081512386, 1.12333367628678, -0.31128055227915, 2.73300184358035, -96.542369956507
47520.4088679078, -15.3874200706569, 119.574485778809, -15, 0.674540202353707, 28.6090965270996, -80.5971603393555, -28.948415533473, -7.79175101890482, 1.46752327729731, 5.07300280678836, -3.85745230371937, 0.623340081512386, 1.12174408877281, -0.331515719672452, 3.87165014506324, -94.9156900515578
47520.4688679078, -15.346555566598, 118.346473693848, -15, 0.0156212997217872, 28.6090984344482, -80.5971603393555, -28.948415533473, -7.57966352759364, 2.31587324267784, 5.04273761064174, -2.83309127155526, 0.394285590862357, 1.12105181839609, -0.614959615110774, 2.89901245561276, -102.251430254529
47520.5288679077, -15.2606550404796, 117.430953979492, -15, 0.01, 28.6090984344482, -80.5971527099609, -28.1000655682283, -7.57966352759364, 1.39965528007772, 5.01324663204558, -3.90707398267663, 0.606373082207491, 1.12136711694181, -0.371217669398288, 3.9246421494054, -95.4316215118574
47520.5888679077, -15.2124941048591, 116.518264770508, -15, 0.01, 28.6090984344482, -80.5971527099609, -28.1000655682283, -7.57966352759364, 2.24800524545826, 4.99117065919652, -2.93835881353209, 0.606373082207491, 1.12244710426288, -0.380470186351472, 2.96286738658321, -97.3809775180124
47520.6488679077, -15.2273382648716, 115.60472869873, -15, 0.352403627917679, 28.6091003417969, -80.5971527099609, -28.1000655682283, -7.36757603628245, 2.24800524545826, 4.97172897300147, -2.94300589087858, 0.377318591557461, 1.12697988562972, -0.695752650011348, 3.0240584688894, -103.306351187812
47520.7088679077, -15.3139192429745, 114.687545776367, -15, 1, 28.6091003417969, -80.5971450805664, -27.2517156029835, -7.36757603628245, 1.33178728285814, 4.95867756698813, -4.09288469478009, 0.589406082902596, 1.13057991580338, -0.436564888972008, 4.11606240629953, -96.0934806021491
47520.7688679077, -15.3671078338356, 113.766487121582, -15, 0.812548738084664, 28.6091003417969, -80.5971450805664, -27.2517156029835, -7.36757603628245, 2.18013724823868, 4.94036507594408, -3.00193503345152, 0.589406082902596, 1.13963616938615, -0.502324765422877, 3.04363486336838, -99.5036497674975
47520.8288679077, -15.3413910789324, 112.845268249512, -15, 0.131335781513651, 28.6091022491455, -80.5971374511719, -26.4033656377388, -7.15548854497127, 1.26391928563857, 4.92108183264766, -4.07074347161851, 0.360351592252568, 1.15247201618899, -0.830864374827455, 4.15453078636627, -101.54503381088
47520.8888679077, -15.2678287840955, 111.927841186523, -15, 0.01, 28.6091022491455, -80.5971374511719, -26.4033656377388, -7.15548854497127, 2.1122692510191, 4.90678346715942, -3.08709096119509, 0.572439083597701, 1.16195624337021, -0.554577971904941, 3.13646132660022, -100.188896382964
47520.9488679077, -15.2388485685281, 111.013229370117, -15, 0.01, 28.6091022491455, -80.5971374511719, -26.4033656377388, -7.15548854497127, 2.1122692510191, 4.891666100208, -3.06242774432961, 0.572439083597701, 1.17163698273008, -0.568519499663056, 3.11470227454966, -100.521586775039
47521.0088679077, -15.2659687306448, 110.098068237305, -15, 0.493565894037208, 28.6091041564941, -80.5971298217773, -25.5550156724941, -6.94340105366008, 1.19605128841898, 4.87993601187658, -4.18389631049123, 0.343384592947671, 1.18122355816154, -0.854449843055612, 4.27010242359043, -101.551994317848
47521.0688679077, -15.3313314802559, 109.179489135742, -15, 0.879604861700333, 28.6091041564941, -80.5971298217773, -25.5550156724941, -6.94340105366008, 2.04440125379952, 4.86353325835422, -3.10115787509323, 0.555472084292806, 1.19259117087188, -0.631778632937502, 3.16479613175497, -101.52016505598
47521.1288679076, -15.3655475023336, 108.257957458496, -15, 0.656458105971953, 28.6091041564941, -80.5971221923828, -24.7066657072493, -6.94340105366008, 1.12818329119941, 4.8463882431551, -4.1748537181765, 0.555472084292806, 1.20536703942042, -0.661582170552901, 4.22685694630125, -99.0123350727258
47521.1888679076, -15.331898263104, 107.337066650391, -15, 0.059256412002464, 28.6091060638428, -80.5971221923828, -24.7066657072493, -6.73131356234889, 1.97653325657995, 4.83118515367805, -3.15972210070919, 0.326417593642777, 1.21815811295429, -0.952483941738471, 3.30002265275342, -106.782493707983
47521.2488679076, -15.2723715435203, 106.419509887695, -15, 0.01, 28.6091060638428, -80.5971221923828, -24.7066657072493, -6.73131356234889, 1.97653325657995, 4.8134313011573, -3.11461198606975, 0.538505084987912, 1.22889232649109, -0.69070564073924, 3.19020564933118, -102.509403919904
47521.3088679076, -15.2619064926458, 105.503707885742, -15, 0.176269174300616, 28.6091060638428, -80.5971145629883, -23.8583157420046, -6.73131356234889, 1.06031529397982, 4.79819336299594, -4.26203230685837, 0.538505084987912, 1.23669655055234, -0.671189729731882, 4.31446216890244, -98.9574278970545
47521.3688679076, -15.3026106888591, 104.586372375488, -15, 0.645199427112471, 28.6091079711914, -80.5971145629883, -23.8583157420046, -6.51922607103771, 1.90866525936037, 4.77624161492145, -3.11415785197383, 0.309450594337882, 1.24700739588714, -0.98405687973405, 3.26579137229647, -107.543549569134
47521.4288679076, -15.3586966070676, 103.665725708008, -15, 0.83161854161076, 28.6091079711914, -80.5971145629883, -23.8583157420046, -6.51922607103771, 1.90866525936037, 4.75411976179353, -3.0876178503869, 0.521538085683017, 1.25401675927146, -0.705387793874982, 3.16709238517298, -102.87447727531
47521.4888679076, -15.3668277079659, 102.74341583252, -15, 0.442327131107245, 28.6091079711914, -80.5971069335938, -23.0099657767598, -6.51922607103771, 0.992447296760254, 4.73326001926633, -4.17691330811687, 0.521538085683017, 1.25850704109042, -0.686027497773382, 4.23277739478927, -99.3350416791357
47521.5488679076, -15.3185608578452, 101.82299041748, -15, 0.01, 28.60910987854, -80.5971069335938, -23.0099657767598, -6.30713857972652, 1.84079726214079, 4.70122401595459, -3.01040379387483, 0.292483595032989, 1.26622764442282, -1.00304507212135, 3.17296460983221, -108.434735284673
47521.6088679076, -15.2737776815474, 100.905601501465, -15, 0.01, 28.60910987854, -80.5970993041992, -22.1616158115151, -6.30713857972652, 0.924579299540668, 4.66859020416213, -4.06697309657816, 0.504571086378122, 1.26841464021873, -0.696286708220772, 4.12604784593751, -99.7229145207721
47521.6688679076, -15.2835003713903, 99.9888153076172, -15, 0.366223788989494, 28.60910987854, -80.5970993041992, -22.1616158115151, -6.30713857972652, 1.77292926492121, 4.64001212243445, -3.05693699041692, 0.504571086378122, 1.26579454703567, -0.645528440679981, 3.12428795923191, -101.929131664285
47521.7288679076, -15.3375032459642, 99.069450378418, -15, 0.791253222522074, 28.6091117858887, -80.5970993041992, -22.1616158115151, -6.09505108841534, 1.77292926492121, 4.60968009382143, -3.00470113772219, 0.275516595728092, 1.26356715794956, -0.922240833864036, 3.1429249483952, -107.069633295433
47521.7888679075, -15.3777994671698, 98.1471710205078, -15, 0.719594129109398, 28.6091117858887, -80.5970916748047, -21.3132658462703, -6.09505108841534, 0.856711302321088, 4.58025309340835, -4.08013469942177, 0.487604087073227, 1.25631234761203, -0.60921708427896, 4.12528993285486, -98.4991838916549
47521.8488679075, -15.3592730078129, 97.2247314453125, -15, 0.213034303033559, 28.6091117858887, -80.5970916748047, -21.3132658462703, -6.09505108841534, 1.70506126770163, 4.53938114847645, -2.90031955376843, 0.487604087073227, 1.24982154947379, -0.609525578984412, 2.96362237140838, -101.873162068565
47521.9088679075, -15.3027793744464, 96.30517578125, -15, 0.01, 28.6091136932373, -80.5970916748047, -21.3132658462703, -5.88296359710415, 1.70506126770163, 4.49633927394477, -2.82864477513272, 0.258549596423197, 1.24224955301398, -0.865082808769246, 2.95786940532184, -107.011075748551
47521.9688679075, -15.2787964616868, 95.3879318237305, -15, 0.0806116340948708, 28.6091136932373, -80.5970840454102, -20.4649158810256, -5.88296359710415, 1.00093079644665, 4.46123778597913, -3.71295960494632, 0.470637087768332, 1.23132738918741, -0.564425963070919, 3.75555583318833, -98.649472242025
47522.0288679075, -15.3092558930945, 94.4699554443359, -15, 0.566612802327679, 28.6091136932373, -80.5970840454102, -20.4649158810256, -5.88296359710415, 1.63719327048205, 4.42285962960629, -2.87229556419453, 0.470637087768332, 1.22452831008441, -0.597950250122971, 2.93382459259179, -101.764369866306
47522.0888679075, -15.3684142245651, 93.5487518310547, -15, 0.867139119707486, 28.6091156005859, -80.5970840454102, -20.4649158810256, -5.67087610579297, 1.63719327048205, 4.381237211598, -2.79155247258924, 0.241582597118302, 1.21556000647887, -0.840945815992965, 2.91537225709567, -106.770445313838
47522.1488679075, -15.3887151640304, 92.625358581543, -15, 0.565960750060148, 28.6091156005859, -80.5970764160156, -19.6165659157809, -5.67087610579297, 0.720975307881937, 4.33741388959954, -3.81858686455464, 0.453670088463437, 1.19917317064506, -0.493038602932945, 3.85023800330937, -97.3623680531732
47522.2088679075, -15.3460990013552, 91.7033538818359, -15, 0.01, 28.6091156005859, -80.5970764160156, -19.6165659157809, -5.67087610579297, 1.56932527326247, 4.28232471199102, -2.6234291365121, 0.453670088463437, 1.18182496161011, -0.463043913001941, 2.66395199693072, -100.013118563488
47522.2688679075, -15.2898571136436, 90.7847900390625, -15, 0.01, 28.6091175079346, -80.5970687866211, -18.7682159505361, -5.45878861448178, 0.65310731066235, 4.2285288319764, -3.67341386446831, 0.224615597813409, 1.1633446088318, -0.704974678419014, 3.74035794616928, -100.870700741384
47522.3288679075, -15.2889230885639, 89.8675384521484, -15, 0.282873084763412, 28.6091175079346, -80.5970687866211, -18.7682159505361, -5.45878861448178, 1.50145727604289, 4.18469334281154, -2.70400516916714, 0.436703089158543, 1.14153914637582, -0.391474938709974, 2.73217546796584, -98.2407680052315
47522.3888679074, -15.3352521744588, 88.9483489990234, -15, 0.72507294188836, 28.6091175079346, -80.5970687866211, -18.7682159505361, -5.45878861448178, 1.50145727604289, 4.14135250745677, -2.65852664198161, 0.436703089158543, 1.11952397657103, -0.363369353988089, 2.6832268675069, -97.7857091940977
47522.4488679074, -15.3841472361997, 88.0260620117188, -15, 0.797656019100706, 28.6091194152832, -80.5970611572266, -17.9198659852914, -5.2467011231706, 0.585239313442771, 4.09934885608007, -3.72306412095792, 0.207648598508513, 1.09460464707945, -0.5798221241348, 3.76788094695574, -98.8579989294316
47522.5088679074, -15.3799901289786, 87.1028289794922, -15, 0.353677444564677, 28.6091194152832, -80.5970611572266, -17.9198659852914, -5.2467011231706, 1.43358927882331, 4.04618869517152, -2.53125443372416, 0.419736089853648, 1.06661610029691, -0.261426833473338, 2.54470991037871, -95.8984610624228
47522.5688679074, -15.3255683332199, 86.1820907592773, -15, 0.01, 28.6091194152832, -80.5970611572266, -17.9198659852914, -5.2467011231706, 1.43358927882331, 3.99104314325243, -2.44676033363108, 0.419736089853648, 1.03704499323915, -0.210486287591197, 2.45579186261443, -94.9183278646533
47522.6288679074, -15.2872819407654, 85.264274597168, -15, 0.01, 28.6091213226318, -80.597053527832, -17.0715160200466, -5.03461363185941, 0.517371316223195, 3.94415969215098, -3.57463882864437, 0.190681599203619, 1.00877602400272, -0.464941148157683, 3.60470976331009, -97.4153407997548
47522.7088679074, -15.3043824981936, 84.3466339111328, -15, 0.448713438440043, 28.6091213226318, -80.597053527832, -17.0715160200466, -5.03461363185941, 1.36572128160373, 3.89581070984827, -2.4854628330662, 0.402769090548753, 0.983890053781428, -0.214751657012668, 2.49471738617997, -94.9397975802111
47522.7688679074, -15.3616292534446, 83.4261779785156, -15, 0.842681617788555, 28.6091213226318, -80.597053527832, -17.0715160200466, -5.03461363185941, 1.36572128160373, 3.84988359421238, -2.45605945836255, 0.402769090548753, 0.958972537305358, -0.184868896761564, 2.46300297118447, -94.3058727050844
47522.8288679074, -15.3942421329723, 82.503044128418, -15, 0.672377652386398, 28.6091213226318, -80.597053527832, -17.0715160200466, -5.03461363185941, 1.36572128160373, 3.80575203877236, -2.42252121225013, 0.402769090548753, 0.931400524693296, -0.125554699123348, 2.42577072525344, -92.9677576492928
47522.8888679074, -15.3633685224341, 81.5805130004883, -15, 0.114630169016258, 28.6091232299805, -80.5970458984375, -16.2231660548019, -4.82252614054823, 0.449503319003612, 3.75134288221468, -3.35589687204562, 0.173714599898723, 0.903663669882728, -0.365925409587311, 3.37576540422489, -96.2264092809323
47522.9488679074, -15.3039820394386, 80.6612930297852, -15, 0.01, 28.6091232299805, -80.5970458984375, -16.2231660548019, -4.82252614054823, 1.29785328438415, 3.69405984761153, -2.24183621554366, 0.385802091243858, 0.878238257056739, -0.10431980613088, 2.24426083268055, -92.6649113867847
47523.0088679073, -15.2878292577771, 79.7441635131836, -15, 0.154949719456371, 28.6091232299805, -80.5970458984375, -16.2231660548019, -4.82252614054823, 1.29785328438415, 3.64237138441297, -2.23716248462001, 0.385802091243858, 0.85625332183187, -0.112624930616063, 2.23999417651514, -92.8827238761484
47523.0688679073, -15.3230146597102, 78.8258972167969, -15, 0.619891406037124, 28.6091251373291, -80.597038269043, -15.3748160895572, -4.61043864923704, 0.381635321784039, 3.60297923924107, -3.41424945217033, 0.15674760059383, 0.836099295838572, -0.382022191539851, 3.43553016167459, -96.388002735654
47523.1288679073, -15.3764562528287, 77.9045486450195, -15, 0.827726663241609, 28.6091251373291, -80.597038269043, -15.3748160895572, -4.61043864923704, 1.22998528716457, 3.56033734307946, -2.3139599196507, 0.368835091938963, 0.819273119099863, -0.140874545206715, 2.31824186752354, -93.4848249497144
47523.1888679073, -15.3878492335588, 76.981575012207, -15, 0.491041636080459, 28.6091251373291, -80.597038269043, -15.3748160895572, -4.61043864923704, 1.22998528716457, 3.51205192188953, -2.2009514039112, 0.368835091938963, 0.802507176462667, -0.121617958307981, 2.20430731391117, -93.1635501783667
47523.2488679073, -15.3413094733007, 76.0601806640625, -15, 0.01, 28.6091251373291, -80.5970306396484, -14.5264661243124, -4.61043864923704, 0.313767324564454, 3.47131116724333, -3.32886524521057, 0.368835091938963, 0.783992591086344, -0.0821631229617686, 3.32987792597952, -91.4146835357408
47523.3088679073, -15.2726749708189, 75.1427154541016, -15, 0.01, 28.6091270446777, -80.5970306396484, -14.5264661243124, -4.39835115792586, 1.16211728994499, 3.42871575248342, -2.2425441469793, 0.139780601288933, 0.768600142116449, -0.370156228771649, 2.27287261229933, -99.3750656964817
47523.3688679073, -15.2489119758002, 74.2278823852539, -15, 0.10238455271547, 28.6091270446777, -80.5970306396484, -14.5264661243124, -4.39835115792586, 1.16211728994499, 3.38894458379069, -2.22439730160044, 0.351868092634068, 0.757043908959968, -0.140389022999747, 2.22882088336211, -93.6122363431567
47523.4288679073, -15.2806696879407, 73.3121948242188, -15, 0.548992603087655, 28.6091270446777, -80.5970306396484, -14.5264661243124, -4.39835115792586, 1.16211728994499, 3.36216500029707, -2.323497682046, 0.351868092634068, 0.745017842518191, -0.121495300265785, 2.32667025895877, -92.9940773467261
47523.4888679073, -15.3496169449627, 72.3929824829102, -15, 0.929950435840407, 28.6091270446777, -80.5970230102539, -13.6781161590677, -4.39835115792586, 0.24589932734488, 3.33270770258713, -3.36268542277156, 0.351868092634068, 0.738874704617077, -0.173185024167664, 3.36713704206998, -92.9499281225747
47523.5488679073, -15.3967918403233, 71.47021484375, -15, 0.798069735036215, 28.6091270446777, -80.5970230102539, -13.6781161590677, -4.39835115792586, 1.09424929272541, 3.29830720173682, -2.25527526662812, 0.351868092634068, 0.735644720093166, -0.198670842492087, 2.26400447112222, -95.0355659083538
47523.6088679072, -15.3743140498976, 70.5472259521484, -15, 0.197398780596976, 28.6091289520264, -80.5970230102539, -13.6781161590677, -4.18626366661467, 1.09424929272541, 3.2611707224594, -2.18465186007742, 0.122813601984039, 0.733360353793747, -0.480617502010284, 2.23686945943562, -102.410043460727
47523.6688679072, -15.2904473631112, 69.6281585693359, -15, 0.01, 28.6091289520264, -80.5970153808594, -12.8297661938229, -4.18626366661467, 0.178031330125295, 3.23199043573589, -3.33049137214417, 0.334901093329174, 0.729010536517087, -0.200474687554295, 3.3365127909758, -93.4466190748568
47523.7288679072, -15.2227526989478, 68.7139053344727, -15, 0.01, 28.6091289520264, -80.5970153808594, -12.8297661938229, -4.18626366661467, 1.02638129550584, 3.20424820390427, -2.29486800455565, 0.334901093329174, 0.728070458483407, -0.233679887968193, 2.30672847223773, -95.8157544195398
47523.7888679072, -15.2134126356565, 67.8014144897461, -15, 0.136859250697226, 28.6091289520264, -80.5970153808594, -12.8297661938229, -4.18626366661467, 1.02638129550584, 3.17843581254111, -2.28448277231761, 0.334901093329174, 0.731716529841048, -0.284154756779778, 2.30207790278559, -97.092134379938
47523.8488679072, -15.2568685962658, 66.8872985839844, -15, 0.621823288792747, 28.609130859375, -80.5970153808594, -12.8297661938229, -3.97417617530349, 1.02638129550584, 3.16593706704023, -2.40390446982327, 0.105846602679145, 0.733110757848034, -0.535191026964074, 2.46272573513163, -102.554681808353
47523.9088679072, -15.3296272201044, 65.9692611694336, -15, 0.940748536233978, 28.609130859375, -80.5970077514648, -11.9814162285782, -3.97417617530349, 0.110163332905718, 3.1519373042446, -3.47338120102136, 0.317934094024279, 0.737509012990435, -0.319741529849119, 3.48804907426247, -95.2627079211992
47523.9688679072, -15.3724828623096, 65.0477066040039, -15, 0.736647561961905, 28.609130859375, -80.5970077514648, -11.9814162285782, -3.97417617530349, 0.958513298286256, 3.12650584270963, -2.31182729683744, 0.317934094024279, 0.751179927616152, -0.429133169748087, 2.35129767980816, -100.518538634127
47524.0288679072, -15.3415418850333, 63.8200721740723, -15, 0.0927840068845123, 28.609130859375, -80.5970077514648, -11.9814162285782, -3.97417617530349, 0.958513298286256, 3.10851536906218, -2.36593860858996, 0.317934094024279, 0.765570798536094, -0.453870359818087, 2.40905514747581, -100.862322116837
47524.0888679072, -15.2565095273921, 62.9046592712402, -15, 0.01, 28.609130859375, -80.5970077514648, -11.9814162285782, -3.97417617530349, 0.958513298286256, 3.09831269291248, -2.43285725183672, 0.317934094024279, 0.77717864989118, -0.440245132524658, 2.4723457866685, -100.260053573892
47524.1488679072, -15.1998876554869, 61.9926071166992, -15, 0.01, 28.6091327667236, -80.5970001220703, -11.1330662633335, -3.7620886839923, 0.0422953356861384, 3.08345012782229, -3.46970953231136, 0.088879603374249, 0.790037052200378, -0.743466808088078, 3.54837304657687, -102.100935705216
47524.2088679072, -15.2031134895667, 61.0803833007813, -15, 0.231214121173198, 28.6091327667236, -80.5970001220703, -11.1330662633335, -3.7620886839923, 0.890645301066676, 3.0674002156472, -2.42186226134227, 0.300967094719384, 0.803470662274442, -0.511135730352856, 2.47518098936174, -101.920719420454
47524.2688679071, -15.2570216498823, 60.1650047302246, -15, 0.709017130087795, 28.6091327667236, -80.5970001220703, -11.1330662633335, -3.7620886839923, 0.890645301066676, 3.05503191199337, -2.44513501414248, 0.300967094719384, 0.81775668101948, -0.53711311330973, 2.50339780648122, -102.392635067834
47524.3288679071, -15.3459460215484, 59.2454528808594, -15, 1, 28.6091327667236, -80.5970001220703, -11.1330662633335, -3.7620886839923, 0.890645301066676, 3.04882287738234, -2.50057176959263, 0.300967094719384, 0.833060882453054, -0.565979238189605, 2.56378397364213, -102.757151834523
47524.3888679071, -15.3521640888326, 58.3241271972656, -15, 0.406094300742342, 28.6091346740723, -80.5969924926758, -10.2847162980887, -3.55000119268111, -0.0255726615334391, 3.03665995822764, -3.52773631585254, 0.0719126040693546, 0.851416476507621, -0.893852968373321, 3.63907773368066, -104.226360819982
47524.4488679071, -15.285415302971, 57.4055366516113, -15, 0.01, 28.6091346740723, -80.5969924926758, -10.2847162980887, -3.55000119268111, 0.822777303847097, 3.01963706312839, -2.44200723967877, 0.284000095414489, 0.870601450703392, -0.671015710020579, 2.53246693250418, -105.368650780364
47524.5088679071, -15.2273346879936, 56.4909057617188, -15, 0.01, 28.6091346740723, -80.5969924926758, -10.2847162980887, -3.55000119268111, 0.822777303847097, 3.00411014036467, -2.43964345542179, 0.284000095414489, 0.887789030678549, -0.672029137142522, 2.53045655529912, -105.404956646344
47524.5688679071, -15.2271309251314, 55.5775032043457, -15, 0.226795686830059, 28.6091346740723, -80.5969924926758, -10.2847162980887, -3.55000119268111, 0.822777303847097, 2.99422588291824, -2.48551186881519, 0.284000095414489, 0.901843409699462, -0.657933088408679, 2.57106468717403, -104.830689572504
47524.6288679071, -15.2743334129958, 54.6620864868164, -15, 0.670696264623703, 28.6091365814209, -80.5969848632813, -9.43636633284397, -3.33791370136993, -0.0934406587530202, 2.97997929206466, -3.52609823280284, 0.0549456047644603, 0.914930932901017, -0.939350938032243, 3.64892239560836, -104.925488222199
47524.6888679071, -15.3283769387431, 53.7432861328125, -15, 0.78371870103614, 28.6091365814209, -80.5969848632813, -9.43636633284397, -3.33791370136993, 0.754909306627518, 2.96201725273168, -2.450693607114, 0.267033096109594, 0.927866713572969, -0.699247960098572, 2.54844043474843, -105.929090037069
47524.7488679071, -15.3305545583483, 52.823169708252, -15, 0.355663763404649, 28.6091365814209, -80.5969848632813, -9.43636633284397, -3.33791370136993, 0.754909306627518, 2.94373025484689, -2.42681291670243, 0.267033096109594, 0.940673278860983, -0.713727868714189, 2.52953033873151, -106.392894292547
47524.8088679071, -15.2817120322394, 51.9051208496094, -15, 0.01, 28.6091365814209, -80.5969848632813, -9.43636633284397, -3.33791370136993, 0.754909306627518, 2.93001225644591, -2.45734637523637, 0.267033096109594, 0.950752432701713, -0.698958970447738, 2.55475933511449, -105.881935193934
47524.868867907, -15.245797191681, 50.9897270202637, -15, 0.01, 28.6091384887695, -80.5969772338867, -8.58801636759923, -3.12582621005874, -0.161308655972599, 2.91081891404825, -3.52946353756116, 0.0379786054595645, 0.958334285852309, -0.958501789511308, 3.65714043288197, -105.201957715714
47524.928867907, -15.2637810611334, 50.074390411377, -15, 0.415229326293943, 28.6091384887695, -80.5969772338867, -8.58801636759923, -3.12582621005874, 0.687041309407939, 2.88912293772566, -2.413719961239, 0.250066096804699, 0.963335320342593, -0.68461781621229, 2.50887789651609, -105.839335982317
47524.988867907, -15.3222954503746, 49.1561393737793, -15, 0.813431819864604, 28.6091384887695, -80.5969772338867, -8.58801636759923, -3.12582621005874, 0.687041309407939, 2.86835170834919, -2.39935074168918, 0.250066096804699, 0.964972089781857, -0.653368232619539, 2.4866693506635, -105.236817727492
47525.048867907, -15.3586360326799, 48.2350006103516, -15, 0.667142493870343, 28.6091384887695, -80.5969772338867, -8.58801636759923, -3.12582621005874, 0.687041309407939, 2.85087462199246, -2.41261796825108, 0.250066096804699, 0.962633050358043, -0.611230836845889, 2.48879644761327, -104.220391458517
47525.108867907, -15.33243182102, 47.3141479492188, -15, 0.121726256675357, 28.6091403961182, -80.5969772338867, -8.58801636759923, -2.91373871874756, 0.687041309407939, 2.82509969035604, -2.29999243250548, 0.0210116061546706, 0.959013729181835, -0.869513023962194, 2.45878261207123, -110.713481126145
47525.168867907, -15.2745752131738, 46.3964385986328, -15, 0.01, 28.6091403961182, -80.5969696044922, -7.73966640235449, -2.91373871874756, -0.229176653192179, 2.79455359431902, -3.31690126651584, 0.233099097499805, 0.953548791859284, -0.590426217911147, 3.36898317158657, -100.098586500998
47525.228867907, -15.258364214391, 45.4806938171387, -15, 0.124822743132533, 28.6091403961182, -80.5969696044922, -7.73966640235449, -2.91373871874756, 0.619173312188359, 2.76321694432177, -2.2546582146381, 0.233099097499805, 0.947158859408015, -0.573936783538042, 2.326524671829, -104.284969921002
47525.288867907, -15.2952402245559, 44.5637474060059, -15, 0.605861935945275, 28.6091403961182, -80.5969696044922, -7.73966640235449, -2.91373871874756, 0.619173312188359, 2.73594192375494, -2.26381454543519, 0.233099097499805, 0.939041808537511, -0.547348703924864, 2.32901073068075, -103.595419664217
47525.348867907, -15.3514352713985, 43.6435585021973, -15, 0.825157566756713, 28.6091423034668, -80.5969696044922, -7.73966640235449, -2.70165122743637, 0.619173312188359, 2.71470721243895, -2.29999330471407, 0.00404460684977531, 0.926493605843354, -0.76339820062761, 2.42331032783752, -108.365782596333
47525.408867907, -15.3636925085587, 42.7215576171875, -14.1380938209246, 1, 28.6091423034668, -80.5969619750977, -6.89131643710975, -2.70165122743637, -0.297044650411757, 2.68325043148257, -3.26127420331513, 0.21613209819491, 0.912092106831523, -0.473496025024653, 3.29543103946428, -98.2652128444113
47525.468867907, -15.3098667941616, 41.8014297485352, -12.5050026699729, 1, 28.6091423034668, -80.5969619750977, -6.89131643710975, -2.70165122743637, 0.55130531496878, 2.64223580652374, -2.09971281316289, 0.21613209819491, 0.895445128388255, -0.43147244439281, 2.14356689168294, -101.614552817649
47525.5288679069, -15.1822985717572, 40.887508392334, -10.8641293967325, 1, 28.6091423034668, -80.5969619750977, -6.89131643710975, -2.70165122743637, 0.55130531496878, 2.59939187074622, -2.03123583397327, 0.21613209819491, 0.875302061468474, -0.372735381296262, 2.06513739695429, -100.400253859401
47525.5888679069, -14.992963005138, 39.9838027954102, -9.22325855218823, 1, 28.6091442108154, -80.5969619750977, -6.89131643710975, -2.48956373612519, 0.55130531496878, 2.56051560867689, -2.02546658275437, -0.0129223924551195, 0.84917702826582, -0.55694832704715, 2.10061350326984, -105.377625716225
47525.6488679069, -14.7538069636676, 39.0934524536133, -7.5876202007317, 1, 28.6091442108154, -80.5969619750977, -6.89131643710975, -2.48956373612519, 0.55130531496878, 2.5107871191185, -1.85844580945859, 0.199165098890015, 0.822181051200016, -0.261712535892448, 1.87677655993012, -98.0172318732235
47525.7088679069, -14.4762903054469, 38.2190933227539, -5.96212675691354, 1, 28.6091442108154, -80.5969543457031, -6.04296647186501, -2.48956373612519, -0.364912647631336, 2.45286482691842, -2.8081532539931, 0.199165098890015, 0.795257383395105, -0.230484882506263, 2.81758858526052, -94.6940079626497
47525.7688679069, -14.1689072217553, 37.3626480102539, -4.34997193614689, 1, 28.6091442108154, -80.5969543457031, -6.04296647186501, -2.48956373612519, 0.483437317749201, 2.38903097034597, -1.6555603801077, 0.199165098890015, 0.768670894383787, -0.202294587106383, 1.66787046329795, -96.9674401022066
47525.8288679069, -13.8379832535005, 36.5256233215332, -2.75405896464816, 1, 28.6091442108154, -80.5969543457031, -6.04296647186501, -2.48956373612519, 0.483437317749201, 2.32740432044289, -1.60478684712269, 0.199165098890015, 0.738777731385684, -0.13367981921496, 1.61034357994582, -94.7623985990426
47525.8888679069, -13.4880738139078, 35.7092895507813, -1.17715497295106, 1, 28.6091461181641, -80.5969543457031, -6.04296647186501, -2.277476244814, 0.483437317749201, 2.27192109343927, -1.60071429398807, -0.0298893917600139, 0.705555072678952, -0.335824327133893, 1.63555338841853, -101.850045840969
47525.9488679069, -13.1249673410566, 34.9145088195801, 0, 1, 28.6091461181641, -80.5969543457031, -6.04296647186501, -2.277476244814, 0.483437317749201, 2.20884007039123, -1.45007434752538, 0.18219809958512, 0.67349333256668, -0.0547492124712021, 1.45110731843136, -92.1624708112006
47526.0088679069, -12.7503645988754, 34.1420364379883, 0, 1, 28.6091461181641, -80.5969467163086, -5.19461650662027, -2.277476244814, -0.432780644850917, 2.14131058250731, -2.42556032355515, 0.18219809958512, 0.642868716551089, -0.0326473165917452, 2.42577989390694, -90.7713678062201
47526.0688679069, -12.368581108357, 33.3923835754395, 0, 1, 28.6091461181641, -80.5969467163086, -5.19461650662027, -2.277476244814, 0.415569320529621, 2.0717406190048, -1.30464535548527, 0.18219809958512, 0.6138398713453, -0.0140293955083855, 1.30472077223792, -90.6161548940431
47526.1288679068, -11.9805063277952, 32.6659202575684, 0, 1, 28.6091461181641, -80.5969467163086, -5.19461650662027, -2.277476244814, 0.415569320529621, 2.00837859392104, -1.29164599514596, 0.18219809958512, 0.582841093831832, 0.0426280747912178, 1.29234910983669, -88.1095988767055
47526.1888679068, -11.5870048025449, 31.9630317687988, 0, 1, 28.6091480255127, -80.5969467163086, -5.19461650662027, -2.06538875350282, 0.415569320529621, 1.95473654974077, -1.32539885151754, -0.0468563910649092, 0.549662252431823, -0.170979976625959, 1.33637983121102, -97.351348906996
47526.2688679068, -11.1902438747802, 31.2838840484619, 0, 1, 28.6091480255127, -80.5969467163086, -5.19461650662027, -2.06538875350282, 0.415569320529621, 1.89703629209712, -1.21646528788771, 0.165231100280225, 0.518627973755224, 0.0991084820385487, 1.22049531417006, -85.3419103549714
47526.3288679068, -10.7906186004723, 30.6286811828613, 0, 1, 28.6091480255127, -80.5969467163086, -5.19461650662027, -2.06538875350282, 0.415569320529621, 1.83828272554817, -1.13628154701717, 0.165231100280225, 0.490050402948964, 0.108639596717157, 1.14146255685424, -84.5382131682344
47526.3888679068, -10.3883001633551, 29.9975757598877, 0, 1, 28.6091480255127, -80.5969390869141, -4.34626654137552, -2.06538875350282, -0.500648642070495, 1.78034568340228, -2.17575249218908, 0.165231100280225, 0.464058406438348, 0.113794953185659, 2.17872485037101, -87.0053606632486
47526.4488679068, -9.9789009902365, 29.3909358978271, 0, 1, 28.6091480255127, -80.5969390869141, -4.34626654137552, -2.06538875350282, 0.347701323310042, 1.72462897971765, -1.11390203052083, 0.165231100280225, 0.438968027749262, 0.134722987239364, 1.122018596157, -83.1033259359763
47526.5088679068, -9.57160094579745, 28.8088035583496, 0, 1, 28.6091480255127, -80.5969390869141, -4.34626654137552, -2.06538875350282, 0.347701323310042, 1.67261725826802, -1.08933273669811, 0.165231100280225, 0.41552010742586, 0.146285734563712, 1.09910998033289, -82.3510999238225
47526.5688679068, -9.16275676197906, 28.2511386871338, 0, 1, 28.6091480255127, -80.5969390869141, -4.34626654137552, -2.06538875350282, 0.347701323310042, 1.63119778326387, -1.14632192904064, 0.165231100280225, 0.393695591468833, 0.156104031351101, 1.15690067943708, -82.2447646561362
47526.6288679068, -8.7530032147073, 27.7180252075195, 0, 1, 28.6091499328613, -80.5969390869141, -4.34626654137552, -1.85330126219163, 0.347701323310042, 1.59323837515807, -1.13611863053374, -0.063823390369804, 0.373861490651364, -0.115127198775306, 1.14193610913673, -95.7866193636389
47526.6888679068, -8.34175763472705, 27.2095642089844, 0, 1, 28.6091499328613, -80.5969390869141, -4.34626654137552, -1.85330126219163, 0.347701323310042, 1.55721895676546, -1.11302093617753, 0.14826410097533, 0.355842077955603, 0.142729658067618, 1.12213403703327, -82.6920376165883
47526.7488679067, -7.67821362244081, 26.7339382171631, 0, 1, 28.6091499328613, -80.5969390869141, -4.34626654137552, -1.85330126219163, 0.347701323310042, 1.36579330953546, 0.670141273929423, 0.14826410097533, 0.317072400933418, 0.396654628811728, 0.778727838849567, 59.3784642107805
47526.8088679067, -6.31389573395898, 26.3255767822266, 0, 0.01, 28.6091499328613, -80.5969314575195, -3.49791657613078, -1.85330126219163, -0.568516639290076, 1.18401585718514, -0.308720806680264, 0.14826410097533, 0.259185758984024, 0.657221695458907, 0.726116184430185, -25.1615191155518
47526.8688679067, -4.2327697361937, 26.0270652770996, 0, 0.01, 28.6091499328613, -80.5969314575195, -3.49791657613078, -1.85330126219163, 0.279833326090463, 1.26219913431978, -1.98471749553574, 0.14826410097533, 0.301544777938534, -0.39615770489218, 2.02385317818435, -101.29023076794
47526.9288679067, -1.58487106058938, 25.8787879943848, 0, 0.01, 28.6091499328613, -80.5969314575195, -3.49791657613078, -1.85330126219163, 0.279833326090463, 1.25693693839059, -1.14453439181616, 0.14826410097533, 0.486513865469092, -2.04442424577626, 2.34287717603917, -150.754937527606
47526.9888679067, 0.656390622426262, 25.8777885437012, 0, 0.01, 28.6091499328613, -80.5969314575195, -3.49791657613078, -1.85330126219163, 0.279833326090463, 1.16762398828209, -0.197383984155582, 0.14826410097533, 0.384400304767787, 0.948796828121206, 0.969109022208629, -11.7524653009776
