TIME, VerticalSpeed, RadarAltitude, TargetVerticalSpeed, TargetThrottle, EngineResponse(kn), Latitude, Longitude, XError, YError, TargetXSpeed, CurrentXSpeed, TargetXPitch, TargetYSpeed, CurrentYSpeed, TargetYPitch, TotalTargetPitch, TotalTargetHeading
47728.8343964398, -0.410201663123303, 539.335693359375, -20, 0.01, 311.800048828125, 28.6083545684814, -80.5997543334961, -291.832585673511, -101.589908342403, 15, -0.0728194609572274, 15, 8.12719266739226, -0.325298035197131, 10.1429888431073, 18.0420098569539, 55.767892445015
47728.9143964398, -0.757347209532156, 539.285522460938, -20, 0.01, 312.006713867188, 28.6083545684814, -80.5997543334961, -291.832585673511, -101.589908342403, 15, -0.0729166114263539, 15, 8.12719266739226, -0.32629854584284, 10.1584560786956, 18.0505094181914, 55.7277020585802
47728.9943964398, -1.1047210105941, 539.207580566406, -20, 0.01, 312.508209228516, 28.6083545684814, -80.5997543334961, -291.832585673511, -101.589908342403, 15, -0.0732043449850057, 15, 8.12719266739226, -0.327414970165804, 10.1674288265717, 18.0554442239096, 55.7044055678156
47729.0743964398, -1.36530936934454, 539.101806640625, -20, 0.01, 313.208282470703, 28.6083545684814, -80.5997543334961, -291.832585673511, -101.589908342403, 15, -0.0773732589588463, 15, 8.12719266739226, -0.330200965156966, 10.1900597154796, 18.0679040400626, 55.6457078718348
47729.1343964398, -1.71212704978103, 539.004333496094, -20, 0.01, 312.300354003906, 28.6083545684814, -80.5997543334961, -291.832585673511, -101.589908342403, 15, -0.0928342447132038, 15, 8.12719266739226, -0.337439872864974, 10.2553192989071, 18.103940511467, 55.4769269738023
47729.2143964397, -2.06003767183006, 538.849914550781, -20, 0.01, 312.471588134766, 28.6083545684814, -80.5997543334961, -291.832585673511, -101.589908342403, 15, -0.126491857095062, 15, 8.12719266739226, -0.352512304465172, 10.3208441407317, 18.1402821491045, 55.3081802210862
47729.2943964397, -2.40882763978404, 538.667724609375, -20, 0.01, 313.268005371094, 28.6083526611328, -80.5997619628906, -292.680935638756, -101.801995833714, 15, -0.16799503387852, 15, 8.303225285206, -0.370832654001542, 10.5853663324272, 18.2885896776214, 54.6342602291517
47729.3743964397, -2.67049708945302, 538.45751953125, -20, 0.01, 312.862396240234, 28.6083526611328, -80.5997619628906, -292.680935638756, -101.801995833714, 15, -0.213094217608008, 15, 8.14415966669716, -0.390636415617973, 10.4362055316233, 18.2046478354108, 55.0128381251754
47729.4343964397, -3.01982479573041, 538.281616210938, -20, 0.01, 312.523223876953, 28.6083526611328, -80.5997619628906, -292.680935638756, -101.801995833714, 15, -0.247922761726666, 15, 8.14415966669716, -0.405901730621786, 10.463778884381, 18.220104310435, 54.942575929987
47729.5143964397, -3.36895374482272, 538.0224609375, -20, 0.01, 312.637756347656, 28.6083526611328, -80.5997619628906, -292.680935638756, -101.801995833714, 15, -0.294738053788221, 15, 8.14415966669716, -0.426409428750906, 10.4963991633417, 18.2384255456137, 54.8596171101059
47729.5943964397, -3.71852613634911, 537.735473632813, -20, 0.01, 312.513488769531, 28.6083526611328, -80.5997619628906, -292.680935638756, -101.801995833714, 15, -0.341228564636949, 15, 8.14415966669716, -0.446782362589246, 10.526708705389, 18.2554834980949, 54.7826939433713
47729.6743964397, -3.98052317431056, 537.420349121094, -20, 0.01, 312.070953369141, 28.6083526611328, -80.5997619628906, -292.680935638756, -101.801995833714, 15, -0.386982051102492, 15, 8.14415966669716, -0.466851112749769, 10.5553986366201, 18.2716605190374, 54.7100222317264
47729.7343964397, -4.32960427937104, 537.165710449219, -20, 0.01, 312.471984863281, 28.6083526611328, -80.5997619628906, -292.680935638756, -101.801995833714, 15, -0.42059486559437, 15, 8.14415966669716, -0.481612182472111, 10.5753824544146, 18.2829460611096, 54.6594840996556
47729.8143964397, -4.67813254802127, 536.801635742188, -20, 0.01, 311.880554199219, 28.6083507537842, -80.5997619628906, -292.680935638756, -102.014083325026, 15, -0.464276573261517, 15, 8.3201922845109, -0.50082566245431, 10.8132249887687, 18.4183589242888, 54.0630783890084
47729.8943964396, -5.02665100198172, 536.40966796875, -20, 0.01, 312.488372802734, 28.6083507537842, -80.5997619628906, -292.680935638756, -102.014083325026, 15, -0.506395820357444, 15, 8.16112666600205, -0.519392648035331, 10.6467223366958, 18.3233510666687, 54.4796104121857
47729.9743964396, -5.28803867725422, 536.007507324219, -20, 0.01, 313.226837158203, 28.6083507537842, -80.5997619628906, -292.680935638756, -102.014083325026, 15, -0.546775908270739, 15, 8.16112666600205, -0.537239518618671, 10.669696411859, 18.3364017263621, 54.4218643001475
47730.0343964396, -5.63597577311317, 535.852172851563, -20, 0.01, 312.485595703125, 28.6083507537842, -80.5997619628906, -292.680935638756, -102.014083325026, 15, -0.575795283856601, 15, 8.16112666600205, -0.550100920528398, 10.6851193204231, 18.3451734246233, 54.3831473910841
47730.1143964396, -5.98366737650858, 535.281616210938, -20, 0.01, 312.457611083984, 28.6083507537842, -80.5997619628906, -292.680935638756, -102.014083325026, 15, -0.612669641713152, 15, 8.16112666600205, -0.566495415663928, 10.7061195066682, 18.3571307801065, 54.3304929215478
47730.1943964396, -6.33104860395881, 534.7109375, -20, 0.01, 312.260314941406, 28.6083507537842, -80.5997619628906, -292.680935638756, -102.014083325026, 15, -0.647256579190529, 15, 8.16112666600205, -0.581941689299593, 10.724537828464, 18.3676309367238, 54.2843721498019
47730.2743964396, -6.59117807939109, 534.104736328125, -20, 0.01, 311.731262207031, 28.6083507537842, -80.5997619628906, -292.680935638756, -102.014083325026, 15, -0.679342946312295, 15, 8.16112666600205, -0.59635130843779, 10.741060445076, 18.3770606020216, 54.2430461167194
47730.3343964396, -6.93913557440652, 533.94921875, -20, 0.01, 312.863708496094, 28.6083488464355, -80.5997619628906, -292.680935638756, -102.226170816337, 15, -0.701619995902245, 15, 8.3371592838158, -0.606417544667337, 10.9623354347821, 18.5042706549907, 53.6939367557994
47730.4143964396, -7.28574288944591, 533.378723144531, -20, 0.01, 312.718536376953, 28.6083488464355, -80.5997619628906, -292.680935638756, -102.226170816337, 15, -0.728891165708643, 15, 8.17809366530695, -0.618830664507313, 10.7858260123452, 18.4026574039115, 54.1313061377031
47730.4943964395, -7.63278216711738, 532.772399902344, -20, 0.01, 312.937164306641, 28.6083488464355, -80.5997619628906, -292.680935638756, -102.226170816337, 15, -0.753114718599581, 15, 8.17809366530695, -0.629980334717711, 10.7967762035733, 18.4089294539426, 54.1040235846462
47730.5743964395, -7.89259493680898, 532.201843261719, -20, 0.01, 312.847625732422, 28.6083488464355, -80.5997619628906, -292.680935638756, -102.226170816337, 15, -0.774154983866313, 15, 8.17809366530695, -0.639809730932962, 10.8057237467823, 18.4140575630558, 54.0817453459271
47730.6343964395, -8.23859204181448, 531.475891113281, -20, 0.01, 311.810516357422, 28.6083488464355, -80.5997619628906, -292.680935638756, -102.226170816337, 15, -0.787721958730311, 15, 8.17809366530695, -0.646263188399804, 10.8095766129064, 18.4162666257933, 54.0721562696927
47730.7143964395, -8.58498265404621, 530.905212402344, -20, 0.01, 312.811767578125, 28.6083488464355, -80.5997619628906, -292.680935638756, -102.226170816337, 15, -0.802655437229735, 15, 8.17809366530695, -0.653557159101309, 10.8155649039979, 18.4197010831807, 54.0572573725146
47730.7943964395, -8.93082801910751, 530.179260253906, -20, 0.01, 312.875518798828, 28.6083469390869, -80.5997619628906, -292.680935638756, -102.438258307648, 15, -0.81377864482604, 15, 8.35412628312068, -0.659049996480115, 11.0270974913291, 18.5418248917139, 53.5347468900663
47730.8743964395, -9.18984368927993, 529.608459472656, -20, 0.01, 311.647583007813, 28.6083469390869, -80.5997619628906, -292.680935638756, -102.438258307648, 15, -0.819557382745043, 15, 8.19506066461184, -0.659479120591812, 10.8058394803701, 18.4141239119576, 54.0814572706102
47730.9343964395, -9.53556549496014, 529.002197265625, -20, 0.01, 311.873596191406, 28.6083469390869, -80.5997619628906, -292.680935638756, -102.438258307648, 15, -0.819316773154962, 15, 8.19506066461184, -0.654442261528977, 10.7515179297749, 18.3830338161064, 54.2169133964148
47731.0143964395, -9.88150991584398, 528.276184082031, -20, 0.01, 312.066864013672, 28.6083469390869, -80.5997619628906, -292.680935638756, -102.438258307648, 15, -0.809946109059941, 15, 8.19506066461184, -0.640339300622306, 10.6862590804774, 18.345821993266, 54.3802877578044
47731.0943964394, -10.2284215159965, 527.134948730469, -20, 0.01, 312.511535644531, 28.6083469390869, -80.5997619628906, -292.680935638756, -102.438258307648, 15, -0.787119733791494, 15, 8.19506066461184, -0.619809326238707, 10.620472406124, 18.3084626032751, 54.5456976936911
47731.1743964394, -10.4888254324721, 526.528625488281, -20, 0.01, 313.028961181641, 28.6083469390869, -80.5997619628906, -292.680935638756, -102.438258307648, 15, -0.760011410947123, 15, 8.19506066461184, -0.601756495498109, 10.6244250402877, 18.3107028860797, 54.5357391576562
47731.2343964394, -10.8371009809833, 525.802612304688, -20, 0.01, 311.706909179688, 28.6083469390869, -80.5997619628906, -292.680935638756, -102.438258307648, 15, -0.710151460079812, 15, 8.19506066461184, -0.575747919135563, 10.4737877007111, 18.2257216734304, 54.9171029533299
47731.3143964394, -11.188175315187, 524.781188964844, -20, 0.01, 312.892578125, 28.6083469390869, -80.5997619628906, -292.680935638756, -102.438258307648, 15, -0.64469612311025, 15, 8.19506066461184, -0.548871509735688, 10.5070438483054, 18.2444124974936, 54.8325843124447
47731.3943964394, -11.5412504288527, 524.05517578125, -20, 0.01, 311.6943359375, 28.6083450317383, -80.5997619628906, -292.680935638756, -102.650345798959, 15, -0.563050903533683, 15, 8.37109328242559, -0.522817326138123, 10.7002997913688, 18.3538155054809, 54.3450775726799
47731.4743964394, -11.8081369978759, 523.36474609375, -20, 0.01, 312.695709228516, 28.6083450317383, -80.5997619628906, -292.680935638756, -102.650345798959, 15, -0.492034286657907, 15, 8.21202766391673, -0.504465770999175, 10.5521420911871, 18.2698227995025, 54.7182641788973
47731.5343964394, -12.1662968277668, 522.223693847656, -20, 0.01, 311.838775634766, 28.6083450317383, -80.5997619628906, -292.680935638756, -102.650345798959, 15, -0.386129461337225, 15, 8.21202766391673, -0.481184422573735, 10.4342435796002, 18.203549101179, 55.0178423961227
47731.6143964394, -12.5265597461554, 521.082580566406, -20, 0.01, 312.003845214844, 28.6083450317383, -80.5997619628906, -292.680935638756, -102.650345798959, 15, -0.271658593940237, 15, 8.21202766391673, -0.458429156295203, 10.4760226126963, 18.2269764954999, 54.9114172657808
47731.6943964394, -12.8884925708112, 520.320922851563, -20, 0.01, 312.464691162109, 28.6083450317383, -80.5997619628906, -292.680935638756, -102.650345798959, 15, -0.151434852739238, 15, 8.21202766391673, -0.436015980445303, 10.458610914806, 18.2172052560591, 54.9557352383845
47731.7743964393, -13.1606440462963, 519.335327148438, -20, 0.01, 312.972778320313, 28.6083450317383, -80.5997619628906, -292.680935638756, -102.650345798959, 15, -0.0583081439638842, 15, 8.21202766391673, -0.41946704054976, 10.4465405036724, 18.2104379501825, 54.9864877522051
47731.8343964393, -13.5245671273698, 518.609375, -20, 0.01, 312.698303222656, 28.6083450317383, -80.5997619628906, -292.680935638756, -102.650345798959, 15, 0.0693706661007067, 15, 8.21202766391673, -0.396834578971164, 10.4220145766866, 18.1967037654689, 55.0490489182281
47731.9143964393, -13.8903165521078, 517.468322753906, -20, 0.01, 312.337829589844, 28.6083450317383, -80.5997619628906, -292.680935638756, -102.650345798959, 15, 0.20081056395664, 15, 8.21202766391673, -0.372763498622945, 10.3892074724238, 18.1783665434567, 55.1328911130199
47731.9943964393, -14.2572469313566, 516.171936035156, -20, 0.01, 312.040283203125, 28.6083450317383, -80.5997619628906, -292.680935638756, -102.650345798959, 15, 0.336696254646145, 15, 8.21202766391673, -0.344921991321455, 10.334365021231, 18.1478008552641, 55.2734494534843
47732.0743964393, -14.5343111209967, 515.186279296875, -20, 0.01, 311.938049316406, 28.6083450317383, -80.5997619628906, -292.680935638756, -102.650345798959, 15, 0.44397560170766, 15, 8.21202766391673, -0.314882196690006, 10.2118467720208, 18.0799172985225, 55.5892803106942
47732.1343964393, -14.9079766658706, 513.925537109375, -20, 0.0140567003183956, 314.375335693359, 28.6083450317383, -80.5997619628906, -292.680935638756, -102.650345798959, 15, 0.593663624761382, 15, 8.21202766391673, -0.262955562387309, 10.0672629864676, 18.0005263934189, 55.9652427092865
47732.2143964393, -15.2832128555745, 512.784484863281, -20, 0.01, 312.288909912109, 28.6083450317383, -80.5997619628906, -292.680935638756, -102.650345798959, 15, 0.749467391816235, 15, 8.21202766391673, -0.202645103548248, 9.93874349004079, 17.930617302565, 56.3023984356762
47732.2943964393, -15.6608323361507, 511.607940673828, -20, 0.01, 312.530303955078, 28.6083450317383, -80.5997543334961, -291.832585673511, -102.650345798959, 15, 0.908569108814335, 15, 8.21202766391673, -0.137694019002981, 9.83267727312962, 17.8733957702031, 56.5827600086923
47732.3743964392, -15.9463233469808, 510.502777099609, -20, 0.01, 312.491912841797, 28.6083450317383, -80.5997543334961, -291.832585673511, -102.650345798959, 15, 1.02981784144899, 15, 8.21202766391673, -0.0868492938513813, 9.75532881169167, 17.8319399260045, 56.7884187036246
47732.4343964392, -16.3285363089736, 509.242034912109, -20, 0.480100510178795, 351.803070068359, 28.6083450317383, -80.5997543334961, -291.832585673511, -102.650345798959, 15, 1.19368537441789, 15, 8.21202766391673, -0.0169278717479087, 9.66204285533237, 17.7822508079618, 57.0378089471632
47732.5143964392, -16.6929405913045, 508.101409912109, -20, 0.122402931153781, 382.868621826172, 28.6083450317383, -80.5997543334961, -291.832585673511, -102.650345798959, 15, 1.37560715710821, 14.995757555347, 8.21202766391673, 0.0619303629126459, 9.50690695739062, 17.6968099015557, 57.4486580454986
47732.5943964392, -16.9903528341477, 506.425964355469, -20, 0.01, 375.365142822266, 28.6083450317383, -80.5997543334961, -291.832585673511, -102.650345798959, 15, 1.58291868594369, 14.0463320512406, 8.21202766391673, 0.152898995810712, 9.31336391405052, 16.8015018804696, 56.3050788045984
47732.6543964392, -17.2153852787173, 505.819915771484, -20, 0.01, 356.309478759766, 28.6083450317383, -80.5997543334961, -291.832585673511, -102.650345798959, 15, 1.73634648572538, 14.7952364044521, 8.21202766391673, 0.22078110471653, 9.24014378897616, 17.3887837475049, 57.8384746913646
47732.7343964392, -17.5379254427364, 504.144073486328, -20, 0.597908759444716, 389.920928955078, 28.6083469390869, -80.5997467041016, -290.984235708267, -102.438258307648, 15, 1.93282542840413, 14.2470318411135, 8.03599504610298, 0.308348892596109, 8.95206809903085, 16.7766575059041, 57.6953045587046
47732.8143964392, -17.8587972387739, 502.883728027344, -20, 0.344412499695736, 439.556884765625, 28.6083469390869, -80.5997467041016, -290.984235708267, -102.438258307648, 15, 2.1429527349324, 13.9028019822023, 8.19506066461184, 0.402869563509616, 8.98360916626234, 16.5045559682996, 56.9806885194994
47732.8943964392, -18.1012342488411, 501.328094482422, -20, 0.164439833516294, 444.060302734375, 28.6083469390869, -80.5997467041016, -290.984235708267, -102.438258307648, 15, 2.38645002016339, 12.7591553164264, 8.19506066461184, 0.513406530226932, 8.7369879109603, 15.4228090583332, 55.4805052206827
47732.9543964391, -18.2668426031623, 500.22314453125, -20, 0.01, 422.235565185547, 28.6083469390869, -80.5997467041016, -290.984235708267, -102.438258307648, 15, 2.57317127795544, 13.5795946890871, 8.19506066461184, 0.598768710025328, 8.61451652276622, 16.0380312490932, 57.464545806098
47733.0343964391, -18.504803134323, 498.54736328125, -20, 0.538457563028924, 435.527313232422, 28.6083469390869, -80.599739074707, -290.135885743022, -102.438258307648, 15, 2.81267120178983, 12.9061046481419, 8.19506066461184, 0.708984553850991, 8.51524934035887, 15.4222140593229, 56.4575908933012
47733.1143964391, -18.76093554482, 497.406677246094, -20, 0.419252597961119, 472.933380126953, 28.6083488464355, -80.599739074707, -290.135885743022, -102.226170816337, 15, 3.05372656626264, 12.61472942473, 8.01902804679811, 0.820818894395852, 8.16342883225365, 14.9897040521585, 56.9685779221786
47733.1943964391, -18.9615196347164, 495.766937255859, -20, 0.301685401564502, 482.206878662109, 28.6083488464355, -80.599739074707, -290.135885743022, -102.226170816337, 15, 3.31976167480385, 11.4500595854721, 8.17809366530695, 0.945292259609653, 8.11593309229909, 14.0032808199672, 54.5807947034956
47733.2543964391, -19.0943558617892, 494.661956787109, -20, 0.126201621776772, 469.666656494141, 28.6083507537842, -80.5997314453125, -289.287535777777, -102.014083325026, 15, 3.52469473508022, 12.33667329087, 7.94903917465691, 1.04185884754911, 7.69721646589108, 14.5093463581636, 57.9169262799728
47733.3343964391, -19.2755913719544, 492.986267089844, -20, 0.518433798416323, 475.631164550781, 28.6083507537842, -80.5997314453125, -289.287535777777, -102.014083325026, 15, 3.79225399658095, 11.5548718646126, 8.16112666600205, 1.1688115315546, 7.81849283616091, 13.9216339540152, 55.8181402847363
47733.4143964391, -19.4739769580726, 491.466156005859, -20, 0.440652379660091, 504.749328613281, 28.6083507537842, -80.5997314453125, -289.287535777777, -102.014083325026, 15, 4.0575041528988, 11.2626439625818, 8.16112666600205, 1.29571890206447, 7.67203616897651, 13.5994967278271, 55.64532566026
47733.4943964391, -19.6309161821887, 489.826385498047, -20, 0.356737930346925, 510.215118408203, 28.6083526611328, -80.599723815918, -288.439185812532, -101.801995833714, 15, 4.33987412973078, 10.0958724698351, 7.93207217535203, 1.43199449961326, 7.16857842247457, 12.3604875779001, 54.5537937179539
47733.5543964391, -19.7357727913586, 488.721374511719, -20, 0.224379832530385, 501.576721191406, 28.6083545684814, -80.599723815918, -288.439185812532, -101.589908342403, 15, 4.55412139472486, 11.0639777357841, 7.96812704888341, 1.53617614491652, 7.0709359954703, 13.1067198854176, 57.3217231197965
47733.634396439, -19.8789075051223, 487.201171875, -20, 0.535674706244253, 507.085662841797, 28.6083545684814, -80.5997161865234, -287.590835847288, -101.589908342403, 15, 4.83377379071712, 10.2459893589946, 8.12719266739226, 1.67320488787048, 7.11664431723899, 12.4533266195207, 55.1427801339306
47733.714396439, -20.0330480980901, 485.561370849609, -20, 0.467343788850813, 528.015686035156, 28.6083564758301, -80.5997161865234, -287.590835847288, -101.377820851092, 15, 5.10866376456703, 9.95975262543518, 7.95116004957852, 1.81094451183036, 6.73969819199488, 12.0067205406482, 55.8413037767013
47733.794396439, -20.1520625077522, 484.041320800781, -20, 0.393887038932163, 532.248962402344, 28.6083564758301, -80.5997085571289, -286.742485882043, -101.377820851092, 15, 5.39344092348398, 8.83768718475874, 8.11022566808737, 1.95639292906405, 6.70314595015271, 11.0760844590972, 52.7741401471076
47733.854396439, -20.230149879936, 482.971771240234, -20, 0.290336857967066, 524.923278808594, 28.6083583831787, -80.5997085571289, -286.742485882043, -101.165733359781, 15, 5.60622731132057, 9.84173221810007, 7.93419305027361, 2.06696851492911, 6.34784371105838, 11.6943321207737, 57.103189823811
47733.934396439, -20.3375518902022, 481.331756591797, -20, 0.527055454784826, 528.272338867188, 28.6083602905273, -80.5997009277344, -285.894135916798, -100.95364586847, 15, 5.88201089424621, 9.04560734662923, 7.91722605096872, 2.21197693488991, 6.1762301161792, 10.9385160645465, 55.6159540691085
47734.014396439, -20.4538351589381, 479.396575927734, -20, 0.479632614717837, 542.443542480469, 28.608362197876, -80.5997009277344, -285.894135916798, -100.741558377159, 15, 6.14856602860387, 8.80203569684696, 7.90025905166382, 2.35774163236986, 5.97971401257764, 10.6278347230532, 55.7530485064278
47734.094396439, -20.5413518941194, 477.792358398438, -20, 0.418157625475729, 545.719055175781, 28.608362197876, -80.5996932983398, -285.045785951553, -100.741558377159, 15, 6.41156434993111, 7.86077106695256, 8.05932467017268, 2.51123275937009, 5.93289365450447, 9.83715731527389, 52.9191895074618
47734.154396439, -20.5974318822068, 476.722747802734, -20, 0.339131514746727, 537.952392578125, 28.6083641052246, -80.5996856689453, -284.197435986309, -100.529470885847, 15, 6.60352343023672, 8.82742746301147, 7.88329205235895, 2.62818369887515, 5.56614050818178, 10.4239971024643, 57.7047845902895
47734.2343964389, -20.6739231148418, 475.238128662109, -20, 0.507564160443203, 540.139831542969, 28.6083660125732, -80.5996856689453, -284.197435986309, -100.317383394536, 15, 6.84947438258296, 8.13386770031925, 7.86632505305403, 2.78178987475319, 5.3829834020723, 9.74378156342994, 56.4536134708251
47734.3143964389, -20.7575645451378, 473.302612304688, -20, 0.478352848065651, 549.30908203125, 28.6083679199219, -80.5996780395508, -283.349086021064, -100.105295903225, 15, 7.08306983974681, 7.95255290973258, 7.84935805374914, 2.93490061068966, 5.18653748529883, 9.48526272867979, 56.8397687899495
47734.3943964389, -20.8199948432461, 471.698272705078, -20, 0.434077128773518, 552.8125, 28.6083698272705, -80.5996704101563, -282.500736055819, -99.8932084119138, 15, 7.30617227845395, 7.2103878214971, 7.77936918160799, 3.09398901382702, 4.87056055508436, 8.69405716461575, 55.9231017772053
47734.4543964389, -20.8580076282301, 470.628845214844, -20, 0.372608266255427, 546.742004394531, 28.6083717346191, -80.5996704101563, -282.500736055819, -99.6811209206026, 15, 7.46564758150973, 8.06000455408256, 7.81542405513935, 3.21435675315503, 4.76163138675765, 9.35344751925735, 59.3726124826742
47734.5343964389, -20.9086117117806, 468.7646484375, -20, 0.482575721522097, 545.408142089844, 28.6083736419678, -80.5996627807617, -281.652386090574, -99.4690334292914, 15, 7.66347230476679, 7.54086345677382, 7.79845705583447, 3.37101109813632, 4.58559753630479, 8.81877092599874, 58.6498896350959
47734.6143964389, -20.9628742721951, 467.279724121094, -20, 0.461426139896416, 549.596008300781, 28.6083755493164, -80.5996551513672, -280.80403612533, -99.2569459379802, 15, 7.84289826608776, 7.46926869911755, 7.78149005652956, 3.51314519518525, 4.50699275607885, 8.71709299861657, 58.8473122547748
47734.6943964389, -20.9968288907893, 465.379821777344, -20, 0.412137522838437, 551.305480957031, 28.6083793640137, -80.5996551513672, -280.80403612533, -98.8327709553578, 15, 7.99891289891142, 7.07180017362552, 7.48244669373837, 3.6354138732626, 4.15348657560322, 8.19597984969935, 59.5313101742873
47734.7543964389, -21.0143524929681, 464.310089111328, -20, 0.370105087157007, 541.821594238281, 28.6083812713623, -80.5996475219727, -279.955686160085, -98.6206834640467, 15, 8.10015991522351, 7.756617332142, 7.73058905861487, 3.71405483294387, 4.48990367116076, 8.95550061950626, 59.885151963794
47734.8343964388, -21.0397233666753, 462.445373535156, -20, 0.431786236348227, 537.67822265625, 28.6083831787109, -80.5996398925781, -279.10733619484, -98.4085959727355, 15, 8.21414615698594, 7.52971833420786, 7.71362205931, 3.80055864951797, 4.50650011536234, 8.76858618586428, 59.0529829816111
47734.9143964388, -21.0709533205914, 460.8408203125, -20, 0.437320668011262, 544.266784667969, 28.6083850860596, -80.5996322631836, -278.258986229596, -98.1965084814243, 15, 8.30464418958331, 7.60263854850464, 7.69665506000509, 3.8687572842755, 4.54465253635385, 8.85056887152226, 59.0825082864804
47734.9943964388, -21.0863302561519, 459.391326904297, -20, 0.396738387334007, 541.344848632813, 28.6083889007568, -80.5996322631836, -278.258986229596, -97.7723334988019, 15, 8.37359103287554, 7.51314499348976, 7.39761169721388, 3.92093899290199, 4.2460907348175, 8.62398636986725, 60.4788953424929
47735.0543964388, -21.1019366291372, 458.025909423828, -20, 0.406545037698169, 536.836669921875, 28.6083908081055, -80.5996246337891, -277.410636264351, -97.5602460074907, 15, 8.41416173407687, 7.85491699663412, 7.64575406209041, 3.95366726009637, 4.57088304688222, 9.08083586661447, 59.752621897116
47735.1343964388, -21.1226353954413, 456.456817626953, -20, 0.45359751780239, 538.020263671875, 28.6083927154541, -80.5996170043945, -276.562286299106, -97.3481585161795, 15, 8.4556943278275, 7.8030991345494, 7.62878706278551, 3.9921822070147, 4.54563456536082, 9.02347988497307, 59.7264335686637
47735.2143964388, -21.1448608189555, 454.592224121094, -20, 0.448054177010597, 543.619812011719, 28.6083946228027, -80.599609375, -275.713936333861, -97.1360710248684, 15, 8.48610636730928, 7.85521995910619, 7.61182006348063, 4.02723316248008, 4.51206062505823, 9.05181767599754, 60.0748025711163
47735.2943964388, -21.1574636386014, 453.107147216797, -20, 0.4263942403648, 543.967895507813, 28.6083984375, -80.5996017456055, -274.865586368617, -96.711896042246, 15, 8.50901364526483, 7.83064333392958, 7.31277670068941, 4.05971201781895, 4.13612716599987, 8.84984953961449, 62.1039049313425
47735.3543964388, -21.1692006782702, 451.777557373047, -20, 0.442943474861098, 538.794555664063, 28.6084003448486, -80.5995941162109, -274.017236403372, -96.4998085509348, 15, 8.52236632323659, 7.94872992209187, 7.56091906556593, 4.08248138746895, 4.4245595414223, 9.09028213224898, 60.8440753820316
47735.4343964388, -21.1848745563128, 454.909484863281, -20, 0.452461673428332, 543.422790527344, 28.6084022521973, -80.5995941162109, -274.017236403372, -96.2877210596236, 15, 8.53649724868093, 7.93110675771364, 7.54395206626103, 4.11193821096959, 4.37836408538572, 9.05261740238088, 61.0452246045486
47735.5143964387, -21.1991477770908, 453.424499511719, -20, 0.457163176816533, 545.609252929688, 28.6084060668945, -80.5995864868164, -273.168886438127, -95.8635460770012, 15, 8.54792043351594, 7.94286865413728, 7.35095244914241, 4.14095738347706, 4.11779191633578, 8.94072559735804, 62.5416746002892
47735.5943964387, -21.2062382258193, 447.240692138672, -20, 0.441669101679338, 545.565673828125, 28.6084079742432, -80.5995788574219, -272.320536472882, -95.6514585856901, 15, 8.5582606237259, 7.91659745367053, 7.44002919551008, 4.1691033953715, 4.20007424294223, 8.9554841181578, 61.9979351218338
47735.6543964387, -21.2125256726939, 446.253265380859, -20, 0.45123295579395, 546.741577148438, 28.6084117889404, -80.5995712280273, -271.472186507638, -95.2272836030677, 15, 8.56772567722948, 7.94279920975162, 7.30005145122771, 4.19460328069045, 3.95946059233442, 8.86931785347815, 63.4487391675931
47735.7343964387, -21.2190954591993, 446.888580322266, -20, 0.452413161099452, 553.191772460938, 28.6084136962891, -80.5995635986328, -270.623836542393, -95.0151961117565, 15, 8.58429168334951, 7.87479542442811, 7.44215007043167, 4.23545831420423, 4.03210435039505, 8.84125188816442, 62.8322759326173
47735.8143964387, -21.2230982273252, 445.403625488281, -20, 0.450484452008491, 552.154479980469, 28.6084175109863, -80.5995559692383, -269.775486577148, -94.5910211291341, 15, 8.60673738251561, 7.80887749766943, 7.24915045331303, 4.28418858526618, 3.6853361724517, 8.6299506981489, 64.6821177275918
47735.8943964387, -21.2236048768448, 445.312042236328, -20, 0.444605495724603, 549.1669921875, 28.608419418335, -80.5995559692383, -269.775486577148, -94.378933637823, 15, 8.63661263890297, 7.64643540227187, 7.33822719968072, 4.34055402565209, 3.66972410822988, 8.47672003326962, 64.3112980166311
47735.9543964387, -21.226551378154, 443.982513427734, -20, 0.459862909292321, 549.001647949219, 28.6084232330322, -80.5995483398438, -268.927136611903, -93.9547586552006, 15, 8.66483332765794, 7.70473610732828, 7.19824945539833, 4.38873205170096, 3.38658343667044, 8.41205535909833, 66.2209173338287
47736.0343964387, -21.2339200530832, 442.533294677734, -20, 0.477759212350028, 553.599243164063, 28.6084251403809, -80.5995407104492, -268.078786646659, -93.7426711638894, 15, 8.71106197107311, 7.51923322567932, 7.34034807460231, 4.45981962177245, 3.42272460333558, 8.25751559021599, 65.4759279757728
47736.1143964386, -21.2380619628712, 440.668914794922, -20, 0.473870392069293, 558.019226074219, 28.6084289550781, -80.5995330810547, -267.230436681414, -93.318496181267, 15, 8.76717822967019, 7.38272285890203, 7.14734845748366, 4.53633809896688, 3.06065989501781, 7.98876240123804, 67.436023964885
47736.1943964386, -21.237333469664, 439.219757080078, -20, 0.463381168622348, 557.768432617188, 28.6084308624268, -80.5995254516602, -266.382086716169, -93.1064086899558, 15, 8.83310479914939, 7.06891735729491, 7.23642520385132, 4.61507784372751, 3.05850186808488, 7.69912370851645, 66.5602442207446
47736.2543964386, -21.2338985085856, 437.770568847656, -20, 0.454016579267844, 558.992065429688, 28.608434677124, -80.5995178222656, -265.533736750924, -92.6822337073335, 15, 8.88910170725562, 7.24589867023441, 7.09644745956898, 4.67479665203623, 2.81367899807632, 7.77030114594579, 68.7343181287935
47736.3343964386, -21.2307873520178, 435.90625, -20, 0.462596355257931, 556.740600585938, 28.6084365844727, -80.5995101928711, -264.68538678568, -92.4701462160223, 15, 8.9728228501301, 6.94232327970901, 7.23854607877294, 4.75338927836152, 2.89961770061955, 7.52080064074158, 67.2898330709146
47736.4143964386, -21.2328911406413, 434.457092285156, -20, 0.484455760132026, 559.9609375, 28.6084403991699, -80.5995025634766, -263.837036820435, -92.0459712333999, 15, 9.06425357318338, 6.77953315783549, 7.04554646165429, 4.82612213570159, 2.62646253812575, 7.26829737102935, 68.7847816916273
47736.4943964386, -21.2311784655223, 432.592803955078, -20, 0.476940222260846, 565.377197265625, 28.6084442138672, -80.599494934082, -262.98868685519, -91.6217962507775, 15, 9.15998884375276, 6.39653255700769, 6.90556871737193, 4.89107698800026, 2.44049005343153, 6.84447605667089, 69.0825747600152
47736.5543964386, -21.2232223646932, 431.263397216797, -20, 0.450424748726415, 563.85595703125, 28.6084480285645, -80.5994873046875, -262.140336889945, -91.1976212681552, 15, 9.23623578170742, 6.69514791393162, 6.97767846443471, 4.93378905703078, 2.53703430265902, 7.1576687714647, 69.2094372822041
47736.6343964386, -21.2107033017816, 429.814208984375, -20, 0.445540191580982, 559.292541503906, 28.6084499359131, -80.5994873046875, -262.140336889945, -90.985533776844, 15, 9.34676852232953, 6.30988769031941, 7.11977708363868, 4.98449029379162, 2.6952808056287, 6.85928746190039, 66.8359151152595
47736.7143964385, -21.2042541557808, 427.985504150391, -20, 0.467390954752058, 559.748474121094, 28.6084537506104, -80.599479675293, -261.291986924701, -90.5613587942216, 15, 9.46256647592532, 6.13587099551416, 6.92677746652002, 5.02523361831014, 2.4909948525718, 6.62044002820913, 67.8722892316272
47736.7943964385, -21.2015326769248, 426.121215820313, -20, 0.483029601632021, 561.35791015625, 28.6084575653076, -80.5994720458984, -260.443636959456, -90.1371838115992, 15, 9.58068199748358, 5.68471339678103, 6.78679972223767, 5.04928208841743, 2.42076481751529, 6.17712107929785, 66.906106147585
47736.8543964385, -21.1951109465194, 425.206939697266, -20, 0.46643582674872, 559.543029785156, 28.6084594726563, -80.5994644165039, -259.595286994211, -89.925096320288, 15, 9.67175012830807, 6.07783847416688, 7.03494208711419, 5.05835752709302, 2.79844021875533, 6.68894516365687, 65.2448774502768
47736.9343964385, -21.1861948869592, 423.378265380859, -20, 0.467400312324246, 560.327392578125, 28.6084632873535, -80.5994567871094, -258.746937028966, -89.5009213376657, 15, 9.79737627325443, 5.67206409325653, 6.84194246999556, 5.0635784534785, 2.61359569663651, 6.24346547064276, 65.2324708746466
47737.0143964385, -21.1807511160725, 421.513977050781, -20, 0.48134108762854, 562.393737792969, 28.6084671020508, -80.5994491577148, -257.898587063722, -89.0767463550433, 15, 9.92435517706068, 5.51360423309591, 6.80800847138577, 5.05904942614166, 2.65283355127399, 6.11683069279779, 64.2792086563696
47737.0943964385, -21.1749923789755, 420.22021484375, -20, 0.48332916660717, 564.405395507813, 28.6084690093994, -80.5994415283203, -257.050237098477, -88.8646588637321, 15, 10.0496692057788, 5.06539908842749, 6.89708521775343, 5.04222417674236, 2.87362150051018, 5.8218931364182, 60.4118458178837
47737.1543964385, -21.1650018473635, 418.771057128906, -20, 0.460195851039243, 564.709106445313, 28.6084728240967, -80.5994338989258, -256.201887133232, -88.4404838811098, 15, 10.1440525627983, 5.50128892757611, 6.75710747347108, 5.02563406784639, 2.76630694056099, 6.15573714979705, 63.2781794058524
47737.2343964385, -21.152247480209, 416.942443847656, -20, 0.462748348505697, 560.817443847656, 28.6084766387939, -80.5994262695313, -255.353537167987, -88.0163088984874, 15, 10.2708218761147, 5.1100544218289, 6.72317347486129, 4.99926308696851, 2.7904917152223, 5.82055319619994, 61.3395507927541
47737.3143964385, -21.1425472918762, 415.113708496094, -20, 0.473952789991782, 558.990661621094, 28.6084804534912, -80.5994186401367, -254.505187202743, -87.592133915865, 15, 10.3949179918894, 4.6737108241826, 6.68923947625151, 4.96970775157385, 2.8104956036234, 5.45205725125573, 58.9618437864151
47737.3943964384, -21.1390535205981, 414.199401855469, -20, 0.496855925989191, 561.905151367188, 28.6084823608398, -80.5994110107422, -253.656837237498, -87.3800464245539, 15, 10.5151020650933, 4.8726584634581, 6.77831622261919, 4.94178427861049, 2.94012612413887, 5.68913775853126, 58.8740917010879
47737.4543964384, -21.1312962357095, 412.370727539063, -20, 0.476518644100445, 564.954956054688, 28.6084861755371, -80.5994033813477, -252.808487272253, -86.9558714419315, 15, 10.6062099969195, 4.98491503763669, 6.6383384783368, 4.92446709813334, 2.75770752794106, 5.6951845798194, 61.0269096745069
47737.5343964384, -21.1173971495364, 410.542175292969, -20, 0.465705882922671, 564.738952636719, 28.6084899902344, -80.5993957519531, -251.960137307008, -86.5316964593091, 15, 10.7263762103698, 4.62619736831075, 6.60440447972702, 4.90521439639628, 2.7126727820121, 5.361370658215, 59.5959996438305
47737.6143964384, -21.1015183866552, 409.128723144531, -20, 0.459161837890373, 561.259155273438, 28.608491897583, -80.5993881225586, -251.111787341764, -86.3196089679979, 15, 10.8385826071559, 4.27322917558453, 6.74650309893099, 4.89023368234429, 2.87061308980908, 5.14641815890191, 56.0946119810117
47737.6943964384, -21.0903831089769, 407.834869384766, -20, 0.475006178283561, 564.139282226563, 28.6084957122803, -80.5993728637695, -249.415087411274, -85.8954339853755, 15, 10.9187336610914, 4.70124398736074, 6.44745973613978, 4.88544050857091, 2.4423559262678, 5.29654633332188, 62.5283376680514
47737.7543964384, -21.0768871965625, 406.006256103516, -20, 0.452752840496143, 563.45458984375, 28.6084995269775, -80.599365234375, -248.56673744603, -85.4712590027532, 15, 11.0224357061172, 4.4033511515577, 6.51956948320255, 4.88615251235625, 2.48594442722232, 5.05541766381868, 60.5363213569697
47737.8343964384, -21.0591869530807, 404.177581787109, -20, 0.452599222776127, 559.537475585938, 28.6085033416748, -80.5993576049805, -247.718387480785, -85.0470840201308, 15, 11.119019502164, 4.34394224805122, 6.48563548459276, 4.89370522893712, 2.38790857668684, 4.95590665589083, 61.1857872770953
47737.9143964384, -21.0452235086268, 402.799621582031, -20, 0.464268580437862, 558.495666503906, 28.6085052490234, -80.5993499755859, -246.87003751554, -84.8349965288196, 15, 11.2053460873741, 4.10373975637465, 6.62773410379672, 4.91222237221148, 2.45534555697311, 4.78111785681607, 59.0932523563409
47737.9943964383, -21.0368776812709, 401.470245361328, -20, 0.483467396389651, 559.770202636719, 28.6085090637207, -80.5993423461914, -246.021687550295, -84.4108215461972, 15, 11.2649718732612, 4.45124929382425, 6.32869074100551, 4.93229782508854, 2.06183277048161, 4.9047138295183, 65.129005119829
47738.0543964383, -21.0242737694156, 399.677215576172, -20, 0.45632345522664, 560.060180664063, 28.608512878418, -80.5993347167969, -245.173337585051, -83.9866465635749, 15, 11.3377671278346, 4.26805375947075, 6.4008004880683, 4.96359242567862, 1.94929316173732, 4.69137456670511, 65.4371544154019
47738.1343964383, -21.0084650971194, 397.848571777344, -20, 0.458728912397642, 556.2353515625, 28.6085166931152, -80.5993270874023, -244.324987619806, -83.5624715809525, 15, 11.4019145756454, 4.25881384116732, 6.3668664894585, 4.99876798380304, 1.91658549243611, 4.66947826805596, 65.7551672214691
47738.2143964383, -20.9950811014388, 396.435028076172, -20, 0.466271152523511, 560.562072753906, 28.6085186004639, -80.5993194580078, -243.476637654561, -83.3503840896413, 15, 11.4532243848282, 4.16737790226319, 6.50896510866245, 5.03997019366674, 1.99363649152433, 4.6189406881502, 64.4187901751026
47738.2943964383, -20.9863682728992, 395.141174316406, -20, 0.482200174370552, 560.366333007813, 28.6085224151611, -80.5993118286133, -242.628287689316, -82.9262091070189, 15, 11.4845094116408, 4.41110865333797, 6.20992174587126, 5.07338941747572, 1.65396300888649, 4.71042099367734, 69.4302639755988
47738.3543964383, -20.9691353504505, 393.348114013672, -20, 0.435361449329636, 558.417724609375, 28.6085262298584, -80.5993041992188, -241.779937724072, -82.5020341243966, 15, 11.5164029650489, 4.37105931740738, 6.28203149293402, 5.11599937607929, 1.51460696681114, 4.62555309190917, 70.873252704216
47738.4343964383, -20.9502441858536, 391.519470214844, -20, 0.44626403086667, 555.309387207031, 28.6085300445557, -80.5992889404297, -240.083237793582, -82.0778591417742, 15, 11.5365275702522, 4.43794768065824, 6.24809749432424, 5.15521277929232, 1.55970345435464, 4.70352923933395, 70.6204105281563
47738.5143964383, -20.9372152762121, 390.26123046875, -20, 0.464423765816524, 555.3759765625, 28.6085338592529, -80.5992813110352, -239.234887828337, -81.6536841591518, 15, 11.5452035904553, 4.4937836712634, 6.21416349571444, 5.19440144198268, 1.47295762435742, 4.72855634129654, 71.8365335293109
47738.5943964382, -20.9295410445328, 388.84765625, -20, 0.48257302912515, 560.808410644531, 28.6085376739502, -80.5992736816406, -238.386537863093, -81.2295091765295, 15, 11.5452498208765, 4.58290546878608, 6.07418575143208, 5.22274395223796, 1.28197405161829, 4.75846335568278, 74.3575048410986
47738.6543964382, -20.9108353710894, 387.138702392578, -20, 0.425735501180178, 556.188842773438, 28.6085395812988, -80.5992660522461, -237.538187897848, -81.0174216852183, 15, 11.5375503342498, 4.65300769033927, 6.32232811630862, 5.25754078182861, 1.56128940445534, 4.90741721729299, 71.4342588103104
47738.7343964382, -20.8909515540155, 385.345642089844, -20, 0.439137539933928, 551.486206054688, 28.6085433959961, -80.5992584228516, -236.689837932603, -80.5932467025959, 15, 11.5227295629581, 4.72698406723488, 6.12932849918997, 5.28968013522702, 1.31172542997087, 4.90521113368865, 74.4753397619647
47738.8143964382, -20.8799847390794, 383.932006835938, -20, 0.467233066093907, 552.253601074219, 28.6085472106934, -80.599250793457, -235.841487967358, -80.1690717199735, 15, 11.5017587371226, 4.85280047667736, 6.09539450058018, 5.31723996379883, 1.27290179718729, 5.01658001403907, 75.2866151837117
47738.8943964382, -20.8728569588587, 382.638214111328, -20, 0.480583143350103, 555.367919921875, 28.6085510253906, -80.599235534668, -234.144788036869, -79.7448967373512, 15, 11.4822797971724, 4.81537317204057, 5.95541675629783, 5.33371527737253, 1.12747672720562, 4.94530363640653, 76.8079321655109
47738.9543964382, -20.8597735618055, 380.84521484375, -20, 0.446997603715644, 556.0361328125, 28.6085548400879, -80.5992279052734, -233.296438071624, -79.3207217547288, 15, 11.4533661931393, 4.92366678455876, 6.0275265033606, 5.35328679357612, 1.20902876021725, 5.06958036521629, 76.1883706596086
47739.0343964382, -20.8432293153978, 379.016540527344, -20, 0.448220631418985, 555.117065429688, 28.6085586547852, -80.5992202758789, -232.448088106379, -78.8965467721064, 15, 11.4238724495622, 4.9662712254724, 5.99359250475081, 5.37204251239967, 1.15241681964239, 5.09790022669143, 76.9208419665094
47739.1143964382, -20.8289872862163, 377.758209228516, -20, 0.45445840064152, 554.539978027344, 28.6085624694824, -80.5992126464844, -231.599738141135, -78.4723717894841, 15, 11.3963773671072, 5.05517524572716, 5.95965850614103, 5.39031609442799, 1.09383922277075, 5.17186375214827, 77.7759039880249
47739.1943964382, -20.8216107337264, 376.344696044922, -20, 0.476986492494078, 554.844360351563, 28.6085662841797, -80.5992050170898, -230.75138817589, -78.0481968068617, 15, 11.3771484853705, 4.95041397347731, 5.81968076185865, 5.40250658144037, 0.9266346448163, 5.03618035037339, 79.3854265780364
47739.2543964381, -20.8079640782045, 374.635711669922, -20, 0.441507049922649, 556.101135253906, 28.6085681915283, -80.5991973876953, -229.903038210645, -77.8361093155505, 15, 11.3546743329219, 5.00463874729229, 6.0678231267352, 5.41773227955466, 1.21436685187652, 5.14949933591768, 76.3451580827949
47739.3343964381, -20.7915688460053, 372.842742919922, -20, 0.44538071969915, 552.563354492188, 28.6085720062256, -80.5991897583008, -229.0546882454, -77.4119343329281, 15, 11.3384083878991, 4.98052559890704, 5.87482350961654, 5.43402837259478, 0.95553667385057, 5.07113248057229, 79.1266390356009
47739.4143964381, -20.778657850211, 371.013977050781, -20, 0.455510291128402, 550.06787109375, 28.6085758209229, -80.5991744995117, -227.357988314911, -76.9877593503058, 15, 11.3309819677576, 4.94390832763275, 5.84088951100675, 5.45202772310828, 0.880753313280443, 5.0215565050286, 79.8868775579118
47739.4743964381, -20.7724623249975, 370.135223388672, -20, 0.477727328431922, 555.721130371094, 28.6085796356201, -80.5991668701172, -226.509638349666, -76.5635843676834, 15, 11.33055974743, 4.87625299525804, 5.70091176672441, 5.46416412126257, 0.711989538254305, 4.92783399192556, 81.683168219156
47739.5543964381, -20.7609805946778, 368.342254638672, -20, 0.448086224408962, 555.836059570313, 28.6085834503174, -80.5991592407227, -225.661288384422, -76.139409385061, 15, 11.337214368062, 4.81812137179877, 5.77302151378719, 5.47848230031062, 0.795552689927461, 4.88320643195587, 80.6135349186602
47739.6343964381, -20.7424978160614, 366.6689453125, -20, 0.435593241908595, 553.881958007813, 28.6085872650146, -80.5991516113281, -224.812938419177, -75.7152344024386, 15, 11.3529262840241, 4.73425501663052, 5.73908751517738, 5.49080367783699, 0.755220877048926, 4.79397856684256, 80.9265010916576
47739.7143964381, -20.7263609409038, 364.840240478516, -20, 0.440988571434451, 551.302001953125, 28.6085910797119, -80.5991439819336, -223.964588453932, -75.2910594198163, 15, 11.3783315833094, 4.56972803537931, 5.7051535165676, 5.50147707118574, 0.714214829189085, 4.62508757283236, 81.1079087866228
47739.7743964381, -20.7187604398674, 363.961486816406, -20, 0.46825963201525, 548.347839355469, 28.6085948944092, -80.5991363525391, -223.116238488687, -74.8668844371939, 15, 11.403477388877, 4.60788973789223, 5.56517577228524, 5.50822612979429, 0.550736699537594, 4.64061467276115, 83.1771393194298
47739.854396438, -20.7139928052138, 362.16845703125, -20, 0.472857741384278, 551.186218261719, 28.6085968017578, -80.5991287231445, -222.267888523443, -74.6547969458827, 15, 11.445427960545, 4.43435696374898, 5.81331813716178, 5.514931137111, 0.857903269422327, 4.5164199966716, 79.0401388112443
47739.934396438, -20.7061840007171, 360.495208740234, -20, 0.468802466374338, 555.426574707031, 28.6086006164551, -80.5991134643555, -220.571188592953, -74.2306219632604, 15, 11.4984790885436, 4.29024265438634, 5.62031852004313, 5.51938955904181, 0.63788375612876, 4.33731679294123, 81.5354568516428
47740.014396438, -20.6917044861616, 358.666564941406, -20, 0.446379461015082, 555.886779785156, 28.6086044311523, -80.5991058349609, -219.722838627708, -73.806446980638, 15, 11.5601419569855, 3.99956590261703, 5.58638452143333, 5.51790705101204, 0.643553724120442, 4.05092777885298, 80.8520087419927
47740.074396438, -20.680307975061, 357.787902832031, -20, 0.455316125382836, 553.404907226563, 28.6086082458496, -80.5990982055664, -218.874488662464, -73.3822719980156, 15, 11.6118162751744, 4.16933856580801, 5.44640677715096, 5.51204485622403, 0.530078819544318, 4.20284088336854, 82.7482081516364
47740.154396438, -20.6685521678444, 355.994873046875, -20, 0.440426606838847, 552.540161132813, 28.6086120605469, -80.5990905761719, -218.026138697219, -72.9580970153932, 15, 11.6883426902647, 3.89376546675768, 5.51851652421375, 5.5007348064682, 0.65640022639358, 3.94862093096261, 80.4241744075009
47740.234396438, -20.6582392691405, 354.201843261719, -20, 0.456720415926063, 553.576354980469, 28.6086158752441, -80.5990829467773, -217.177788731974, -72.5339220327709, 15, 11.7716418791606, 3.74559332302819, 5.48458252560397, 5.48595122250497, 0.65947014041988, 3.80312378075982, 80.007768654544
47740.314396438, -20.648928006743, 352.528594970703, -20, 0.459652862691501, 555.945068359375, 28.6086196899414, -80.5990676879883, -215.481088801485, -72.1097470501485, 15, 11.8596782773163, 3.3862137733958, 5.34460478132162, 5.46616696167094, 0.552645787074654, 3.43096275188485, 80.7256209794506
47740.374396438, -20.6403890729452, 351.5302734375, -20, 0.462066265717917, 557.594055175781, 28.6086235046387, -80.5990600585938, -214.63273883624, -71.6855720675261, 15, 11.9287570172193, 3.66804971224118, 5.41671452838438, 5.44788128945766, 0.695576356032418, 3.73333014659182, 79.2555238484926
47740.4543964379, -20.627244151149, 349.856964111328, -20, 0.431918182261958, 555.259643554688, 28.6086254119873, -80.5990524291992, -213.784388870995, -71.4734845762149, 15, 12.0251101197399, 3.35024818145492, 5.55881314758834, 5.42120104744338, 0.915466172151357, 3.4729361935753, 74.7091510326545
47740.5343964379, -20.6137564865491, 348.064056396484, -20, 0.442948464438823, 550.486145019531, 28.6086292266846, -80.5990447998047, -212.93603890575, -71.0493095935926, 15, 12.1226059292681, 3.22698482271935, 5.3658135304697, 5.3913384487693, 0.743549005035583, 3.311451563178, 77.0183208527989
47740.6143964379, -20.607664399831, 346.271057128906, -20, 0.466662676906858, 547.462829589844, 28.6086330413818, -80.5990371704102, -212.087688940506, -70.6251346109702, 15, 12.2163105475052, 2.91038188356389, 5.22583578618736, 5.35210027076407, 0.692877358910323, 2.9916531828356, 76.6035815614099
47740.6743964379, -20.6081591665191, 344.977203369141, -20, 0.489827660476662, 552.571044921875, 28.6086368560791, -80.5990219116211, -210.390989010016, -70.2009596283478, 15, 12.2855839331175, 3.24692114402713, 5.29794553325013, 5.32014514330906, 0.843006828080527, 3.35445919765828, 75.4385402167447
47740.7543964379, -20.6030550929915, 343.754760742188, -20, 0.467292484761395, 560.886962890625, 28.6086406707764, -80.5990142822266, -209.542639044771, -69.7767846457255, 15, 12.3788671568836, 2.9570043955998, 5.26401153464033, 5.27909653095995, 0.839845614637061, 3.07385577057015, 74.1382957412773
47740.8343964379, -20.5861994878434, 341.961883544922, -20, 0.433173808107022, 556.768310546875, 28.6086444854736, -80.599006652832, -208.694289079527, -69.3526096631031, 15, 12.4712495538847, 2.85492472029389, 5.23007753603054, 5.2414691185538, 0.818609598350328, 2.96987577821574, 73.9947319361481
47740.9143964379, -20.5679241376919, 340.168823242188, -20, 0.425526196475405, 551.585998535156, 28.6086483001709, -80.5989990234375, -207.845939114282, -68.9284346804807, 15, 12.5565728540306, 2.59363779243049, 5.0900997917482, 5.2032983476226, 0.700425860422745, 2.68648808550629, 74.8829000576989
47740.9743964379, -20.5588868419986, 338.875091552734, -20, 0.453919475321426, 551.650146484375, 28.6086521148682, -80.5989837646484, -206.149239183792, -68.5042596978583, 15, 12.6157113703337, 2.9342731330205, 5.16220953881096, 5.17498790608129, 0.817746053155882, 3.04599453371143, 74.421520849225
47741.0543964379, -20.5511202520174, 337.532867431641, -20, 0.449123616535815, 550.384216308594, 28.6086540222168, -80.5989761352539, -205.300889218548, -68.2921722065472, 15, 12.6902219332633, 2.73141793024105, 5.30430815801493, 5.14103382055318, 1.00069114434755, 2.90882587150916, 69.8729520553137
47741.1343964378, -20.5405397842086, 335.739837646484, -20, 0.447408465015274, 547.7666015625, 28.6086578369141, -80.5989685058594, -204.452539253303, -67.8679972239248, 15, 12.7578759037475, 2.70345130828515, 5.11130854089627, 5.11207100046625, 0.766411887126974, 2.80991106244989, 74.1671600783222
47741.2143964378, -20.5319255409995, 334.066558837891, -20, 0.453096346091058, 551.957885742188, 28.6086616516113, -80.5989608764648, -203.604189288058, -67.4438222413024, 15, 12.8142923741513, 2.58030304296104, 4.97133079661393, 5.0808892483707, 0.652411039808666, 2.66145001184198, 75.8062509757371
47741.2743964378, -20.5243028677907, 332.688720703125, -20, 0.4560054118508, 552.696899414063, 28.6086654663086, -80.5989456176758, -201.907489357569, -67.01964725868, 14.8800742005347, 12.8507960142835, 2.6845985410857, 5.0434405436767, 5.05946987505732, 0.744966959075365, 2.78597180564098, 74.4858597240377
47741.3543964378, -20.5093627914528, 331.430572509766, -20, 0.414622013019913, 548.436584472656, 28.6086692810059, -80.5989379882813, -201.059139392324, -66.5954722760577, 15, 12.8931275935031, 2.73568756014248, 5.00950654506692, 5.03839007375779, 0.673423592083752, 2.81729321928539, 76.1661356994183
47741.4343964378, -20.4947399990325, 329.673187255859, -20, 0.428768227053818, 543.629333496094, 28.6086711883545, -80.5989303588867, -200.210789427079, -66.3833847847465, 15, 12.9278070481222, 2.75312090347365, 5.15160516427087, 5.02456389496593, 0.806232813877925, 2.86865573136361, 73.6722500054837
47741.5143964378, -20.4879603136714, 327.880126953125, -20, 0.453195872263649, 545.322509765625, 28.6086750030518, -80.5989151000977, -198.51408949659, -65.9592098021241, 14.6086022116564, 12.9526283549821, 2.26653441458928, 4.85256180147966, 5.01488642360172, 0.427748578755418, 2.30652371498083, 79.3100059074099
47741.5743964378, -20.4838232759163, 326.621948242188, -20, 0.462148327810864, 547.826477050781, 28.608678817749, -80.5989074707031, -197.665739531345, -65.5350348195017, 15, 12.9641179511121, 2.88609404853544, 4.92467154854243, 5.01034554548445, 0.49250567051014, 2.92777996171323, 80.3119816787498
47741.6543964378, -20.4745747603836, 324.828887939453, -20, 0.435190259026204, 547.810363769531, 28.6086826324463, -80.5988998413086, -196.8173895661, -65.1108598368794, 15, 12.9737111323716, 2.89042637364761, 4.89073754993264, 5.00972380117099, 0.411690077525309, 2.91957351964987, 81.8904291579288
47741.7343964377, -20.4618422179392, 323.606384277344, -20, 0.431964151411505, 545.9794921875, 28.6086864471436, -80.5988922119141, -195.969039600856, -64.686684854257, 14.8291732026879, 12.9769125062005, 2.73101293257334, 4.85680355132287, 5.01715525988796, 0.301524224628555, 2.74759524529339, 83.6972971353415
47741.8143964377, -20.4544182307942, 321.813354492188, -20, 0.448143863504, 546.159362792969, 28.6086902618408, -80.598876953125, -194.272339670366, -64.2625098716346, 14.2692622255585, 12.9677419340367, 2.1866213841632, 4.7168258070405, 5.02623453871599, 0.110049619075739, 2.18938761210328, 87.1181173937312
47741.8743964377, -20.4455113110056, 320.55517578125, -20, 0.442619668299351, 545.966186523438, 28.6086921691895, -80.5988693237305, -193.423989705121, -64.0504223803235, 14.8376567023743, 12.9553881799521, 2.88597251005684, 4.96496817191703, 5.03460272501063, 0.382149580903569, 2.91114274893902, 82.4538930490609
47741.9543964377, -20.4330328733419, 318.797790527344, -20, 0.416015869690395, 543.146484375, 28.6086959838867, -80.5988616943359, -192.575639739877, -63.6262473977011, 14.7697887051547, 12.9376325233371, 2.86781769526146, 4.77196855479838, 5.05111147178572, 0.0903824920243041, 2.86924040559197, 88.1941040266726
47742.0343964377, -20.4246242357794, 317.419891357422, -20, 0.440908273250802, 545.449462890625, 28.608699798584, -80.5988540649414, -191.727289774632, -63.2020724150787, 14.48983321659, 12.917431811612, 2.57570779750719, 4.73803455618859, 5.07022437330948, 0.00692929939222736, 2.57571711198659, 89.8458084390952
47742.1143964377, -20.420704453954, 315.7822265625, -20, 0.455442830699813, 547.244750976563, 28.6087036132813, -80.5988388061523, -190.030589844142, -62.7778974324563, 13.9299222394606, 12.8883844900036, 2.07826421169852, 4.59805681190624, 5.08706051424297, -0.164562861398831, 2.08476645961882, 94.5283787425393
47742.1743964377, -20.4105301030282, 314.368713378906, -20, 0.423478305072377, 547.903869628906, 28.6087074279785, -80.5988311767578, -189.182239878898, -62.353722449834, 14.4983167162764, 12.8646611109516, 2.67756469001191, 4.67016655896902, 5.10019624688228, -0.0991383312961586, 2.6793980521942, 92.1212099368145
47742.2543964377, -20.3980315195284, 312.731109619141, -20, 0.42465591152202, 543.391296386719, 28.6087093353271, -80.5988235473633, -188.333889913653, -62.1416349585228, 14.4304487190568, 12.8362010077592, 2.66707604640716, 4.81226517817297, 5.12070721066182, 0.024045199630191, 2.66718435644849, 89.4832735588974
47742.3343964376, -20.3904047658073, 311.353149414063, -20, 0.439153972529488, 545.135009765625, 28.6087131500244, -80.5988082885742, -186.637189983163, -61.7174599759004, 13.234275267892, 12.8102429854654, 1.24439115084585, 4.61926556105433, 5.14242829439031, -0.243114071191562, 1.26791344119535, 101.05532924604
47742.4143964376, -20.3855543380952, 309.595825195313, -20, 0.447917080347315, 544.928283691406, 28.6087169647217, -80.5988006591797, -185.788840017919, -61.293284993278, 14.2268447273981, 12.7793589032216, 2.58755954769174, 4.47928781677197, 5.15571853736908, -0.364345494848251, 2.61306750606299, 98.0175688217907
47742.4743964376, -20.3768187214935, 308.301940917969, -20, 0.42518603562116, 547.979675292969, 28.6087207794189, -80.5987930297852, -184.940490052674, -60.8691100106557, 14.1589767301785, 12.7633051701247, 2.33806114375135, 4.55139756383475, 5.16552095617692, -0.288292540715048, 2.35575812907806, 97.0312261704982
47742.5543964376, -20.3623732639289, 306.544647216797, -20, 0.413558239023474, 543.421264648438, 28.6087226867676, -80.5987854003906, -184.092140087429, -60.6570225193445, 14.0911087329589, 12.7501302355356, 2.25191126258151, 4.69349618303871, 5.17876022163926, -0.135319830345287, 2.25597126781297, 93.4397115926281
47742.6343964376, -20.351108728091, 305.286437988281, -20, 0.42152369358171, 541.023681640625, 28.6087265014648, -80.5987701416016, -182.39544015694, -60.2328475367221, 12.8949352817941, 12.7316088832351, 0.878957537904138, 4.50049656592006, 5.18573169024078, -0.328824844845212, 0.938447467826436, 110.511847986932
47742.7143964376, -20.3475724462277, 303.529052734375, -20, 0.446003892481768, 540.895324707031, 28.6087303161621, -80.598762512207, -181.547090191695, -59.8086725540997, 13.8875047413002, 12.7114400504404, 2.15772731318264, 4.36051882163771, 5.182671237195, -0.418543903894599, 2.19792705395011, 100.98002613225
47742.7743964376, -20.3442295172406, 302.235198974609, -20, 0.443155712380069, 542.831115722656, 28.6087341308594, -80.5987548828125, -180.69874022645, -59.3844975714774, 13.8196367440806, 12.7048917485856, 1.93245941068095, 4.43262856870049, 5.17916891284309, -0.316187496725701, 1.9581460606782, 99.2940367303589
47742.8543964376, -20.3387147669324, 300.477874755859, -20, 0.43955142242111, 545.065856933594, 28.6087379455566, -80.598747253418, -179.850390261206, -58.960322588855, 13.751768746861, 12.7031511084712, 1.81788801320671, 4.39869457009069, 5.17343757763768, -0.342688716694193, 1.84989539593965, 100.677195205895
47742.9343964376, -20.3268601041131, 299.099975585938, -20, 0.417490237391078, 542.345458984375, 28.6087398529053, -80.5987319946289, -178.153690330716, -58.7482350975438, 12.5555952956962, 12.6978204788653, 0.415687768380274, 4.54079318929466, 5.15988014478462, -0.0977009914232889, 0.427014797196457, 103.226533418701
47743.0143964375, -20.3189922268527, 297.462341308594, -20, 0.428864547994031, 538.359558105469, 28.6087436676025, -80.5987243652344, -177.305340365471, -58.3240601149214, 13.5481647552023, 12.6937834675719, 1.6125185530016, 4.24174982650344, 5.13937455828091, -0.380553270365427, 1.65680374127622, 103.280395824875
47743.0743964375, -20.3140267511887, 296.048797607422, -20, 0.432214620053995, 540.820556640625, 28.6087474822998, -80.5987091064453, -175.608640434982, -57.8998851322991, 12.7761662867277, 12.6936330459409, 0.647124972674222, 4.31385957356623, 5.12412993606806, -0.277559866101482, 0.704135593229301, 113.21544892052
47743.1543964375, -20.3108832311453, 294.411193847656, -20, 0.443381078764818, 541.396911621094, 28.6087512969971, -80.5987014770508, -174.760290469737, -57.4757101496767, 13.3445607635436, 12.6988085484154, 1.2835599128584, 4.27992557495644, 5.10329060257131, -0.29008337716153, 1.31592565825858, 102.735835229821
47743.2343964375, -20.3063700872341, 293.033294677734, -20, 0.438972541352672, 543.805236816406, 28.6087551116943, -80.5986938476563, -173.911940504492, -57.0515351670543, 13.0646052749788, 12.7125614354149, 0.867061113304717, 4.24599157634664, 5.07783820348981, -0.26632878200589, 0.907039458681548, 107.075557788144
47743.3143964375, -20.2999837328049, 291.275970458984, -20, 0.432402787085446, 540.738586425781, 28.608757019043, -80.5986862182617, -173.063590539248, -56.8394476757432, 13.2088247691044, 12.7341067542459, 0.902248418636426, 4.33506832271432, 5.04821981996889, -0.0932202640366217, 0.907050995394192, 95.8991059958445
47743.3743964375, -20.2917310330414, 289.982116699219, -20, 0.41637327882958, 539.863464355469, 28.6087608337402, -80.5986709594727, -171.366890608758, -56.4152726931208, 12.4368263006298, 12.7528007949883, 0.028412510733292, 4.19509057843196, 5.02251360742232, -0.19591830687245, 0.197967801894982, 171.748349513672
47743.4543964375, -20.2881060020302, 288.224792480469, -20, 0.439496220642502, 538.468383789063, 28.6087646484375, -80.5986633300781, -170.518540643513, -55.9910977104984, 13.0052207774457, 12.7805820819531, 0.609173702832459, 4.16115657982217, 4.98328097007555, -0.153034985259244, 0.62810144440516, 104.102108164133
47743.5343964375, -20.2868481326825, 286.846923828125, -20, 0.447663632568219, 542.351745605469, 28.6087684631348, -80.5986557006836, -169.670190678269, -55.566922727876, 12.7252652888809, 12.8141198961071, 0.189736701958679, 4.12722258121238, 4.94130769062335, -0.123484300541641, 0.226380946220943, 123.056881264497
47743.6143964374, -20.2836724012733, 285.209289550781, -20, 0.441852283807447, 544.625854492188, 28.6087703704834, -80.5986480712891, -168.821840713024, -55.3548352365648, 12.8694847830065, 12.8517344571561, 0.193061267491289, 4.21629932758004, 4.89940347848519, 0.0326283614892286, 0.195799026939433, 80.4073423683676
47743.6743964374, -20.2760446611725, 283.831451416016, -20, 0.418534005990515, 544.657653808594, 28.6087741851807, -80.5986328125, -167.125140782534, -54.9306602539425, 12.0974863145319, 12.8808436203466, -0.611067689765996, 4.0763215832977, 4.86771729265655, -0.0952160788300336, 0.618441168907227, -98.8567240493915
47743.7543964374, -20.2647144700437, 282.573333740234, -20, 0.412569209673913, 541.355529785156, 28.6087779998779, -80.5986251831055, -166.27679081729, -54.5064852713201, 12.6658807913478, 12.9199415862615, -0.0510311457648923, 4.0423875846879, 4.82513495578324, -0.0829586025469125, 0.0973976681172036, -148.402663520225
47743.8343964374, -20.2586501701637, 280.815979003906, -20, 0.428240430545861, 538.498718261719, 28.6087799072266, -80.5986175537109, -165.428440852045, -54.2943977800089, 12.385925302783, 12.9609111860868, -0.450638494870104, 4.18448620389186, 4.78410243993222, 0.124695408861359, 0.467572109335078, -74.532651945502
47743.9143964374, -20.2576999004964, 279.557800292969, -20, 0.444967493664355, 539.523742675781, 28.6087837219238, -80.5986022949219, -163.731740921555, -53.8702227973866, 11.8260143256536, 13.0013365132795, -1.26872852662169, 3.88544284110067, 4.74691234425355, -0.219035838573333, 1.28749405087584, -99.795866357582
47743.9743964374, -20.2556062169938, 277.764801025391, -20, 0.439352118713153, 543.4521484375, 28.6087875366211, -80.5985946655273, -162.883390956311, -53.4460478147642, 12.3944088024695, 13.0293205495144, -0.426370927125152, 3.95755258816342, 4.71835061534184, -0.0919949746920729, 0.436182400660086, -102.175750438329
47744.0543964374, -20.248575540528, 276.422607421875, -20, 0.424990035238271, 543.089599609375, 28.6087894439697, -80.5985870361328, -162.035040991066, -53.233960323453, 12.3265408052499, 13.0683365526523, -0.637964915939038, 4.09965120736739, 4.68329612130981, 0.097413261379528, 0.64535895848627, -81.3181770368045
47744.1343964374, -20.2387930011008, 274.665283203125, -20, 0.414410873658924, 540.48193359375, 28.608793258667, -80.5985794067383, -161.186691025821, -52.8097853408306, 12.0465853166851, 13.1063817029951, -1.10803304036592, 3.90665159024875, 4.65645192799702, -0.164150342861763, 1.12012463343246, -98.4273387720353
47744.2143964373, -20.2325699258, 273.371398925781, -20, 0.424597556168375, 536.222106933594, 28.6087970733643, -80.5985641479492, -159.489991095332, -52.3856103582083, 11.4866743395557, 13.1324104190105, -1.62724112766249, 3.76667384596639, 4.62748609639945, -0.282141000745283, 1.65151319338235, -99.8377569889351
47744.2743964373, -20.2291300771263, 271.614044189453, -20, 0.429367399306347, 539.314514160156, 28.6087989807129, -80.5985565185547, -158.641641130087, -52.1735228668971, 12.0550688163716, 13.1476544689529, -0.883449688374985, 4.01481621084292, 4.60760550103032, 0.0206930946819799, 0.88369198373706, -88.6581497736075
47744.3543964373, -20.2259399396076, 270.271820068359, -20, 0.433677640870535, 540.431335449219, 28.6088027954102, -80.5985488891602, -157.793291164842, -51.7493478842747, 11.987200819152, 13.1667517802697, -1.01765115969999, 3.82181659372427, 4.58782411124563, -0.238227114446863, 1.04516030969975, -103.176037804446
47744.4343964373, -20.219079647913, 268.478820800781, -20, 0.421026640152536, 540.670959472656, 28.6088066101074, -80.5985336303711, -156.096591234353, -51.3251729016523, 10.7910273679872, 13.1785715260571, -2.44364314553134, 3.78788259511449, 4.57011658689289, -0.273878661490846, 2.4589338864262, -96.3968084557862
47744.5143964373, -20.2136498151092, 267.220611572266, -20, 0.424722473605817, 536.040100097656, 28.6088085174561, -80.5985260009766, -155.248241269108, -51.1130854103411, 11.7835968274933, 13.1773001857926, -1.12441663861535, 3.87695934148216, 4.55497916463423, -0.168639840706282, 1.13699099468827, -98.5301639370023
47744.5743964373, -20.2075000943593, 265.878387451172, -20, 0.414844448716812, 535.732238769531, 28.6088123321533, -80.598518371582, -154.399891303863, -50.6889104277188, 11.7157288302737, 13.1682897436432, -1.13816448928398, 3.7369815971998, 4.53650097548838, -0.243667793967, 1.16395214183008, -102.08468276059
47744.6543964373, -20.205199046324, 264.205108642578, -20, 0.433407991841744, 532.017639160156, 28.608814239502, -80.598503112793, -152.703191373374, -50.4768229364076, 10.9437303617991, 13.1542717261309, -2.01195264830163, 3.87908021640375, 4.5202775429709, -0.117300437350017, 2.01536775693167, -93.3373512228944
47744.7343964373, -20.2086921556046, 262.447631835938, -20, 0.453397434863116, 537.015319824219, 28.6088180541992, -80.5984954833984, -151.854841408129, -50.0526479537852, 11.3000373472697, 13.1248079787716, -1.36062028900372, 3.68608059928512, 4.50229207873995, -0.31475515214552, 1.39654565008306, -103.026351831569
47744.8143964373, -20.20876756321, 261.069763183594, -20, 0.443574809661096, 541.28173828125, 28.6088218688965, -80.5984878540039, -151.006491442884, -49.6284729711628, 11.4442568413954, 13.0991662709299, -1.26043543898256, 3.54610285500275, 4.48982621869776, -0.509921423346902, 1.35966003366981, -112.027616965471
47744.8743964372, -20.2015898770932, 259.811614990234, -20, 0.411883599198458, 540.405456542969, 28.6088237762451, -80.5984802246094, -150.15814147764, -49.4163854798517, 11.3763888441758, 13.0604113616689, -1.19836935188636, 3.79424521987929, 4.47565999587397, -0.14739168904289, 1.20739813053667, -97.0122940053105
47744.9543964372, -20.1920664920729, 258.054260253906, -20, 0.409941296958835, 535.59619140625, 28.6088275909424, -80.5984649658203, -148.46144154715, -48.9922104972293, 10.6043903757012, 13.0095241798529, -1.97463495874308, 3.60124560276064, 4.46589639121295, -0.436401817913933, 2.02226466100872, -102.46453850483
47745.0343964372, -20.1887897715732, 256.296844482422, -20, 0.429234266525337, 538.956481933594, 28.6088314056396, -80.5984573364258, -147.613091581905, -48.5680355146069, 10.9606973611719, 12.9480785000735, -1.24172125491439, 3.56731160415085, 4.45952001726296, -0.495588964572743, 1.33695237117205, -111.758957182257
47745.1143964372, -20.1864160895948, 255.298522949219, -20, 0.432089821669408, 540.848083496094, 28.6088333129883, -80.5984497070313, -146.764741616661, -48.3559480232957, 11.1049168552974, 12.8997639726093, -1.26421414855313, 3.65638835051852, 4.45624987210489, -0.400373964701522, 1.32608850011089, -107.574089140236
47745.1743964372, -20.1795898198868, 253.66081237793, -20, 0.409555675945988, 539.641296386719, 28.6088352203369, -80.5984420776367, -145.916391651416, -48.1438605319846, 11.0370488580779, 12.8304901766099, -1.10676742903284, 3.69244322404991, 4.45282845858755, -0.360651578632211, 1.16403931411371, -108.04967164758
47745.2543964372, -20.1723271919641, 251.86784362793, -20, 0.413813274529329, 535.110046386719, 28.6088390350342, -80.5984268188477, -144.219691720926, -47.7196855493622, 10.2650503896033, 12.7506231562104, -1.85986444192216, 3.49944360693127, 4.44646473883157, -0.563304975579557, 1.94326961034194, -106.852742858495
47745.3343964372, -20.1714492274004, 250.525588989258, -20, 0.434187755069546, 536.636474609375, 28.6088428497314, -80.5984191894531, -143.371341755682, -47.2955105667398, 10.621357375074, 12.6627272501458, -1.0480893863101, 3.46550960832148, 4.43582035608281, -0.559923790759868, 1.18826387758332, -118.113546586499
47745.4143964372, -20.1718748707411, 249.231781005859, -20, 0.439076722256514, 537.138427734375, 28.6088466644287, -80.5984115600586, -142.522991790437, -46.8713355841174, 10.7655768691996, 12.597568346245, -1.18856818331293, 3.32553186403913, 4.43012186199642, -0.744569574749182, 1.40249729124196, -122.065899362476
47745.4743964371, -20.1697111144471, 247.474472045898, -20, 0.428590942045366, 539.5546875, 28.6088485717773, -80.5984039306641, -141.674641825192, -46.6592480928063, 10.69770887198, 12.5105378635731, -1.002986623153, 3.57367422891565, 4.42611920995952, -0.469642561029217, 1.10748533666327, -115.091943057343
47745.5543964371, -20.1657434585661, 246.096618652344, -20, 0.424680345711739, 537.285766601563, 28.608850479126, -80.598388671875, -139.977941894703, -46.4471606014951, 9.92571040350541, 12.4189257002102, -1.78708215633656, 3.55670722961076, 4.42396218010653, -0.501950494713335, 1.85621529536287, -105.691065656851
47745.6343964371, -20.1625562400742, 244.339279174805, -20, 0.426813271965549, 537.690185546875, 28.6088542938232, -80.5983810424805, -139.129591929458, -46.0229856188727, 10.2820173889761, 12.3270528617868, -1.0188562298977, 3.36370761249211, 4.4246289417747, -0.756377322732911, 1.26890282013213, -126.590060553434
47745.7143964371, -20.1610378119889, 243.045471191406, -20, 0.432216864809169, 540.227233886719, 28.6088581085205, -80.5983734130859, -138.281241964213, -45.5988106362503, 10.4262368831016, 12.2617304545978, -1.19768467356214, 3.22372986820977, 4.42405543289056, -0.913646799195053, 1.5063457311399, -127.33883010327
47745.7743964371, -20.1559735291609, 241.667633056641, -20, 0.414809409862363, 539.002197265625, 28.6088600158691, -80.5983657836914, -137.432891998968, -45.3867231449391, 10.3583688858821, 12.1777458614784, -1.03983386556243, 3.47187223308627, 4.42307370884714, -0.613831012187111, 1.20747737485631, -120.554948589249
47745.8543964371, -20.1485372444305, 239.910293579102, -20, 0.411035462087799, 536.580078125, 28.6088638305664, -80.5983505249023, -135.736192068479, -44.9625481623168, 9.16219543471725, 12.0941615544663, -2.38028855724678, 3.27887261596764, 4.42385634447195, -0.8605183999757, 2.53097599231463, -109.880443324869
47745.9343964371, -20.1439888652381, 238.117294311523, -20, 0.419271608598688, 533.566528320313, 28.608865737915, -80.5983428955078, -134.887842103234, -44.7504606710056, 10.1547648942233, 12.0136122319544, -0.915050404670415, 3.4209712351716, 4.42343743615989, -0.681287760389255, 1.14080269634684, -126.669522145369
47745.9943964371, -20.1434630812041, 237.238616943359, -20, 0.432258335585188, 533.076965332031, 28.6088695526123, -80.5983352661133, -134.039492137989, -44.3262856883832, 10.0868968970037, 11.9629059303574, -1.36234120985306, 3.12192787238038, 4.4239671637147, -1.04999578026904, 1.71995840918973, -127.623540863579
47746.074396437, -20.1431362453673, 235.445587158203, -20, 0.432870952689898, 536.738403320313, 28.6088714599609, -80.5983276367188, -133.191142172745, -44.114198197072, 10.0190288997842, 11.9076084490306, -1.34450284458514, 3.37007023725692, 4.42108297254499, -0.722676013876339, 1.5263854867284, -118.25977860229
47746.154396437, -20.1397778541037, 233.652603149414, -20, 0.423289390013487, 539.505798339844, 28.6088752746582, -80.5983123779297, -131.494442242255, -43.6900232144497, 8.82285544861933, 11.8539800104093, -2.7304995795796, 3.17707062013827, 4.41058855698668, -0.88559238717454, 2.87041948254504, -107.975309827268
47746.234396437, -20.1301780185966, 232.274780273438, -20, 0.401425638171546, 534.445434570313, 28.6088771820068, -80.5983047485352, -130.646092277011, -43.4779357231385, 9.81542490812543, 11.7996437113415, -1.33425349953166, 3.31916923934223, 4.40042253219645, -0.706202747776544, 1.50959086083982, -117.893218996401
47746.294396437, -20.1264555442414, 231.016571044922, -20, 0.419181471644499, 533.051208496094, 28.6088809967041, -80.5982971191406, -129.797742311766, -43.0537607405161, 9.74755691090587, 11.7677498363891, -1.68319752917567, 3.02012587655101, 4.39272623835172, -1.05592503820862, 1.98690986974413, -122.103647757732
47746.374396437, -20.1255928490541, 229.638687133789, -20, 0.427337610716778, 538.491027832031, 28.6088829040527, -80.5982894897461, -128.949392346521, -42.8416732492049, 9.6796889136863, 11.7318468576225, -1.69312899906319, 3.26826824142755, 4.38019453235908, -0.726980837698026, 1.84256155899906, -113.239758463813
47746.454396437, -20.1209604576021, 227.845703125, -20, 0.415550075102186, 536.696044921875, 28.60888671875, -80.5982818603516, -128.101042381276, -42.4174982665825, 9.39973342512153, 11.6925916695902, -1.95866207680082, 3.0752686243089, 4.36077357159739, -0.884634218507873, 2.14909980164317, -114.309756427522
47746.534396437, -20.1128434244458, 226.052673339844, -20, 0.402676833525253, 534.613098144531, 28.6088905334473, -80.5982666015625, -126.404342450787, -41.9933232839602, 8.83982244799214, 11.6561924413091, -2.51898762483389, 3.04133462569912, 4.33849185547345, -0.878199018054175, 2.66758977257685, -109.225217051062
47746.594396437, -20.1083585805766, 225.173980712891, -20, 0.413115406211021, 530.271606445313, 28.6088924407959, -80.598258972168, -125.555992485542, -41.781235792649, 9.40821692480796, 11.6320311881159, -1.99248268412566, 3.13041137206678, 4.3184583291084, -0.714757126222874, 2.11675672617836, -109.737473880018
47746.674396437, -20.1074660260203, 223.380950927734, -20, 0.42346619769694, 530.679565429688, 28.6088943481445, -80.5982513427734, -124.707642520297, -41.5691483013378, 9.34034892758837, 11.6076803180765, -2.04509497550703, 3.16646624559817, 4.28998459744999, -0.625003890886642, 2.13842872569814, -106.996821499138
47746.7543964369, -20.1086209705838, 222.003067016602, -20, 0.431575344028284, 540.020812988281, 28.6088981628418, -80.5982437133789, -123.859292555053, -41.1449733187154, 9.06039343902369, 11.5900246345705, -2.41209234554152, 2.97346662847954, 4.25805488414112, -0.793395583680226, 2.53915224210198, -108.211768104686
47746.8343964369, -20.1030229652711, 220.210144042969, -20, 0.409205065929272, 538.714233398438, 28.6089019775391, -80.5982360839844, -123.010942589808, -40.7207983360931, 9.20461293314921, 11.5717682034073, -2.16839484301259, 2.83348888419717, 4.21806438631488, -0.854032055939118, 2.33044173612622, -111.501163922064
47746.8943964369, -20.0941810828958, 218.916320800781, -20, 0.396792109725826, 535.030151367188, 28.6089038848877, -80.5982208251953, -121.314242659318, -40.5087108447819, 8.43261446467467, 11.5606694725879, -3.1833008027066, 3.0816312490737, 4.18752062359501, -0.514763342945228, 3.22461045601886, -99.1901624586625
47746.9743964369, -20.0869067867985, 217.53840637207, -20, 0.392191856607191, 529.957580566406, 28.6089057922363, -80.5982208251953, -121.314242659318, -40.2966233534707, 9.70513941274547, 11.5486827729926, -1.63670189437546, 3.06466424976881, 4.14918665298283, -0.50792344290913, 1.71368291637204, -107.242861396535
47747.0543964369, -20.0859950018973, 215.745346069336, -20, 0.419722540404606, 528.071655273438, 28.6089096069336, -80.5982055664063, -119.617542728829, -39.8724483708483, 7.87270348754524, 11.5417186183617, -3.86787231840137, 2.87166463265017, 4.11126255431841, -0.698079783000105, 3.93026858579296, -100.238061497304
47747.1343964369, -20.0901511186785, 214.367477416992, -20, 0.43716717267354, 534.437316894531, 28.6089115142822, -80.5981979370117, -118.769192763584, -39.6603608795371, 8.86527294705132, 11.5306167962425, -2.60627892529098, 2.96074137901783, 4.06984014565598, -0.516130750987839, 2.6568584881369, -101.205175981196
47747.1943964369, -20.0889228403713, 213.022674560547, -20, 0.420328145889004, 533.80859375, 28.6089153289795, -80.5981903076172, -117.920842798339, -39.2361858969148, 8.79740494983174, 11.5248808441783, -2.75101794091394, 2.82076363473548, 4.04161951879191, -0.679433601752154, 2.83361516955409, -103.877834925294
47747.2743964369, -20.0823210188427, 211.397033691406, -20, 0.394925342490587, 531.009399414063, 28.6089172363281, -80.5981826782227, -117.072492833095, -39.0240984056036, 8.72953695261217, 11.5252476544671, -2.88090699613954, 2.96286225393944, 4.00567312557592, -0.479222155068241, 2.92045979650687, -99.4481451486532
47747.3543964368, -20.0782265881629, 210.159423828125, -20, 0.408722413469896, 526.84765625, 28.6089210510254, -80.5981750488281, -116.22414286785, -38.5999234229812, 8.44958146404746, 11.5193115154004, -3.1649138794046, 2.76986263682079, 3.96590117515051, -0.635360506855424, 3.22799506983695, -101.356713919789
47747.4343964368, -20.081671083356, 208.533752441406, -20, 0.43364158971748, 529.29541015625, 28.608922958374, -80.5981597900391, -114.52744293736, -38.38783593167, 7.88967048691804, 11.5100449234799, -3.77971449010436, 2.85893938318846, 3.92559105214099, -0.476913290556282, 3.8096401246916, -97.1964918501694
47747.4943964368, -20.0834909058876, 207.748657226563, -20, 0.429444398032565, 532.94873046875, 28.6089267730713, -80.5981521606445, -113.679092972116, -37.9636609490477, 8.45806496373383, 11.5023179431832, -3.12551771093727, 2.71896163890612, 3.89640554670996, -0.621041311785184, 3.18656093882172, -101.243530625482
47747.5743964368, -20.0807522977393, 206.123046875, -20, 0.411767259782889, 529.469421386719, 28.6089286804199, -80.59814453125, -112.830743006871, -37.7515734577365, 8.39019696651429, 11.4941224065966, -3.19609363187429, 2.86106025811007, 3.86097104189361, -0.43489775977968, 3.22551613657193, -97.7526392852814
47747.6543964368, -20.0760184403354, 204.830017089844, -20, 0.407268739219644, 526.679077148438, 28.6089305877686, -80.5981369018555, -111.982393041626, -37.5394859664253, 8.11024147794956, 11.4846156523274, -3.51349747974648, 2.84409325880517, 3.82845779756566, -0.438939211049291, 3.54077542456836, -97.1253848186991
47747.7343964368, -20.0787423610108, 203.204360961914, -20, 0.431706441367791, 527.641052246094, 28.6089344024658, -80.5981292724609, -111.134043076381, -37.1153109838029, 8.25446097207511, 11.4659701891164, -3.20483246136319, 2.54504989601397, 3.79627510686375, -0.762652149920752, 3.29423476407186, -103.392025738087
47747.7943964368, -20.0821247223848, 202.031204223633, -20, 0.435107275852976, 531.544677734375, 28.6089363098145, -80.5981216430664, -110.285693111137, -36.9032234924917, 8.18659297485554, 11.4477218117587, -3.31657671020199, 2.79319226089049, 3.77144592507108, -0.428751608452638, 3.34414468177908, -97.3700807989751
47747.8743964368, -20.0806386196653, 200.673965454102, -20, 0.418141386935227, 533.303039550781, 28.6089382171631, -80.5981140136719, -109.437343145892, -36.6911360011805, 8.11872497763595, 11.4173582655584, -3.27335719172059, 2.7762252615856, 3.74188479916722, -0.440994557815805, 3.30289749641369, -97.6768777803495
47747.9543964367, -20.0748632332592, 199.048309326172, -20, 0.404852236089731, 530.424499511719, 28.6089401245117, -80.5980987548828, -107.740643215402, -36.4790485098694, 6.92255152647112, 11.3776709984534, -4.59477680137313, 2.7592582622807, 3.715948919077, -0.458186597005335, 4.61751649496897, -95.7006603947709
47748.0343964367, -20.0703955864026, 197.810791015625, -20, 0.407880210471448, 527.714660644531, 28.608943939209, -80.5980911254883, -106.892293250158, -36.054873527247, 7.91512098597722, 11.3293320745437, -3.16200053208797, 2.46021489948948, 3.68787998022192, -0.768340097054156, 3.25391985350837, -103.663983805894
47748.0943964367, -20.0702651394518, 196.637603759766, -20, 0.4216758866517, 527.028564453125, 28.6089458465576, -80.5980834960938, -106.043943284913, -35.8427860359358, 7.84725298875765, 11.2953445274312, -3.433898181237, 2.70835726436601, 3.67127665499218, -0.495706809683815, 3.46945063055913, -98.2190456377869
47748.1743964367, -20.0727014225416, 195.344696044922, -20, 0.433183702109773, 532.197326660156, 28.6089477539063, -80.5980758666992, -105.195593319668, -35.6306985446246, 7.77938499153805, 11.2487144571493, -3.36734023334747, 2.69139026506112, 3.65589212582143, -0.549026658858047, 3.41175371112243, -99.2653856895022
47748.2543964367, -20.0714340919661, 193.719146728516, -20, 0.418977651713457, 533.371215820313, 28.6089515686035, -80.5980682373047, -104.347243354424, -35.2065235620022, 7.49942950297332, 11.1882992970456, -3.53035154965691, 2.49839064794248, 3.64216416181749, -0.777491900159772, 3.61484584960803, -102.427276106714
47748.3343964367, -20.0682478537514, 192.481643676758, -20, 0.412298185290805, 530.079956054688, 28.6089534759521, -80.5980606079102, -103.498893389179, -34.9944360706911, 7.64364899709891, 11.1179393463283, -3.02445498361852, 2.58746739431015, 3.62667513231545, -0.639636344068502, 3.09129139967814, -101.946564253277
47748.3943964367, -20.0649462770935, 191.188766479492, -20, 0.411207064766451, 528.6630859375, 28.6089572906494, -80.5980529785156, -102.650543423934, -34.5702610880687, 7.57578099987932, 11.0616892252505, -3.32290876070271, 2.4474896500278, 3.61813731235748, -0.828856163545558, 3.42461015937616, -104.012951316999
47748.4743964367, -20.0666147284009, 189.507888793945, -20, 0.429176751850188, 529.390319824219, 28.608959197998, -80.5980453491211, -101.802193458689, -34.3581735967575, 7.50791300265973, 10.9801008081989, -3.11918478731538, 2.58958826923175, 3.60910716491369, -0.665969352438779, 3.18941854793264, -102.057636981401
47748.5543964367, -20.0687427040398, 188.270446777344, -20, 0.42978815878209, 532.213439941406, 28.6089611053467, -80.5980377197266, -100.953843493445, -34.1460861054463, 7.22795751409503, 10.8901879921847, -3.28773278652797, 2.57262126992685, 3.60109873820548, -0.685205327047427, 3.35829983600015, -101.778657688899
47748.6343964366, -20.0677390548258, 186.589553833008, -20, 0.419971692570047, 532.477294921875, 28.6089630126953, -80.5980224609375, -99.2571435629551, -33.9339986141351, 6.6680465369656, 10.7949439762084, -3.56971523867312, 2.50263239778568, 3.5942833005536, -0.770834187080478, 3.65188762212421, -102.192487522428
47748.6943964366, -20.0645294642237, 185.804550170898, -20, 0.408965513398723, 533.005004882813, 28.6089668273926, -80.598014831543, -98.4087935977103, -33.5098236315128, 7.23644101378142, 10.721295834632, -3.20213107846395, 2.36265465350332, 3.58915140022549, -0.933181876981556, 3.33520089270151, -106.254790283744
47748.7743964366, -20.0597883269444, 184.123657226563, -20, 0.406339565700407, 530.430725097656, 28.6089687347412, -80.5980072021484, -97.5604436324656, -33.2977361402016, 7.16857301656185, 10.6246202648973, -2.99762111802815, 2.50475327270728, 3.5849879426243, -0.778624643826459, 3.09700426945538, -104.566598010714
47748.8543964366, -20.0583593732546, 182.766540527344, -20, 0.416494890805024, 532.635070800781, 28.6089706420898, -80.5979995727539, -96.7120936672209, -33.0856486488904, 6.88861752799715, 10.5302144731255, -3.24021736646, 2.48778627340238, 3.58576669056104, -0.837864466390515, 3.34668147324492, -104.505041315397
47748.9343964366, -20.0586930556152, 181.085693359375, -20, 0.422338005393961, 534.144653320313, 28.6089725494385, -80.5979919433594, -95.8637437019761, -32.8735611575792, 7.03283702212268, 10.4316475611543, -2.67328728399944, 2.41779740126121, 3.58595069058726, -0.918545826293036, 2.82658433304336, -108.968439568728
47748.9943964366, -20.0562312041023, 180.300659179688, -20, 0.410467671536592, 534.071716308594, 28.6089763641357, -80.5979843139648, -95.0153937367314, -32.4493861749568, 6.9649690249031, 10.3571029941777, -3.09457397492149, 2.27781965697884, 3.58534062561417, -1.07909090411642, 3.27714704358021, -109.231486991064
47749.0743964366, -20.050843647783, 178.619827270508, -20, 0.402476380370178, 532.442932128906, 28.6089782714844, -80.5979766845703, -94.1670437714866, -32.2372986836456, 6.89710102768353, 10.256461837145, -2.86220924634123, 2.4199182761828, 3.58417131449753, -0.905431606517993, 3.00189375177283, -107.560420895518
47749.1543964366, -20.0471604092652, 177.327026367188, -20, 0.406886043582398, 527.108642578125, 28.608980178833, -80.5979690551758, -93.3186938062419, -32.0252111923345, 6.61714553911882, 10.1554477307528, -3.07697242650445, 2.40295127687791, 3.58372839718772, -0.931653080160182, 3.21479426581925, -106.852328643849
47749.2343964365, -20.0479622106455, 175.64616394043, -20, 0.421334182522841, 527.775390625, 28.6089820861816, -80.5979614257813, -92.4703438409972, -31.8131237010233, 6.76136503324437, 10.0578690265094, -2.57061124632889, 2.33296240473673, 3.58242568139906, -1.008627549812, 2.76128394151581, -111.429022027413
47749.2943964365, -20.0519840711188, 174.606750488281, -20, 0.436948815539251, 530.609191894531, 28.6089859008789, -80.5979537963867, -91.6219938757524, -31.3889487184009, 6.69349703602478, 9.98719960027278, -3.01565083929098, 2.19298466045438, 3.57983070175433, -1.15813954696687, 3.23020098001873, -111.016485402381
47749.3743964365, -20.0523330491059, 173.002395629883, -20, 0.421595645366798, 533.336547851563, 28.6089878082275, -80.5979461669922, -90.7736439105077, -31.1768612270897, 6.6256290388052, 9.89499856041268, -2.82757958153706, 2.33508327965832, 3.57507695514859, -0.973205399838174, 2.99024513985886, -108.99891316131
47749.4543964365, -20.0460457331914, 171.398544311523, -20, 0.399155215079442, 532.72509765625, 28.6089897155762, -80.5979385375977, -89.9252939452629, -30.9647737357785, 6.3456735502405, 9.80546870231385, -3.07889203743018, 2.31811628035343, 3.57003061051982, -0.986317231740401, 3.23287198530973, -107.769953430403
47749.5343964365, -20.040084461156, 169.795181274414, -20, 0.398546058435583, 529.571838378906, 28.6089916229248, -80.5979309082031, -89.0769439800182, -30.7526862444674, 6.48989304436606, 9.72214437815425, -2.6460095004072, 2.24812740821226, 3.56289463468815, -1.04712028706862, 2.84553115527621, -111.596349708675
47749.5943964365, -20.0359284707203, 168.592971801758, -20, 0.398719395012221, 526.15771484375, 28.6089954376221, -80.5979232788086, -88.2285940147734, -30.328511261845, 6.42202504714648, 9.66469762698342, -3.06350174160835, 2.1081496639299, 3.5551931911549, -1.18322545748498, 3.28385915677479, -111.126014653733
47749.6743964365, -20.0356958713952, 166.990341186523, -20, 0.41538215262793, 526.443359375, 28.6089973449707, -80.5979156494141, -87.3802440495287, -30.1164237705338, 6.3541570499269, 9.59336266055221, -2.95777112857297, 2.25024828313385, 3.54205884034717, -0.976486146187611, 3.11465697206282, -108.277007614213
47749.7543964365, -20.0364432110774, 165.387435913086, -20, 0.418814436774794, 532.065734863281, 28.6089992523193, -80.5979080200195, -86.531894084284, -29.9043362792226, 6.07420156136217, 9.52702116507807, -3.25432120814819, 2.23328128382896, 3.52794922796408, -0.97363628303255, 3.39669758604464, -106.663972935737
47749.8343964364, -20.031677240144, 163.784912109375, -20, 0.400282258778868, 530.713623046875, 28.609001159668, -80.597900390625, -85.6835441190392, -29.6922487879114, 6.21842105548773, 9.46762497960363, -2.91553127627858, 2.16329241168778, 3.51133918782639, -1.02001611069503, 3.08866594201042, -109.289461313229
47749.8943964364, -20.0232831193396, 162.583435058594, -20, 0.377752027707689, 527.694519042969, 28.6090049743652, -80.5978927612305, -84.8351941537945, -29.2680738052891, 6.15055305826817, 9.42838827935585, -3.25219770375524, 2.02331466740542, 3.49635106621906, -1.14558156469946, 3.44785980989646, -109.413180282133
47749.9743964364, -20.0182738644948, 160.981872558594, -20, 0.395643928676731, 520.732788085938, 28.6090068817139, -80.5978851318359, -83.9868441885497, -29.0559863139779, 6.08268506104857, 9.38178521476282, -3.22510717043135, 2.16541328660938, 3.47360963669327, -0.928140557930258, 3.35586816500287, -106.062453190129
47750.0543964364, -20.0204453190899, 159.380523681641, -20, 0.41881686333519, 523.27001953125, 28.6090087890625, -80.5978775024414, -83.138494223305, -28.8438988226667, 5.80272957248387, 9.34061957207008, -3.55526596173568, 2.14844628730448, 3.44957176548541, -0.910973099412031, 3.66997583902662, -104.380077377881
47750.1343964364, -20.025978270996, 157.778503417969, -20, 0.431085341089232, 525.070129394531, 28.6090106964111, -80.5978698730469, -82.2901442580602, -28.6318113313555, 5.9469490666094, 9.3061355725876, -3.30673960667436, 2.0784574151633, 3.42305598244852, -0.945632146470115, 3.4391501722499, -105.966725073189
47750.1943964364, -20.0281261878882, 156.576995849609, -20, 0.423473273730746, 530.47216796875, 28.6090145111084, -80.5978622436523, -81.4417942928155, -28.2076363487331, 5.87908106938985, 9.28493788640927, -3.55132601389403, 1.93847967088095, 3.40077122170338, -1.06376186696653, 3.70702795311509, -106.684209839309
47750.2743964364, -20.022278790491, 154.974685668945, -20, 0.394585399084762, 528.345886230469, 28.6090145111084, -80.5978622436523, -81.4417942928155, -28.2076363487331, 6.51534354342524, 9.26086664158098, -2.73957027985761, 2.25661090789865, 3.3687038036156, -0.62675512694665, 2.81029676353551, -102.89078213111
47750.3543964364, -20.0152422973528, 153.373001098633, -20, 0.388819496141762, 525.682312011719, 28.6090183258057, -80.5978546142578, -80.5934443275708, -27.7834613661108, 5.59912558082511, 9.23947464130391, -3.8363680480306, 1.90454567227116, 3.33562443853497, -1.00309343216811, 3.96514969056325, -104.662821505559
47750.4343964364, -20.013441958507, 152.172073364258, -20, 0.404696144488576, 524.911743164063, 28.6090202331543, -80.5978469848633, -79.745094362326, -27.5713738747996, 5.74334507495069, 9.21282027271283, -3.52729741403912, 1.99362241863883, 3.29471414446574, -0.789417889600419, 3.61444603754152, -102.62238985763
47750.4943964363, -20.0144211294532, 150.570907592773, -20, 0.414739096997377, 525.844848632813, 28.6090221405029, -80.5978393554688, -78.8967443970813, -27.3592863834884, 5.67547707773109, 9.19497326412654, -3.72282931888268, 2.02967729217022, 3.26381598051739, -0.707660293873008, 3.78939787864854, -100.769893034773
47750.5743964363, -20.0131305479687, 149.054260253906, -20, 0.406291498661565, 526.224365234375, 28.6090240478516, -80.5978317260742, -78.0483944318366, -27.1471988921772, 5.60760908051152, 9.17672805208404, -3.78224543034988, 2.01271029286533, 3.226149481826, -0.71027454526254, 3.8482642067149, -100.643089180487
47750.6543964363, -20.0103490114507, 147.453048706055, -20, 0.400839199271433, 522.493957519531, 28.6090259552002, -80.5978240966797, -77.2000444665918, -26.935111400866, 5.3276535919468, 9.15913188382195, -4.06025290937938, 1.99574329356043, 3.18680724464816, -0.671809072325284, 4.11536454803004, -99.4025515087039
47750.7343964363, -20.0100100186622, 146.252090454102, -20, 0.408410490665246, 527.410705566406, 28.6090297698975, -80.5978164672852, -76.3516945013471, -26.5109364182436, 5.47187308607237, 9.14276945882832, -3.92373481871132, 1.69669993076922, 3.14745767177451, -0.984547208700423, 4.04518384065099, -104.09580545002
47750.7943964363, -20.0108772074948, 144.650833129883, -20, 0.413375918204951, 529.687683105469, 28.6090316772461, -80.5978088378906, -75.5033445361023, -26.2988489269325, 5.40400508885279, 9.13182421639554, -4.03565324896985, 1.94484229564575, 3.11873135260058, -0.66086772608826, 4.08931788901462, -99.3074144674572
47750.8743964363, -20.0038484665619, 143.049758911133, -20, 0.385704587569578, 527.19677734375, 28.6090335845947, -80.5978012084961, -74.6549945708576, -26.0867614356213, 5.3361370916332, 9.11740700920318, -4.07677947723514, 1.92787529634085, 3.08442036850369, -0.67091099141293, 4.13152424398154, -99.3528770766161
47750.9543964363, -19.9956562527398, 141.449371337891, -20, 0.379593695654434, 523.275268554688, 28.6090354919434, -80.5977935791016, -73.8066446056128, -25.8746739443101, 5.0561816030685, 9.10094221667325, -4.33887629747892, 1.91090829703596, 3.05532851083981, -0.696420145806843, 4.39430552781933, -99.1269537236865
47751.0343964363, -19.9937507420405, 140.249298095703, -20, 0.398642992674499, 521.714660644531, 28.609037399292, -80.597785949707, -72.9582946403681, -25.6625864529989, 5.20040109719404, 9.08625164432587, -4.20576153085135, 1.84091942489478, 3.03287694932767, -0.80422070572709, 4.2818265869364, -100.834501559211
47751.0943964362, -19.9960388457091, 138.648941040039, -20, 0.414806026536355, 524.364074707031, 28.6090393066406, -80.5977783203125, -72.1099446751234, -25.4504989616877, 5.13253309997447, 9.06392332107056, -4.20627111996617, 1.87697429842617, 3.00291530308878, -0.594446695536563, 4.24799347351198, -98.0509860840322
47751.1743964362, -19.9962625540313, 137.048522949219, -20, 0.406023512468441, 526.353149414063, 28.6090412139893, -80.5977783203125, -72.1099446751234, -25.2384114703765, 5.76879557400987, 9.0386066875027, -3.39257971238491, 1.86000729912127, 2.97618132646882, -0.682730899735323, 3.46051639347157, -101.384578260172
47751.2543964362, -19.9932804215274, 135.448120117188, -20, 0.395083741820273, 524.841979980469, 28.6090431213379, -80.597770690918, -71.2615947098786, -25.0263239790653, 4.85257761140974, 9.00690199536041, -4.32931606188006, 1.84304029981638, 2.95083765380184, -0.683992409232902, 4.38291369451569, -98.9862000620633
47751.3343964362, -19.9895407914448, 134.248031616211, -20, 0.391552836027308, 522.874755859375, 28.6090450286865, -80.5977630615234, -70.4132447446339, -24.8142364877542, 4.99679710553532, 8.9734232733707, -4.18521600998605, 1.7730514276752, 2.92994878744636, -0.777248981404999, 4.25665058179445, -100.529549263318
47751.3943964362, -19.988747053828, 132.648086547852, -20, 0.399660059843318, 522.241821289063, 28.6090469360352, -80.5977554321289, -69.5648947793891, -24.602148996443, 4.92892910831572, 8.92028274808953, -4.05861853451386, 1.80910630120659, 2.90180735628006, -0.576121222383796, 4.09923709031863, -98.0857011044884
47751.4743964362, -19.9895999289283, 131.047988891602, -20, 0.405846796848558, 525.910034179688, 28.6090488433838, -80.5977478027344, -68.7165448141444, -24.3900615051318, 4.86106111109615, 8.86599113740092, -4.06948100181445, 1.79213930190169, 2.87903414129564, -0.680638478737336, 4.12591384795519, -99.502704791874
47751.5543964362, -19.9886134226963, 129.447998046875, -20, 0.399757232005384, 521.728759765625, 28.6090507507324, -80.5977401733398, -67.8681948488996, -24.1779740138206, 4.58110562253143, 8.8060708784835, -4.14404274750392, 1.7751723025968, 2.85879714993702, -0.696603065347123, 4.20208277641181, -99.5500068229479
47751.6343964362, -19.9869740697244, 126.835418701172, -20, 0.397173176330219, 521.680236816406, 28.6090526580811, -80.5977325439453, -67.0198448836549, -23.9658865225094, 4.72532511665699, 8.7567743018107, -4.14452688605849, 1.70518343045562, 2.84401621121501, -0.804684046455726, 4.2217875065255, -100.996607414296
47751.6943964361, -19.9897085290322, 125.235626220703, -20, 0.414479198198584, 521.823669433594, 28.6090545654297, -80.5977249145508, -66.1714949184102, -23.7537990311982, 4.65745711943741, 8.68693420504692, -3.99130754756642, 1.74123830398701, 2.82712709562107, -0.683768677246591, 4.04936032132091, -99.7287167483695
47751.7743964361, -19.9935818448581, 123.635581970215, -20, 0.416326051832672, 525.192993164063, 28.6090564727783, -80.5977249145508, -66.1714949184102, -23.5417115398871, 5.29371959347281, 8.61301538773404, -3.11115503046027, 1.72427130468211, 2.81396505110285, -0.759382200051664, 3.20240223477708, -103.722863871276
47751.8543964361, -19.9932336910317, 122.035438537598, -20, 0.403002447783255, 524.26806640625, 28.609058380127, -80.5977172851563, -65.3231449531654, -23.3296240485759, 4.37750163087269, 8.53410093279614, -3.88365977966581, 1.70730430537722, 2.80396995011675, -0.792377887044444, 3.963548173543, -101.539946867637
47751.9343964361, -19.9918039438725, 120.83544921875, -20, 0.399160760245782, 521.639038085938, 28.6090602874756, -80.5977096557617, -64.4747949879207, -23.1175365572647, 4.52172112499826, 8.4669056026079, -3.91829771108361, 1.63731543323604, 2.79729272362845, -0.877238840716177, 4.01514692971425, -102.628482499094
47751.9943964361, -19.9937344525514, 119.235496520996, -20, 0.412232862243161, 522.809387207031, 28.6090621948242, -80.5977020263672, -63.626445022676, -22.9054490659535, 4.45385312777868, 8.37039867664447, -3.66722726468044, 1.67337030676743, 2.78862132708434, -0.826196308244071, 3.75901898835621, -102.704262422925
47752.0743964361, -19.9974914793091, 117.63533782959, -20, 0.41704685864438, 524.789367675781, 28.6090641021729, -80.5976943969727, -62.7780950574312, -22.6933615746423, 4.38598513055909, 8.27554349622635, -3.6503423831261, 1.65640330746253, 2.78477991568199, -0.879074603582601, 3.75456066745427, -103.548450738583
47752.1543964361, -19.9973167869021, 116.035148620605, -20, 0.404697095678346, 524.958740234375, 28.6090660095215, -80.5976867675781, -61.9297450921865, -22.4812740833311, 4.10602964199438, 8.18050154094815, -3.63567760652452, 1.63943630815764, 2.78475214920927, -0.928920272630659, 3.75231742528848, -104.341139722856
47752.2343964361, -19.9966457045356, 114.835121154785, -20, 0.402931135162644, 523.361755371094, 28.6090679168701, -80.5976791381836, -61.0813951269417, -22.2691865920199, 4.25024913611993, 8.10791412262452, -3.7846093589939, 1.56944743601646, 2.78539074837014, -1.02099704433565, 3.91971764326602, -105.107335434715
47752.2943964361, -19.9963652347188, 113.235214233398, -20, 0.403764598080626, 525.540283203125, 28.6090698242188, -80.5976791381836, -61.0813951269417, -22.0570991007088, 4.88651161015534, 8.011053642229, -2.72531348173379, 1.60550230954785, 2.78768658533306, -0.992264733488838, 2.90020347653887, -110.012184513308
47752.374396436, -19.9967545410586, 111.635345458984, -20, 0.406253614695868, 525.649169921875, 28.6090717315674, -80.5976715087891, -60.233045161697, -21.8450116093976, 3.97029364755523, 7.91598477618547, -3.72728605814622, 1.58853531024296, 2.7922875760465, -1.03639797645501, 3.86849666626546, -105.548590276794
47752.454396436, -19.9953609149338, 110.035629272461, -20, 0.40024530656529, 521.682189941406, 28.609073638916, -80.5976638793945, -59.3846951964522, -21.6329241180864, 4.11451314168077, 7.81763244562927, -3.16791492983128, 1.57156831093806, 2.79596769665162, -1.05524751404197, 3.33887665845046, -108.430944948055
47752.534396436, -19.995515012641, 108.835990905762, -20, 0.405110232903808, 525.494079589844, 28.6090755462646, -80.59765625, -58.5363452312075, -21.4208366267752, 4.04664514446119, 7.74407202263398, -3.59586209356892, 1.50157943879688, 2.7977513574519, -1.13238796018552, 3.76972713027966, -107.489665037652
47752.594396436, -19.996283143044, 107.23641204834, -20, 0.408048509464903, 527.988220214844, 28.6090774536133, -80.59765625, -58.5363452312075, -21.208749135464, 4.6829076184966, 7.64902573744486, -2.55952051051471, 1.53763431232827, 2.7999042402628, -1.09102540034189, 2.78220950585048, -113.092317455415
47752.674396436, -19.9924805372052, 105.637100219727, -20, 0.391793963267805, 526.285034179688, 28.6090793609619, -80.5976486206055, -57.6879952659628, -20.9966616441528, 3.76668965589648, 7.55584863483429, -3.56421973902627, 1.52066731302337, 2.80049835392118, -1.10143183208458, 3.73031488195728, -107.181871560745
47752.754396436, -19.9878821407823, 104.038261413574, -20, 0.38787912732844, 523.185791015625, 28.6090812683105, -80.5976409912109, -56.839645300718, -20.7845741528416, 3.91090915002205, 7.46417660269624, -3.06538981614501, 1.50370031371848, 2.7984838731961, -1.10084622334873, 3.25688817984562, -109.761860581053
47752.814396436, -19.9868954383812, 102.839347839355, -20, 0.398817242181146, 521.825073242188, 28.6090831756592, -80.5976333618164, -55.9912953354733, -20.5724866615305, 3.84304115280245, 7.3977722686484, -3.48867781293215, 1.4337114415773, 2.79491562046177, -1.16079376723552, 3.6764996123086, -108.413355231794
47752.894396436, -19.9880991617939, 101.240737915039, -20, 0.40724161591527, 526.278625488281, 28.6090850830078, -80.5976333618164, -55.9912953354733, -20.3603991702193, 4.47930362683786, 7.31535769150239, -2.50845737151027, 1.46976631510869, 2.78867305623036, -1.09995526291899, 2.73888422833203, -113.682826102786
47752.9743964359, -19.9876322792336, 99.6421432495117, -20, 0.40057755804206, 521.545837402344, 28.6090869903564, -80.5976257324219, -55.1429453702285, -20.1483116789081, 3.56308566423776, 7.23799390813021, -3.55590326648825, 1.45279931580379, 2.78029112885649, -1.0952741191154, 3.72055544197231, -107.129024540574
47753.0543964359, -19.9837100349634, 98.0438995361328, -20, 0.388537719555984, 523.295837402344, 28.6090888977051, -80.5976181030273, -54.2945954049838, -19.9362241875969, 3.7073051583633, 7.16627631104862, -3.1619065441844, 1.4358323164989, 2.76758332845792, -1.06900651092193, 3.33755412848274, -108.687658244479
47753.1143964359, -19.9818795207211, 96.8453369140625, -20, 0.394452739704431, 518.390991210938, 28.6090908050537, -80.5976104736328, -53.4462454397391, -19.7241366962857, 3.63943716114372, 7.11596961651128, -3.52563709520729, 1.36584344435772, 2.75565105926105, -1.11549413004074, 3.69768483320693, -107.56647518246
47753.1943964359, -19.9831707149807, 95.2472686767578, -20, 0.405889943217711, 521.191589355469, 28.6090927124023, -80.5976104736328, -53.4462454397391, -19.5120492049745, 4.27569963517912, 7.05604127626592, -2.62027004856112, 1.40189831788911, 2.73871872814574, -1.04530914939529, 2.82094389654595, -111.754411177585
47753.2743964359, -19.9840519950947, 93.649055480957, -20, 0.403464559506407, 523.755676269531, 28.609094619751, -80.5976028442383, -52.5978954744943, -19.2999617136633, 3.359481672579, 7.00170055350073, -3.69934364257534, 1.38493131858422, 2.72011324706098, -1.03186249202915, 3.8403650354845, -105.594951626344
47753.3543964359, -19.979952231915, 92.0509338378906, -20, 0.386588679185157, 522.657897949219, 28.6090965270996, -80.5975952148438, -51.7495455092496, -19.0878742223522, 3.50370116670456, 6.95035115103367, -3.36079035270578, 1.36796431927932, 2.6982865695211, -1.00293616253003, 3.50708409257019, -106.624502208766
47753.4143964359, -19.9755490411717, 90.852668762207, -20, 0.384221706990308, 521.545776367188, 28.6090984344482, -80.5975875854492, -50.9011955440048, -18.875786731041, 3.43583316948499, 6.91173600713671, -3.62255494444187, 1.29797544713814, 2.68160546124806, -1.06462465599819, 3.77555549154307, -106.386856664956
47753.4943964359, -19.9728753527815, 89.2551956176758, -20, 0.385957829312144, 514.288635253906, 28.6091003417969, -80.5975875854492, -50.9011955440048, -18.6636992397298, 4.07209564352039, 6.86797785188215, -2.77019430987207, 1.33403032066953, 2.65880212047453, -0.990840643200339, 2.9419341528888, -109.687243402442
47753.5743964358, -19.9750060655276, 87.65771484375, -20, 0.40429591302533, 516.920471191406, 28.6091022491455, -80.5975799560547, -50.0528455787601, -18.4516117484186, 3.15587768092027, 6.83395487235804, -3.90478456930606, 1.31706332136464, 2.63260010095451, -0.955320957762856, 4.01977203992252, -103.757224692916
47753.6543964358, -19.9799632340279, 86.0597991943359, -20, 0.414535590744806, 519.291564941406, 28.6091041564941, -80.5975723266602, -49.2044956135153, -18.2395242571074, 3.30009717504582, 6.80031553128951, -3.61223303381902, 1.24707444922346, 2.60106837065208, -0.962579892231941, 3.73812246806674, -104.930090315474
47753.7143964358, -19.9802291461451, 84.8612213134766, -20, 0.399876104764847, 522.8623046875, 28.6091060638428, -80.5975723266602, -49.2044956135153, -18.0274367657962, 3.93635964908123, 6.77915998284561, -3.00333244449508, 1.28312932275485, 2.57687836526199, -0.885650210317894, 3.13108024916643, -106.436718422051
47753.7943964358, -19.9762161946579, 83.2632217407227, -20, 0.381049261337108, 521.249267578125, 28.6091060638428, -80.5975646972656, -48.3561456482706, -18.0274367657962, 3.23222917782625, 6.76030060807211, -3.84570151994728, 1.4421949412637, 2.54553144175896, -0.664835956733264, 3.90266102301983, -99.8152256522351
47753.8743964358, -19.9718322473736, 81.6655120849609, -20, 0.382642202074793, 518.488952636719, 28.6091079711914, -80.5975570678711, -47.5077956830259, -17.815349274485, 2.95227368926154, 6.74151910740037, -4.16272575751623, 1.26616232344995, 2.51165910501588, -0.8174840921397, 4.24209732381208, -101.119636008994
47753.9543964358, -19.9710233843345, 80.0679473876953, -20, 0.393455774968828, 519.085510253906, 28.60910987854, -80.5975494384766, -46.6594457177811, -17.6032617831739, 3.09649318338708, 6.72448996444248, -3.94197401653881, 1.19617345130877, 2.47243204916854, -0.815258885282054, 4.02526485462997, -101.693467620199
47754.0143964358, -19.9712029608224, 78.8697357177734, -20, 0.396483333280574, 521.42626953125, 28.6091117858887, -80.5975494384766, -46.6594457177811, -17.3911742918627, 3.73275565742249, 6.71727530593484, -3.28837056399577, 1.23222832484017, 2.44413902804016, -0.750041265685189, 3.37273257776903, -102.85519913436
47754.0943964358, -19.9697386619462, 77.2721099853516, -20, 0.389290837760352, 516.716552734375, 28.6091136932373, -80.597541809082, -45.8110957525364, -17.1790868005515, 3.02862518616751, 6.71181917358046, -4.1429152720175, 1.21526132553527, 2.40955902324507, -0.753441272579348, 4.21075183412688, -100.315812447893
47754.1743964358, -19.9681180694407, 75.6746292114258, -20, 0.389714026024757, 515.4150390625, 28.6091156005859, -80.597541809082, -45.8110957525364, -16.9669993092403, 3.66488766020291, 6.70132567224729, -3.33145698463745, 1.19829432623038, 2.37431704690756, -0.727487331747651, 3.40987490924254, -102.324669916353
47754.2543964357, -19.9700342584158, 74.0769805908203, -20, 0.401221461879311, 516.788391113281, 28.6091175079346, -80.5975341796875, -44.9627457872916, -16.7549118179291, 2.96075718894792, 6.68893984545063, -4.11863045960597, 1.12830545408919, 2.33972907771023, -0.775842607731201, 4.19094398260195, -100.67668246241
47754.3143964357, -19.9707828750904, 72.8786239624023, -20, 0.397680514942554, 520.767517089844, 28.6091175079346, -80.597526550293, -44.1143958220469, -16.7549118179291, 2.89288919172835, 6.67531842821377, -4.20844993766754, 1.34039294543433, 2.31337167820515, -0.48612829987903, 4.23638365306244, -96.5949698180803
47754.3943964357, -19.9686369801138, 71.2808151245117, -20, 0.385662001210632, 520.026672363281, 28.6091194152832, -80.597526550293, -44.1143958220469, -16.5428243266179, 3.52915166576375, 6.65274579515724, -3.35321256580209, 1.16436032762059, 2.27953564874682, -0.6674601202771, 3.41892216462596, -101.263653820963
47754.4743964357, -19.9644653753114, 69.6832809448242, -20, 0.380173345332311, 518.388732910156, 28.6091213226318, -80.5975189208984, -43.2660458568022, -16.3307368353067, 2.61293370316364, 6.63170935608925, -4.44216686947837, 1.14739332831568, 2.248740692725, -0.674555700885678, 4.49299007359606, -98.6428908420154
47754.5543964357, -19.9625175693376, 68.0859146118164, -20, 0.386388445158306, 515.747802734375, 28.6091232299805, -80.5975112915039, -42.4176958915574, -16.1186493439956, 2.75715319728919, 6.60121969635117, -4.08769902034662, 1.07740445617452, 2.21713111184327, -0.715412945271156, 4.14972653185977, -99.9351434657276
47754.6143964357, -19.9634378977599, 66.8878707885742, -20, 0.395481215264776, 515.330749511719, 28.6091251373291, -80.5975036621094, -41.5693459263127, -15.9065618526844, 2.68928520006961, 6.57472321197449, -4.24662615073984, 1.1134593297059, 2.19786043977175, -0.694038067118459, 4.30286417764505, -99.2900821967495
47754.6943964357, -19.9661793619965, 65.2902984619141, -20, 0.404748933956442, 520.461059570313, 28.6091251373291, -80.5975036621094, -41.5693459263127, -15.9065618526844, 3.32554767410501, 6.54179004738107, -3.39788927665018, 1.27252494821475, 2.17768908219134, -0.521099365987081, 3.43756856918737, -98.7238501713298
47754.7743964357, -19.9625826644647, 63.6927146911621, -20, 0.380857807911608, 522.837158203125, 28.6091270446777, -80.5974960327148, -40.7209959610679, -15.6944743613732, 2.4093297115049, 6.50645604889864, -4.44022148049037, 1.096492330401, 2.16113137796958, -0.740423373729717, 4.50141040343978, -99.4762261036148
47754.8543964356, -19.9518141638515, 62.0957908630371, -20, 0.355022629749961, 518.714111328125, 28.6091289520264, -80.5974960327148, -40.7209959610679, -15.482386870062, 3.25767967688543, 6.45865916565571, -3.15380200598998, 1.02650345825983, 2.14026618692793, -0.767956650077509, 3.24586332938343, -103.691554675164
47754.9143964356, -19.9485700460847, 60.8984680175781, -20, 0.37735737100338, 510.536468505859, 28.609130859375, -80.5974884033203, -39.8726459958232, -15.2702993787508, 2.55354920563045, 6.42106739255237, -4.15277299250659, 1.06255833179121, 2.12692494008382, -0.732396389966847, 4.21675092511491, -100.010331717958
47754.9943964356, -19.9534259445434, 59.3018951416016, -20, 0.409045196645027, 511.759368896484, 28.609130859375, -80.5974807739258, -39.0242960305785, -15.2702993787508, 2.48568120841088, 6.36786982402125, -4.05643979209764, 1.22162395030007, 2.11255996688994, -0.550667598227736, 4.09358422101145, -97.7369941401461
47755.0743964356, -19.9637574597954, 57.7045555114746, -20, 0.424052755979813, 518.204711914063, 28.6091327667236, -80.5974807739258, -39.0242960305785, -15.0582118874396, 3.12194368244628, 6.30477689549811, -3.14554437564548, 1.04559133248632, 2.10019215650306, -0.762887768853989, 3.23664368206525, -103.63890560146
47755.1543964356, -19.9666343969318, 56.106761932373, -20, 0.401486818093313, 522.155212402344, 28.6091346740723, -80.5974731445313, -38.1759460653337, -14.8461243961285, 2.41781321119129, 6.24020047663162, -3.74273544610156, 0.975602460345141, 2.08984267255994, -0.850483875191878, 3.83801541201783, -102.810613768867
47755.2143964356, -19.9615634124482, 54.9085807800293, -20, 0.374974521331895, 522.240783691406, 28.6091365814209, -80.5974655151367, -37.327596100089, -14.6340369048173, 2.34994521397172, 6.18567019545468, -3.99859636521311, 1.01165733387653, 2.08260493737744, -0.804419091046579, 4.07857966319652, -101.383304467581
47755.2943964356, -19.9544073647392, 53.311595916748, -20, 0.358720890168246, 516.001831054688, 28.6091365814209, -80.5974655151367, -37.327596100089, -14.6340369048173, 2.98620768800712, 6.10576448809634, -2.9513744965894, 1.17072295238538, 2.07603594246938, -0.629491695356341, 3.01770122273626, -102.045006353112
47755.3743964356, -19.9533155653017, 51.7149391174316, -20, 0.384611604814176, 513.155517578125, 28.6091384887695, -80.5974578857422, -36.4792461348442, -14.4219494135061, 2.06998972540701, 6.02777196970499, -3.97476017268953, 0.994690334571637, 2.07592897329755, -0.889932657666991, 4.07301211047884, -102.629471225402
47755.4543964355, -19.9576114917565, 50.118049621582, -20, 0.402567472133854, 514.620422363281, 28.6091403961182, -80.5974578857422, -36.4792461348442, -14.2098619221949, 2.91833969078754, 5.94114435282461, -2.57326847585968, 0.924701462430457, 2.07180763802593, -0.939783641097628, 2.73939957364636, -110.068084053254
47755.5143964355, -19.9641561091505, 48.9200782775879, -20, 0.41826779465217, 518.993286132813, 28.6091423034668, -80.5974502563477, -35.6308961695995, -13.9977744308837, 2.21420921953255, 5.87598517230442, -3.72054576046597, 0.960756335961846, 2.07079575254475, -0.916760713661002, 3.83167447904716, -103.851002636551
47755.5943964355, -19.9657483405002, 47.322624206543, -20, 0.396314941241807, 519.437377929688, 28.6091423034668, -80.5974426269531, -34.7825462043547, -13.9977744308837, 2.14634122231298, 5.78716087533053, -3.52082248305157, 1.1198219544707, 2.07266954106426, -0.75306506445496, 3.60035886318718, -102.08006173074
47755.6743964355, -19.9641850432256, 45.725341796875, -20, 0.385841665280021, 520.218444824219, 28.6091442108154, -80.5974426269531, -34.7825462043547, -13.7856869395725, 2.78260369634838, 5.6931080211924, -2.60755831396484, 0.943789336656952, 2.07565932385661, -0.977167398219526, 2.78452099062478, -110.548783213473
47755.7543964355, -19.9619688940636, 44.128360748291, -18.5243286510385, 0.831588624042087, 534.354309082031, 28.6091461181641, -80.5974349975586, -33.93419623911, -13.5735994482613, 2.0784732250934, 5.60508219425052, -3.17413798911079, 0.873800464515772, 2.07951500368338, -1.07323965997137, 3.35049499500049, -108.689303987181
47755.8143964355, -19.9546835429907, 42.9309120178223, -16.1759327032187, 1, 604.288330078125, 28.6091480255127, -80.5974349975586, -33.93419623911, -13.3615119569502, 2.7147356991288, 5.53444768018353, -2.6786167869449, 0.909855338047161, 2.08188175582304, -1.02826705284689, 2.86906789441724, -111.006745682542
47755.8943964355, -19.8646686911046, 41.3385353088379, -12.9822306361135, 1, 674.973205566406, 28.6091480255127, -80.5974273681641, -33.0858462738653, -13.3615119569502, 2.01060522787382, 5.42875635764752, -3.13655222275141, 1.06892095655601, 2.08609896440848, -0.851224246340399, 3.24989516678805, -105.190402560105
47755.9743964355, -19.6630338082851, 39.7590827941895, -9.75202632089399, 1, 726.072509765625, 28.6091499328613, -80.5974273681641, -33.0858462738653, -13.149424465639, 2.64686770190922, 5.31720077308233, -2.19732485366134, 0.892888338742266, 2.09116355371134, -1.07585487043383, 2.44645308424762, -116.091526238272
47756.0543964355, -19.4538830002167, 38.2003402709961, -6.50229659217482, 1, 753.258605957031, 28.60915184021, -80.5974197387695, -32.2374963086205, -12.9373369743278, 1.94273723065424, 5.20464883523295, -2.62032374640937, 0.822899466601088, 2.09018448299296, -1.11435300998758, 2.84728173550587, -113.04463380728
47756.1143964354, -19.1130598499192, 37.0485305786133, -4.07080770310918, 1, 784.948913574219, 28.6091537475586, -80.597412109375, -31.3891463433758, -12.7252494830166, 1.87486923343467, 5.11873275812442, -3.08240994161877, 0.858954340132477, 2.08628471819309, -1.03548922460096, 3.25153107319731, -108.576402929961
47756.1943964354, -18.7216273163141, 35.5392837524414, -0.809474593572583, 1, 801.770263671875, 28.6091537475586, -80.597412109375, -31.3891463433758, -12.7252494830166, 2.51113170747006, 5.00328320071226, -1.96084812276341, 1.01801995864133, 2.07797288168642, -0.8121431151155, 2.12232049203363, -112.501610762798
47756.2743964354, -18.2950057213335, 34.0633125305176, 0, 1, 817.326721191406, 28.6091556549072, -80.597412109375, -31.3891463433758, -12.5131619917054, 2.51113170747006, 4.89789673835057, -1.91176699284431, 0.841987340827585, 2.06857166613356, -1.00491172244091, 2.1597050271168, -117.731627465674
47756.3543964354, -17.9574780957661, 32.6228141784668, 0, 1, 824.143615722656, 28.6091575622559, -80.5974044799805, -30.540796378131, -12.3010745003942, 1.80700123621508, 4.79711665556203, -2.42017916804777, 0.771998468686402, 2.04829416748481, -0.98401428395846, 2.61246537920569, -112.131000801317
47756.4143964354, -17.4923852445265, 31.5666942596436, 0, 1, 831.786560058594, 28.6091594696045, -80.5973968505859, -29.6924464128863, -12.088987009083, 1.7391332389955, 4.71954503516522, -2.83693282464931, 0.808053342217794, 2.02817574881903, -0.868235459965616, 2.96671611695928, -107.022524694906
47756.4943964354, -17.0122268446107, 30.1919326782227, 0, 1, 834.663696289063, 28.6091594696045, -80.5973968505859, -29.6924464128863, -12.088987009083, 2.3753957130309, 4.62191093674585, -1.80758556468886, 0.967118960726644, 2.00148230127128, -0.647135401419947, 1.91989865693126, -109.700552596075
47756.5743964354, -16.5226191044786, 28.8560848236084, 0, 1, 838.261169433594, 28.6091613769531, -80.5973968505859, -29.6924464128863, -11.8768995177719, 2.3753957130309, 4.53726140580534, -1.80511987622134, 0.791086342912898, 1.97773885195808, -0.852956712390237, 1.99643486952295, -115.294553309901
47756.6543964354, -16.1495869983642, 27.55979347229, 0, 1, 842.444213867188, 28.6091632843018, -80.5973892211914, -28.8440964476416, -11.6648120264607, 1.67126524177592, 4.45737584559836, -2.39190131579862, 0.721097470771721, 1.94762159979571, -0.853980354291501, 2.53969498881179, -109.652684424586
47756.7143964353, -15.3669129287687, 26.6216735839844, 0, 1, 846.958129882813, 28.6091632843018, -80.5973892211914, -28.8440964476416, -11.6648120264607, 2.30752771581132, 4.13752880378607, 0.353963314126836, 0.933184962116854, 1.78828982377784, 0.958648072806971, 1.02190237476278, 20.2664976070699
47756.7943964353, -11.5913331141691, 25.5572605133057, 0, 0.01, 777.926330566406, 28.6091651916504, -80.5973815917969, -27.9957464823968, -11.4527245351495, 1.60339724455634, 2.6358085229234, 10.1742944509303, 0.757152344303108, 1.15484611701032, 4.66473326561659, 11.1824284339686, 65.2790507609769
47756.8743964353, -4.91982499614856, 25.0353031158447, 0, 0.01, 661.733642578125, 28.6091651916504, -80.5973815917969, -27.9957464823968, -11.4527245351495, 2.23965971859174, 3.49949855145287, -7.84020380880954, 0.916217962811959, 1.39550060436914, -1.98929326011361, 8.08711018887365, -104.277154703354
47756.9543964353, -1.30358134977197, 24.8795509338379, 0, 0.01, 586.88232421875, 28.609167098999, -80.5973739624023, -27.1473965171521, -11.2406370438383, 1.53552924733676, 2.65005476507235, 7.30561653420337, 0.687163472161929, 1.40173653791516, -0.51407427372389, 7.32358324571147, 94.0359344663269
47757.0143964353, 1.24960143946973, 24.9186687469482, 0, 0.01, 509.723907470703, 28.609167098999, -80.5973739624023, -27.1473965171521, -11.2406370438383, 2.17179172137217, 1.78910069565036, 7.06530019570644, 0.899250963507064, 0.769226654315097, 6.87138892941164, 9.84350841696999, 45.7932133424739
