TIME, VerticalSpeed, RadarAltitude, TargetVerticalSpeed, TargetThrottle, Latitude, Longitude, XError, YError, TargetXSpeed, CurrentXSpeed, TargetXPitch, TargetYSpeed, CurrentYSpeed, TargetYPitch, TotalTargetPitch, TotalTargetHeading
47484.3688679135, -0.369197281074385, 546.579772949219, -15, 0.01, 28.6083507537842, -80.5997695922852, -293.529285604001, -102.014083325026, 15, -0.0962235692087218, 15, 8.16112666600205, -0.323337062844272, 10.1813564746156, 18.0631100642819, 55.6682712420141
47484.4288679135, -0.627149574183726, 546.547302246094, -15, 0.01, 28.6083507537842, -80.5997695922852, -293.529285604001, -102.014083325026, 15, -0.0963276349429161, 15, 8.16112666600205, -0.324186735103709, 10.1959639919625, 18.0711578788914, 55.6304081495661
47484.4888679135, -0.885183471567935, 546.499389648438, -15, 0.01, 28.6083507537842, -80.5997695922852, -293.529285604001, -102.014083325026, 15, -0.096448500758637, 15, 8.16112666600205, -0.325037564266023, 10.2020882545234, 18.074534323321, 55.61454458037
47484.5488679135, -1.14328233547011, 546.435974121094, -15, 0.01, 28.6083507537842, -80.5997695922852, -293.529285604001, -102.014083325026, 15, -0.0970379610214098, 15, 8.16112666600205, -0.325911925531066, 10.2084650322229, 18.078051468443, 55.5980336357299
47484.6088679135, -1.40160891672597, 546.35693359375, -15, 0.01, 28.6083507537842, -80.5997695922852, -293.529285604001, -102.014083325026, 15, -0.101297961945235, 15, 8.16112666600205, -0.326872769335215, 10.2155756698394, 18.0819751613892, 55.5796306299997
47484.6688679135, -1.65969929837961, 546.262634277344, -15, 0.01, 28.6083507537842, -80.5997695922852, -293.529285604001, -102.014083325026, 15, -0.118167989956692, 15, 8.16112666600205, -0.328126506956581, 10.2251026450607, 18.0872351497685, 55.5549872494467
47484.7288679135, -1.91858900477436, 546.152648925781, -15, 0.01, 28.6083488464355, -80.5997695922852, -293.529285604001, -102.226170816337, 15, -0.144647933515217, 15, 8.39018115665209, -0.329643866060279, 10.5096569746017, 18.2458828402421, 54.8259510142373
47484.7888679135, -2.1780895820856, 546.027099609375, -15, 0.01, 28.6083488464355, -80.5997695922852, -293.529285604001, -102.226170816337, 15, -0.176757148424188, 15, 8.17809366530695, -0.331356990919664, 10.2642710627689, 18.1088960162576, 55.4538308829221
47484.8488679135, -2.43795758492881, 545.886108398438, -15, 0.01, 28.6083488464355, -80.5997695922852, -293.529285604001, -102.226170816337, 15, -0.212102798161071, 15, 8.17809366530695, -0.333224809826802, 10.2701988934457, 18.1121791685398, 55.4385441329228
47484.9088679134, -2.69770475579418, 545.729370117188, -15, 0.01, 28.6083488464355, -80.5997695922852, -293.529285604001, -102.226170816337, 15, -0.249211558325256, 15, 8.17809366530695, -0.335220620715393, 10.2836513221661, 18.1196346690901, 55.4038747714591
47484.9688679134, -2.95820519358964, 545.55712890625, -15, 0.01, 28.6083488464355, -80.5997695922852, -293.529285604001, -102.226170816337, 15, -0.299801732656603, 15, 8.17809366530695, -0.338044523623268, 10.3004306087622, 18.128943323089, 55.3606740827024
47485.0288679134, -3.21868132607128, 545.303039550781, -15, 0.01, 28.6083488464355, -80.5997695922852, -293.529285604001, -102.226170816337, 15, -0.337950325661771, 15, 8.17809366530695, -0.340269471363581, 10.3022220122552, 18.1299377547625, 55.3560646488833
47485.0888679134, -3.47891406501318, 545.09423828125, -15, 0.01, 28.6083488464355, -80.5997695922852, -293.529285604001, -102.226170816337, 15, -0.375998707654832, 15, 8.17809366530695, -0.342580553418567, 10.3109690583985, 18.1347950545621, 55.3335654889469
47485.1488679134, -3.73886911823969, 544.869873046875, -15, 0.01, 28.6083488464355, -80.5997695922852, -293.529285604001, -102.226170816337, 15, -0.413565909074904, 15, 8.17809366530695, -0.344963812861731, 10.3196645780983, 18.1396265356653, 55.3112115899857
47485.2088679134, -3.99903943045189, 544.629821777344, -15, 0.01, 28.6083488464355, -80.5997695922852, -293.529285604001, -102.226170816337, 15, -0.450580160545459, 15, 8.17809366530695, -0.347417944084339, 10.3284335603248, 18.1445016538686, 55.2886816828867
47485.2688679134, -4.2588823161726, 544.374084472656, -15, 0.01, 28.6083488464355, -80.5997695922852, -293.529285604001, -102.226170816337, 15, -0.48690266375673, 15, 8.17809366530695, -0.349935401094751, 10.3372045840544, 18.1493807368208, 55.2661594303374
47485.3288679134, -4.60507378384987, 544.102783203125, -15, 0.01, 28.6083488464355, -80.5997695922852, -293.529285604001, -102.226170816337, 15, -0.522316696097972, 15, 8.17809366530695, -0.352507063035311, 10.3459509881208, 18.1542489404482, 55.2437132396211
47485.3888679134, -4.86498409126704, 543.815856933594, -15, 0.01, 28.6083469390869, -80.5997695922852, -293.529285604001, -102.438258307648, 15, -0.556816718804728, 15, 8.40714815595696, -0.355131447055048, 10.6297502262774, 18.3137219910531, 54.5223266227764
47485.4488679134, -5.12468650686069, 543.8466796875, -15, 0.01, 28.6083469390869, -80.5997695922852, -293.529285604001, -102.438258307648, 15, -0.589882346926285, 15, 8.19506066461184, -0.358079088765121, 10.3871468674704, 18.1772161006695, 55.1381632284057
47485.5088679133, -5.38417502183389, 543.407043457031, -15, 0.01, 28.6083469390869, -80.5997695922852, -293.529285604001, -102.438258307648, 15, -0.620505555536638, 15, 8.19506066461184, -0.362284495136152, 10.4099054088222, 18.1899308832602, 55.0799742773849
47485.5688679133, -5.64361583181925, 543.286071777344, -15, 0.01, 28.6083469390869, -80.5997695922852, -293.529285604001, -102.438258307648, 15, -0.647835902984388, 15, 8.19506066461184, -0.368365225547361, 10.4410935812538, 18.2073858553361, 55.0003731742221
47485.6288679133, -5.90273231658073, 542.726440429688, -15, 0.01, 28.6083469390869, -80.5997695922852, -293.529285604001, -102.438258307648, 15, -0.672114141138303, 15, 8.19506066461184, -0.376007905591802, 10.4710269347832, 18.224171853743, 54.9241275811319
47485.6888679133, -6.1614209933394, 542.166931152344, -15, 0.01, 28.6083469390869, -80.5997695922852, -293.529285604001, -102.438258307648, 15, -0.692835075217805, 15, 8.19506066461184, -0.385559860191978, 10.5067303981779, 18.2442361433102, 54.8333800673205
47485.7488679133, -6.41978056257671, 542.165710449219, -15, 0.01, 28.6083469390869, -80.5997695922852, -293.529285604001, -102.438258307648, 15, -0.709598458475375, 15, 8.19506066461184, -0.397254388005955, 10.5473449527268, 18.2671163953547, 54.730408408055
47485.8088679133, -6.6780241292739, 541.605651855469, -15, 0.01, 28.6083469390869, -80.5997695922852, -293.529285604001, -102.438258307648, 15, -0.722136324949474, 15, 8.19506066461184, -0.411220594580761, 10.5919849569832, 18.2923329812526, 54.6175476735947
47485.8688679133, -6.9365466346093, 541.046081542969, -15, 0.01, 28.6083469390869, -80.5997695922852, -293.529285604001, -102.438258307648, 15, -0.730226799075319, 15, 8.19506066461184, -0.427549440693775, 10.6403795337671, 18.3197512915919, 54.4955686841766
47485.9288679133, -7.19479206550069, 540.925170898438, -15, 0.01, 28.6083469390869, -80.5997695922852, -293.529285604001, -102.438258307648, 15, -0.734116150025744, 15, 8.19506066461184, -0.445895524790628, 10.6877517882377, 18.3466714730638, 54.3765429118991
47485.9888679133, -7.45324740535632, 540.365661621094, -15, 0.01, 28.6083450317383, -80.5997695922852, -293.529285604001, -102.650345798959, 15, -0.733885871109883, 15, 8.42411515526188, -0.466107130606807, 11.0108604545641, 18.53239574061, 53.5745942168441
47486.0488679133, -7.71158713576897, 539.805603027344, -15, 0.01, 28.6083450317383, -80.5997695922852, -293.529285604001, -102.650345798959, 15, -0.728569080586406, 15, 8.21202766391673, -0.488927478775305, 10.8150478793643, 18.4194045049219, 54.0585434990615
47486.1088679133, -7.97013923473424, 539.245971679688, -15, 0.01, 28.6083450317383, -80.5997695922852, -293.529285604001, -102.650345798959, 15, -0.717915545368675, 15, 8.21202766391673, -0.514430208498497, 10.8777108453059, 18.4554178820228, 53.902986820633
47486.1688679132, -8.2283217342571, 538.686462402344, -15, 0.01, 28.6083450317383, -80.5997695922852, -293.529285604001, -102.650345798959, 15, -0.701967779584898, 15, 8.21202766391673, -0.542481023373483, 10.9421053798895, 18.4925694199119, 53.7438045819815
47486.2288679132, -8.4873143744043, 538.565490722656, -15, 0.01, 28.6083450317383, -80.5997695922852, -293.529285604001, -102.650345798959, 15, -0.681657055947176, 15, 8.21202766391673, -0.57216520714329, 10.9993306050858, 18.5257056667577, 53.602915824595
47486.2888679132, -8.74674702353712, 538.005310058594, -15, 0.01, 28.6083450317383, -80.5997695922852, -293.529285604001, -102.650345798959, 15, -0.65707394425792, 15, 8.21202766391673, -0.603315954083604, 11.0566663392916, 18.5590194094339, 53.4622926835756
47486.3488679132, -9.00653798820601, 537.445739746094, -15, 0.01, 28.6083450317383, -80.5997695922852, -293.529285604001, -102.650345798959, 15, -0.627812133403364, 15, 8.21202766391673, -0.634864758246732, 11.1038136119686, 18.5864980516334, 53.347060408566
47486.4088679132, -9.26677362560792, 536.886352539063, -15, 0.01, 28.6083450317383, -80.5997695922852, -293.529285604001, -102.650345798959, 15, -0.592714134555565, 15, 8.21202766391673, -0.664928265252557, 11.1303630223568, 18.6020052320864, 53.2823307414964
47486.4688679132, -9.52735394359227, 536.207153320313, -15, 0.01, 28.6083431243896, -80.5997695922852, -293.529285604001, -102.86243329027, 15, -0.551368155202763, 15, 8.44108215456676, -0.692125976287884, 11.4146876295473, 18.7695721964156, 52.5962948389809
47486.5288679132, -9.78832394438735, 535.648132324219, -15, 0.01, 28.6083431243896, -80.5997695922852, -293.529285604001, -102.86243329027, 15, -0.504233661478302, 15, 8.22899466322163, -0.715605274486505, 11.1565404293602, 18.6173186891072, 53.2186204373624
47486.5888679132, -10.0497141030807, 535.088684082031, -15, 0.01, 28.6083431243896, -80.5997695922852, -293.529285604001, -102.86243329027, 15, -0.451839079649395, 15, 8.22899466322163, -0.734956401467881, 11.1438584401968, 18.6098969658082, 53.2494718040683
47486.6488679132, -10.3113383899044, 534.529907226563, -15, 0.01, 28.6083431243896, -80.5997695922852, -293.529285604001, -102.86243329027, 15, -0.395307621343284, 15, 8.22899466322163, -0.750532771295333, 11.1301902289043, 18.6019042277209, 53.2827516550327
47486.7088679132, -10.5740032780028, 533.8505859375, -15, 0.01, 28.6083431243896, -80.5997695922852, -293.529285604001, -102.86243329027, 15, -0.335519689248825, 15, 8.22899466322163, -0.761938137661295, 11.1075611936015, 18.5886855066631, 53.3379165307104
47486.7688679131, -10.8366614990801, 533.291748046875, -15, 0.01, 28.6083431243896, -80.5997695922852, -293.529285604001, -102.86243329027, 15, -0.272587492542534, 15, 8.22899466322163, -0.769765805828631, 11.0865766696909, 18.5764430788623, 53.3891470196677
47486.8288679131, -11.0997438758846, 532.294372558594, -15, 0.01, 28.6083431243896, -80.5997695922852, -293.529285604001, -102.86243329027, 15, -0.207308390665238, 15, 8.22899466322163, -0.774631485730371, 11.0681977786008, 18.565733182672, 53.4340752683399
47486.8888679131, -11.3632425722958, 531.615783691406, -15, 0.01, 28.608341217041, -80.5997695922852, -293.529285604001, -103.074520781582, 15, -0.140108073411266, 15, 8.45804915387165, -0.776956501446379, 11.325987547771, 18.7170049955824, 52.8089125147866
47486.9488679131, -11.6268041028088, 531.056823730469, -15, 0.01, 28.608341217041, -80.5997695922852, -293.529285604001, -103.074520781582, 15, -0.0715028059646427, 15, 8.24596166252652, -0.777093212035041, 11.0551773925101, 18.5581528558646, 53.4659377173082
47487.0088679131, -11.8903659325663, 530.379028320313, -15, 0.01, 28.608341217041, -80.5997695922852, -293.529285604001, -103.074520781582, 15, -0.00169423893057508, 15, 8.24596166252652, -0.775591234849178, 11.0424010738768, 18.5507202879991, 53.4972298232606
47487.0688679131, -12.1542459962732, 529.820068359375, -15, 0.01, 28.608341217041, -80.5997695922852, -293.529285604001, -103.074520781582, 15, 0.0690175216058672, 15, 8.24596166252652, -0.772691125827098, 11.030350816358, 18.5437152517568, 53.5267680878878
47487.1288679131, -12.4185018836662, 528.70361328125, -15, 0.01, 28.608341217041, -80.5997695922852, -293.529285604001, -103.074520781582, 15, 0.139855394389282, 15, 8.24596166252652, -0.767729861493632, 11.0091939609542, 18.5314284913735, 53.5786864011215
47487.1888679131, -12.6828567171809, 528.145446777344, -15, 0.01, 28.608341217041, -80.5997695922852, -293.529285604001, -103.074520781582, 15, 0.210278185440731, 15, 8.24596166252652, -0.761233972511028, 10.9914569650614, 18.5211397097172, 53.6222689248197
47487.2688679131, -12.9468730714394, 527.467407226563, -15, 0.01, 28.608341217041, -80.5997695922852, -293.529285604001, -103.074520781582, 15, 0.280382014912519, 15, 8.24596166252652, -0.753093964269838, 10.9706471959587, 18.5090823633602, 53.6734674115485
47487.3288679131, -13.2110772144032, 526.471313476563, -15, 0.01, 28.608341217041, -80.5997695922852, -293.529285604001, -103.074520781582, 15, 0.350093152173249, 15, 8.24596166252652, -0.74297187973797, 10.944073291735, 18.4937070528441, 53.7389506594937
47487.388867913, -13.4750287214922, 525.793273925781, -15, 0.01, 28.608341217041, -80.5997695922852, -293.529285604001, -103.074520781582, 15, 0.419588482623861, 15, 8.24596166252652, -0.730624014111446, 10.9123839934382, 18.4754041193181, 53.8171907100251
47487.448867913, -13.7388560104978, 524.677429199219, -15, 0.01, 28.6083393096924, -80.5997695922852, -293.529285604001, -103.286608272893, 15, 0.488815403140444, 15, 8.47501615317656, -0.715914613871033, 11.1514973142464, 18.6143667130832, 53.2308856462553
47487.508867913, -14.0031056884933, 524.119812011719, -15, 0.01, 28.6083393096924, -80.5997695922852, -293.529285604001, -103.286608272893, 15, 0.557631696011187, 15, 8.26292866183142, -0.69875458546604, 10.857271018844, 18.4436556731044, 53.9536562805336
47487.568867913, -14.267464057183, 523.003845214844, -15, 0.01, 28.6083393096924, -80.5997695922852, -293.529285604001, -103.286608272893, 15, 0.626276308640675, 15, 8.26292866183142, -0.679106515642783, 10.8141781419751, 18.4189056230125, 54.0607071169748
47487.628867913, -14.5315676186657, 522.3271484375, -15, 0.031308051593339, 28.6083393096924, -80.5997695922852, -293.529285604001, -103.286608272893, 15, 0.695100467942172, 15, 8.26292866183142, -0.657370932505319, 10.7725724888205, 18.3950717070877, 54.1643539527397
47487.688867913, -14.7952349298141, 521.211303710938, -15, 0.135797138896902, 28.6083393096924, -80.5997695922852, -293.529285604001, -103.286608272893, 15, 0.763728423759339, 15, 8.26292866183142, -0.632732908087639, 10.7193198436536, 18.3646549778361, 54.2974326506649
47487.748867913, -15.0567207953478, 520.654235839844, -15, 0.238743776150537, 28.6083393096924, -80.5997619628906, -292.680935638756, -103.286608272893, 15, 0.832471932582043, 15, 8.26292866183142, -0.604954183547881, 10.6598991026865, 18.3308339610392, 54.4464794618509
47487.808867913, -15.3058915565378, 519.539123535156, -15, 0.329067168341248, 28.6083393096924, -80.5997619628906, -292.680935638756, -103.286608272893, 15, 0.90389495960519, 15, 8.26292866183142, -0.573015083581361, 10.5852699946987, 18.2885352033912, 54.6345035433876
47487.868867913, -15.5320767059357, 518.862487792969, -15, 0.401982781721469, 28.6083393096924, -80.5997619628906, -292.680935638756, -103.286608272893, 15, 0.978721434780651, 15, 8.26292866183142, -0.537456595199921, 10.5116861556394, 18.2470247815648, 54.8208008188154
47487.928867913, -15.7278054598636, 517.748046875, -15, 0.417028351827809, 28.6083393096924, -80.5997619628906, -292.680935638756, -103.286608272893, 15, 1.06014162509099, 15, 8.26292866183142, -0.49459433938319, 10.3924682880946, 18.1801873853677, 55.1245496770926
47487.988867913, -15.8921471358876, 516.633483886719, -15, 0.500062389128656, 28.6083393096924, -80.5997619628906, -292.680935638756, -103.286608272893, 15, 1.15271601119586, 15, 8.26292866183142, -0.438344165718876, 10.1963096648959, 18.0713484190118, 55.6295125909107
47488.0488679129, -16.0302094511721, 515.957641601563, -15, 0.536478476308967, 28.6083393096924, -80.5997619628906, -292.680935638756, -103.286608272893, 15, 1.25824384443177, 15, 8.26292866183142, -0.365265729809491, 9.94550983596111, 17.9342822659518, 56.2845779535492
47488.1088679129, -16.1400978226499, 514.962951660156, -15, 0.560375831858227, 28.6083393096924, -80.5997619628906, -292.680935638756, -103.286608272893, 15, 1.37684059977898, 15, 8.26292866183142, -0.275563899932119, 9.67675679593803, 17.790065724329, 56.99837416482
47488.1688679129, -16.2238569800752, 513.84912109375, -15, 0.575776720720786, 28.6083393096924, -80.5997619628906, -292.680935638756, -103.286608272893, 15, 1.50560876017847, 14.9136845183274, 8.26292866183142, -0.172183692706432, 9.42097784117408, 17.5828232060298, 57.5430181512743
47488.2288679129, -16.2830931519595, 512.735412597656, -15, 0.582884647642269, 28.6083393096924, -80.5997619628906, -292.680935638756, -103.286608272893, 15, 1.64292145091415, 14.6714782331972, 8.26292866183142, -0.0567747719417493, 9.1671918229067, 17.2464991107599, 57.8292876765278
47488.2888679129, -16.3205507058921, 512.060729980469, -15, 0.583680473036397, 28.6083393096924, -80.5997543334961, -291.832585673511, -103.286608272893, 15, 1.78690318035713, 14.4399376288725, 8.26292866183142, 0.0687173212505127, 8.92068611358762, 16.9232301476755, 58.1246741686767
47488.3488679129, -16.3406053627742, 510.948089599609, -15, 0.581221737665843, 28.6083393096924, -80.5997543334961, -291.832585673511, -103.286608272893, 15, 1.93627347436597, 14.2146458663088, 8.26292866183142, 0.202087118352141, 8.6867018228847, 16.6119850717752, 58.4059533071107
47488.4088679129, -16.3482246601612, 509.835540771484, -15, 0.577951331019598, 28.6083393096924, -80.5997543334961, -291.832585673511, -103.286608272893, 15, 2.0907690444273, 13.9857439602741, 8.26292866183142, 0.341267224123457, 8.81587020288609, 16.4854002275825, 57.6195294196791
47488.4688679129, -16.3450587967739, 508.842620849609, -15, 0.571732528074281, 28.6083393096924, -80.5997543334961, -291.832585673511, -103.286608272893, 15, 2.25019458121784, 13.7527835320756, 8.26292866183142, 0.484681580212863, 8.25814715615536, 16.0006084049203, 58.86050843051
47488.5288679129, -16.3356838374539, 508.169189453125, -15, 0.56681534924665, 28.608341217041, -80.5997543334961, -291.832585673511, -103.074520781582, 15, 2.46984053740961, 12.8945222862131, 8.03387417118138, 0.679543209924151, 7.23938767399663, 14.7576657273829, 60.5468723106122
47488.5888679129, -16.3221486563867, 506.620574951172, -15, 0.561900871331707, 28.608341217041, -80.5997467041016, -290.984235708267, -103.074520781582, 15, 2.63968240163314, 13.1961691594648, 8.24596166252652, 0.826686998773697, 7.7989500904827, 15.2931973549578, 59.271942999137
47488.6488679128, -16.305391575963, 505.509735107422, -15, 0.556429297758561, 28.608341217041, -80.5997467041016, -290.984235708267, -103.074520781582, 15, 2.81309073649776, 12.9597265967676, 8.24596166252652, 0.974638763666146, 7.61769100592006, 14.9996517764242, 59.412904990789
47488.7088679128, -16.2868567337544, 504.837463378906, -15, 0.551394462921562, 28.6083431243896, -80.5997467041016, -290.984235708267, -102.86243329027, 15, 2.98996877116519, 12.7199819758691, 8.0169071718765, 1.12251492520089, 7.17026689222289, 14.5726577857574, 60.4521444671245
47488.7688679128, -16.269224008, 503.847015380859, -15, 0.548900808355085, 28.6083431243896, -80.5997467041016, -290.984235708267, -102.86243329027, 15, 3.1690173899408, 12.4905163818181, 8.22899466322163, 1.26910890003414, 7.26585691051127, 14.4210198461613, 59.6820639757344
47488.8288679128, -16.2544495045202, 502.736846923828, -15, 0.549136207372024, 28.6083431243896, -80.599739074707, -290.135885743022, -102.86243329027, 15, 3.35012407742438, 12.2595975953071, 8.22899466322163, 1.41441249749849, 7.10848511654399, 14.1440444098753, 59.7671964059399
47488.8888679128, -16.2375399130861, 501.746978759766, -15, 0.544305750574892, 28.6083450317383, -80.599739074707, -290.135885743022, -102.650345798959, 15, 3.53366038954772, 12.0219375781229, 7.9999401725716, 1.55869704200476, 6.67453354981655, 13.7266200585424, 60.8373096209078
47488.9488679128, -16.2259697597332, 500.637420654297, -15, 0.547805130247357, 28.6083450317383, -80.599739074707, -290.135885743022, -102.650345798959, 15, 3.71988380742584, 11.7783664888315, 8.21202766391673, 1.7008980188904, 6.78313972116398, 13.5679892501701, 59.9454410808157
47489.0088679128, -16.2156841399753, 499.648773193359, -15, 0.548408379426133, 28.6083469390869, -80.5997314453125, -289.287535777777, -102.438258307648, 15, 3.9088621642761, 11.5306977535857, 7.9829731732667, 1.84154288108557, 6.35874650283165, 13.1469713197957, 61.0107619494827
47489.0688679128, -16.2034554714231, 498.978424072266, -15, 0.54550807109024, 28.6083469390869, -80.5997314453125, -289.287535777777, -102.438258307648, 15, 4.10055616534428, 11.2800481764202, 8.19506066461184, 1.98088567007432, 6.46278938272168, 12.9794318031051, 60.0823377421019
47489.1288679128, -16.1925033492027, 497.990325927734, -15, 0.545768520859045, 28.6083488464355, -80.5997314453125, -289.287535777777, -102.226170816337, 15, 4.29419916790101, 11.0346100389616, 7.96600617396183, 2.11791969517707, 6.05007965456888, 12.5663070140721, 61.1601108328465
47489.1888679128, -16.1814821156519, 496.882720947266, -15, 0.544846881009681, 28.6083488464355, -80.599723815918, -288.439185812532, -102.226170816337, 15, 4.48962239894986, 10.7886061033385, 8.17809366530695, 2.25293001060227, 6.16636446064372, 12.4083549420194, 60.1508597756046
47489.2488679127, -16.1716892052961, 495.895294189453, -15, 0.54546838714553, 28.6083507537842, -80.599723815918, -288.439185812532, -102.014083325026, 15, 4.6867379317404, 10.5413324038104, 7.94903917465691, 2.38557504713968, 5.75931589537641, 11.9964184902123, 61.2541192156604
47489.3088679127, -16.1626259760149, 494.907958984375, -15, 0.545939040922686, 28.6083526611328, -80.599723815918, -288.439185812532, -101.801995833714, 15, 4.88507513032384, 10.2971800625, 7.93207217535203, 2.51605218078997, 5.60731157670109, 11.7104397003541, 61.3382239725355
47489.3688679127, -16.1523953446697, 493.802093505859, -15, 0.544331139364535, 28.6083526611328, -80.5997161865234, -287.590835847288, -101.801995833714, 15, 5.08521932261309, 10.0448859630974, 8.14415966669716, 2.64457328605763, 5.73045127565133, 11.5499115237865, 60.2105093451815
47489.4288679127, -16.1410789175766, 492.8154296875, -15, 0.542322975489529, 28.6083545684814, -80.5997161865234, -287.590835847288, -101.589908342403, 15, 5.28559509507496, 9.80794787735863, 7.91510517604713, 2.77115937546957, 5.32611910561719, 11.1483451947099, 61.4132933471362
47489.4888679127, -16.1310943618279, 492.268402099609, -15, 0.542832329062039, 28.6083564758301, -80.5997161865234, -287.590835847288, -101.377820851092, 15, 5.48571923797138, 10.0782369834674, 7.89813817674224, 2.89516417248742, 5.18576765837702, 11.3218802364425, 62.6832752680052
47489.5488679127, -16.1208801815959, 491.163116455078, -15, 0.54191794377748, 28.6083583831787, -80.5997085571289, -286.742485882043, -101.165733359781, 15, 5.68592593989366, 9.34244143801599, 7.88117117743733, 3.01675666847363, 5.04653792305275, 10.6076639584137, 61.5479244890698
47489.6088679127, -16.1105013280783, 490.178283691406, -15, 0.540960678616132, 28.6083583831787, -80.5997085571289, -286.742485882043, -101.165733359781, 15, 5.88439572695337, 9.12711620473565, 8.09325866878247, 3.13709439243668, 5.17215906271024, 10.479918623738, 60.3899225324337
47489.6688679127, -16.0988870934537, 489.193298339844, -15, 0.538582161790049, 28.6083602905273, -80.5997009277344, -285.894135916798, -100.95364586847, 15, 6.0802410804363, 8.9236979716791, 7.86420417813243, 3.25624460485152, 4.76895331025997, 10.108957598992, 61.8103902646292
47489.7288679127, -16.087888050228, 488.208984375, -15, 0.537958868149125, 28.608362197876, -80.5997009277344, -285.894135916798, -100.741558377159, 15, 6.2751584490388, 8.70431188309166, 7.84723717882754, 3.3725223671442, 4.64046892645562, 9.85560786393964, 61.8712927723323
47489.7888679127, -16.0757567517816, 487.225250244141, -15, 0.535390073008027, 28.6083641052246, -80.5996932983398, -285.045785951553, -100.529470885847, 15, 6.4688465777403, 8.48929721971437, 7.83027017952267, 3.4860324141196, 4.51418016675528, 9.6071114323336, 61.9357725152802
47489.8488679127, -16.0627471385708, 486.121795654297, -15, 0.532642540168465, 28.6083660125732, -80.5996932983398, -285.045785951553, -100.317383394536, 15, 6.65840475486976, 8.30813188003225, 7.81330318021775, 3.59557346594008, 4.40459109478858, 9.39623653761729, 62.0096781789396
47489.9088679126, -16.0499173823914, 485.138610839844, -15, 0.530810270702823, 28.6083679199219, -80.5996856689453, -284.197435986309, -100.105295903225, 15, 6.84156064485692, 8.15726274709315, 7.79633618091285, 3.6978083667605, 4.33706944133859, 9.23167348366041, 61.9435867055002
47489.9688679126, -16.0334452104652, 484.156097412109, -15, 0.524286391107089, 28.6083698272705, -80.5996856689453, -284.197435986309, -99.8932084119138, 15, 7.01660963148999, 8.03306303090785, 7.77936918160799, 3.79032630667784, 4.30525054904288, 9.1073393633427, 61.7555143160724
47490.0288679126, -16.0142996833562, 483.612030029297, -15, 0.517443283327161, 28.6083717346191, -80.5996780395508, -283.349086021064, -99.6811209206026, 15, 7.18161515328284, 7.94018208408183, 7.76240218230306, 3.87109617223629, 4.30778183842023, 9.02687558868354, 61.4645461662763
47490.0888679126, -15.9942753505517, 482.630035400391, -15, 0.511684038176735, 28.6083736419678, -80.5996780395508, -283.349086021064, -99.4690334292914, 15, 7.33559997213532, 7.8702059708963, 7.74543518299818, 3.94003719085919, 4.32526392507622, 8.97386185853552, 61.1547745250986
47490.1488679126, -15.9745970607281, 481.647979736328, -15, 0.50702488257983, 28.6083755493164, -80.5996704101563, -282.500736055819, -99.2569459379802, 15, 7.47745314874462, 7.82581210952634, 7.72846818369327, 3.99562209923264, 4.37400244602829, 8.95857492690798, 60.7460638055546
47490.2088679126, -15.9532009358004, 480.666412353516, -15, 0.499894506162033, 28.608377456665, -80.5996627807617, -281.652386090574, -99.044858446669, 15, 7.60643995766083, 7.80412775180307, 7.71150118438841, 4.03675458462504, 4.45101214218487, 8.97737156086263, 60.2506143073602
47490.2688679126, -15.9318129464412, 479.684906005859, -15, 0.494141528897628, 28.6083793640137, -80.5996627807617, -281.652386090574, -98.8327709553578, 15, 7.72253982747144, 7.79804377520971, 7.69453418508348, 4.06462387540068, 4.53201848646237, 9.01230539492692, 59.7850107584529
47490.3288679126, -15.9106927036004, 478.703460693359, -15, 0.488648631970411, 28.6083812713623, -80.5996551513672, -280.80403612533, -98.6206834640467, 15, 7.82806114767098, 7.78150685040871, 7.67756718577859, 4.08305685665352, 4.58605831123339, 9.02520099369988, 59.4365282999143
47490.3888679126, -15.8904703196846, 477.722381591797, -15, 0.483979305133742, 28.6083831787109, -80.5996551513672, -280.80403612533, -98.4085959727355, 15, 7.92481665068228, 7.75730352870045, 7.66060018647372, 4.09579955004084, 4.60944843904861, 9.01624837555574, 59.2311043908251
47490.4488679126, -15.8719914719251, 476.742034912109, -15, 0.480656687242358, 28.6083850860596, -80.5996475219727, -279.955686160085, -98.1965084814243, 15, 8.01408199135294, 7.7292782941186, 7.6436331871688, 4.10522290459739, 4.61309644889698, 8.99405904678395, 59.120510581876
47490.5088679125, -15.8553263432745, 475.761199951172, -15, 0.478068047402549, 28.6083869934082, -80.5996398925781, -279.10733619484, -97.9844209901131, 15, 8.09662552129195, 7.70158619020559, 7.62666618786392, 4.11281812938764, 4.60401138648349, 8.96568337551753, 59.0801054635368
47490.5688679125, -15.8397069188898, 474.780822753906, -15, 0.475210818626609, 28.6083889007568, -80.5996398925781, -279.10733619484, -97.7723334988019, 15, 8.17297980696974, 7.67594970212952, 7.60969918855901, 4.11955623379913, 4.58623055158541, 8.93463333036648, 59.0939183345824
47490.6288679125, -15.8242991275117, 473.801116943359, -15, 0.471696960296407, 28.6083927154541, -80.5996322631836, -278.258986229596, -97.3481585161795, 15, 8.24356056448018, 7.65304193846031, 7.36367769860409, 4.12610291828139, 4.28700548642115, 8.7657286450331, 60.6938403973142
47490.6888679125, -15.8097788091297, 472.821136474609, -15, 0.469057730200835, 28.6083946228027, -80.5996322631836, -278.258986229596, -97.1360710248684, 15, 8.30858550858357, 7.63458498830999, 7.55879819064435, 4.13319500508966, 4.50924091134968, 8.86000050593991, 59.3840780222505
47490.7488679125, -15.7969116980463, 471.841705322266, -15, 0.467679293610219, 28.6083965301514, -80.5996246337891, -277.410636264351, -96.9239835335572, 15, 8.36940063124097, 7.60768341520819, 7.54183119133943, 4.14385495945564, 4.44244867710054, 8.80318318989966, 59.6691593009552
47490.8288679125, -15.7854408577618, 471.300506591797, -15, 0.466610839068668, 28.6083984375, -80.5996170043945, -276.562286299106, -96.711896042246, 15, 8.42719616533065, 7.57246834228288, 7.52486419203455, 4.16010052381474, 4.34875635896422, 8.7260343261191, 60.0835487103773
47490.8888679125, -15.7742776551784, 470.320861816406, -15, 0.464724755751379, 28.6084003448486, -80.5996170043945, -276.562286299106, -96.4998085509348, 15, 8.4817884213526, 7.54290134268554, 7.50789719272964, 4.17974793917936, 4.27279744085207, 8.66293980809634, 60.4216574301389
47490.9488679125, -15.7637153169144, 469.341796875, -15, 0.463291686662494, 28.6084022521973, -80.599609375, -275.713936333861, -96.2877210596236, 15, 8.53408933690746, 7.50693319509152, 7.49093019342475, 4.2043192459299, 4.17568452628649, 8.58431502497602, 60.8671224392097
47491.0088679125, -15.7534754651881, 468.362701416016, -15, 0.461724911148483, 28.6084041595459, -80.5996017456055, -274.865586368617, -96.0756335683124, 15, 8.58477390110196, 7.46612436732301, 7.47396319411988, 4.23456200341791, 4.06426195146543, 8.49515192485838, 61.3899059930117
47491.0688679125, -15.7444456709485, 467.384338378906, -15, 0.461354711704372, 28.6084079742432, -80.5996017456055, -274.865586368617, -95.6514585856901, 15, 8.63430211905974, 7.42207338687065, 7.22794170416493, 4.27072051699075, 3.66826271908638, 8.27453641306619, 63.6515507617617
47491.1288679124, -15.7365674842574, 466.405120849609, -15, 0.461372812437548, 28.6084098815918, -80.5995941162109, -274.017236403372, -95.4393710943789, 15, 8.68312883834759, 7.37428643312213, 7.42306219620517, 4.31301683330266, 3.79213972977723, 8.2873945976989, 62.7386601700984
47491.1888679124, -15.7287716731797, 470.304595947266, -15, 0.46050944937014, 28.6084117889404, -80.5995864868164, -273.168886438127, -95.2272836030677, 15, 8.73168081354004, 7.32253249535679, 7.40609519690029, 4.361653476724, 3.65183875243312, 8.17818454749429, 63.4471320321414
47491.2488679124, -15.7220387861968, 465.225402832031, -15, 0.460868181014375, 28.6084156036377, -80.5995788574219, -272.320536472882, -94.8031086204453, 15, 8.78036208931694, 7.26655374132566, 7.16007370694537, 4.4178655766184, 3.21504920474921, 7.94253446003358, 66.0874830601875
47491.3088679124, -15.7167267802341, 463.784606933594, -15, 0.462077626486591, 28.6084175109863, -80.5995788574219, -272.320536472882, -94.5910211291341, 15, 8.82937501706291, 7.20812408332846, 7.35519419898559, 4.4794168963439, 3.32366547958854, 7.93381694574665, 65.2002658421343
47491.3688679124, -15.7111714066159, 462.698150634766, -15, 0.461786184879293, 28.608419418335, -80.5995712280273, -271.472186507638, -94.378933637823, 15, 8.87867123526999, 7.14980851412665, 7.33822719968072, 4.54543116876199, 3.18113410420634, 7.82219810269681, 65.9701321233977
47491.4288679124, -15.7058159847412, 461.879333496094, -15, 0.461928090536222, 28.6084213256836, -80.5995635986328, -270.623836542393, -94.1668461465118, 15, 8.92894117848784, 7.08338996744824, 7.3212602003758, 4.61763856260076, 3.01381579119954, 7.69487933799426, 66.9082698431157
47491.4888679124, -15.7013341030643, 461.520233154297, -15, 0.462967290339244, 28.6084251403809, -80.5995559692383, -269.775486577148, -93.7426711638894, 15, 8.97904302080724, 7.02856133983671, 7.07523871042088, 4.69124751104414, 2.61767411379268, 7.49789847550116, 69.532429494483
47491.5488679124, -15.6962911836704, 463.087585449219, -15, 0.464318364092252, 28.6084270477295, -80.5995559692383, -269.775486577148, -93.5305836725782, 15, 9.02877841025901, 6.9761261341248, 7.27035920246111, 4.76478994183569, 2.76573630536556, 7.50185247729001, 68.3328548914123
47491.6088679124, -15.690344792934, 463.579467773438, -15, 0.462207341183475, 28.6084289550781, -80.5995483398438, -268.927136611903, -93.318496181267, 15, 9.07837206566508, 6.9215840648547, 7.25339220315623, 4.83810235917499, 2.66115031382157, 7.4132016650023, 68.9298492494125
47491.6688679124, -15.6842703229033, 462.601593017578, -15, 0.461723631394151, 28.6084327697754, -80.5995407104492, -268.078786646659, -92.8943211986447, 15, 9.1281875135434, 6.86311069016919, 7.00737071320131, 4.9121768984319, 2.27067097587878, 7.22727814265324, 71.65668420749
47491.7288679124, -15.6789077128552, 461.624450683594, -15, 0.462208527165489, 28.608434677124, -80.5995407104492, -268.078786646659, -92.6822337073335, 15, 9.17692510306436, 6.818898011257, 7.20249120524153, 4.98183532950353, 2.46671892442622, 7.24936644910001, 70.0748846078759
47491.7888679123, -15.6728227012256, 460.647338867188, -15, 0.46119098929909, 28.6084384918213, -80.5995330810547, -267.230436681414, -92.2580587247111, 15, 9.22451379660662, 6.77674583051655, 6.95646971528663, 5.04613423832926, 2.14907586964289, 7.1078303516, 72.3702051424633
47491.8488679123, -15.6652031475388, 459.670837402344, -15, 0.458859992218645, 28.6084403991699, -80.5995254516602, -266.382086716169, -92.0459712333999, 15, 9.27188357435887, 6.7255281249692, 7.15159020732685, 5.10732980492974, 2.34204575866939, 7.11987978061952, 70.7642795887784
47491.9088679123, -15.6569285896362, 458.813354492188, -15, 0.456975117979635, 28.6084423065186, -80.5995178222656, -265.533736750924, -91.8338837420887, 15, 9.31846638624593, 6.6809073295255, 7.13462320802197, 5.16193309614844, 2.32326777793644, 7.07160578790463, 70.78956261717
47491.9688679123, -15.6491743736885, 457.836883544922, -15, 0.456254573017193, 28.6084461212158, -80.5995178222656, -265.533736750924, -91.4097087594664, 15, 9.3646879268357, 6.63243538103467, 6.88860171806703, 5.21119369352713, 2.0233626563592, 6.93288477482164, 73.0021483289457
47492.0288679123, -15.642698648804, 456.860290527344, -15, 0.456657788228954, 28.6084480285645, -80.5995101928711, -264.68538678568, -91.1976212681552, 15, 9.41063837457637, 6.583359389212, 7.08372221010727, 5.25307310261143, 2.38722688087536, 7.00102626027978, 70.0334463912368
47492.0888679123, -15.6356792176991, 455.883697509766, -15, 0.455303964922802, 28.6084518432617, -80.5995025634766, -263.837036820435, -90.7734462855328, 15, 9.4712432450857, 6.36740657094323, 6.83770072015236, 5.29636571649438, 1.92214418655563, 6.65005872075464, 73.1726931502005
47492.1488679123, -15.628369164512, 455.027526855469, -15, 0.454022866072582, 28.6084537506104, -80.599494934082, -262.98868685519, -90.5613587942216, 15, 9.51728715111345, 6.46105315625772, 7.0328212121926, 5.32147601663452, 2.30900636141021, 6.85959893743626, 70.3008718609984
47492.2088679123, -15.6209117425924, 454.058258056641, -15, 0.452779825255046, 28.608455657959, -80.599494934082, -262.98868685519, -90.3492713029104, 15, 9.56434896574027, 6.39766128333328, 7.01585421288771, 5.33942059685248, 2.33977552538541, 6.81042184429309, 69.8780347900532
47492.2688679123, -15.6147351296495, 453.081695556641, -15, 0.453220726280798, 28.6084594726563, -80.5994873046875, -262.140336889945, -89.925096320288, 15, 9.61418764291953, 6.31331773260316, 6.76983272293276, 5.35418547875578, 2.05947825065365, 6.63944653609129, 71.9024844311368
47492.3288679123, -15.6088582303171, 452.106414794922, -15, 0.452946302580427, 28.6084613800049, -80.599479675293, -261.291986924701, -89.7130088289769, 15, 9.66441795195896, 6.25232639238174, 6.96495321497304, 5.3604600308296, 2.37195937283213, 6.68546364145176, 69.1923232005114
47492.3888679122, -15.6026393683274, 451.250183105469, -15, 0.451981707008307, 28.6084651947021, -80.5994720458984, -260.443636959456, -89.2888338463545, 15, 9.716217646735, 6.17764317069329, 6.71893172501807, 5.36141333134269, 2.1296166509223, 6.53306608826504, 70.9492370712377
47492.4488679122, -15.5948386702702, 450.274230957031, -15, 0.449327747072654, 28.6084671020508, -80.5994644165039, -259.595286994211, -89.0767463550433, 15, 9.77076971241086, 6.08779452105181, 6.91405221705835, 5.35959250038065, 2.39462022911076, 6.54017206448402, 68.4968435172369
47492.5088679122, -15.5897478314077, 449.298858642578, -15, 0.451318871017613, 28.608470916748, -80.5994644165039, -259.595286994211, -88.652571372421, 15, 9.82753553785767, 6.00064141147929, 6.6680307271034, 5.35408967101705, 2.14360618505607, 6.3707087983768, 70.3127951255684
47492.5688679122, -15.5858765348475, 448.443298339844, -15, 0.452544267249937, 28.6084728240967, -80.5994567871094, -258.746937028966, -88.4404838811098, 15, 9.88768898553525, 5.89764843856136, 6.86315121914364, 5.34732533668756, 2.39939252189012, 6.36545302286705, 67.8320989261401
47492.6288679122, -15.5801068646941, 447.468597412109, -15, 0.450394741787756, 28.6084766387939, -80.5994491577148, -257.898587063722, -88.0163088984874, 15, 9.95111841861979, 5.7918025937333, 6.61712972918872, 5.33897573418875, 2.13080583103524, 6.17007567603074, 69.7740511350986
47492.6888679122, -15.5758470337223, 446.493316650391, -15, 0.451676549818093, 28.6084785461426, -80.5994415283203, -257.050237098477, -87.8042214071762, 15, 10.018130824295, 5.67854710251609, 6.86527209406526, 5.33130429474035, 2.43192114639957, 6.17582044063823, 66.7885166459735
47492.7488679122, -15.5711622415383, 445.518615722656, -15, 0.451161985325264, 28.6084823608398, -80.5994338989258, -256.201887133232, -87.3800464245539, 15, 10.0885840095375, 5.56254233413991, 6.56622873127405, 5.32369616495628, 2.08231128968717, 5.93837223504454, 69.4514183661088
47492.8088679122, -15.5672811923847, 444.663635253906, -15, 0.451981195099508, 28.6084842681885, -80.5994338989258, -256.201887133232, -87.1679589332427, 15, 10.1627655224594, 5.43914358251951, 6.76134922331427, 5.31826593255326, 2.30205903517951, 5.90489864454237, 67.0346354350048
47492.8688679122, -15.5635164867188, 443.688934326172, -15, 0.452262815199464, 28.6084880828857, -80.5994262695313, -255.353537167987, -86.7437839506203, 15, 10.2398629625417, 5.32032346503467, 6.51532773335935, 5.31347750467963, 2.00688242552404, 5.68522957966704, 69.3096529836188
47492.9288679122, -15.5599158811779, 442.714904785156, -15, 0.452639070730525, 28.6084899902344, -80.5994186401367, -254.505187202743, -86.5316964593091, 15, 10.3202284615152, 5.19401214027179, 6.71044822539958, 5.31168874378565, 2.21401611493261, 5.64501488875564, 66.8900532895695
47492.9888679122, -15.5557477114637, 441.859924316406, -15, 0.452166075834508, 28.6084938049316, -80.5994110107422, -253.656837237498, -86.1075214766867, 15, 10.4025891329535, 5.07798605641431, 6.46442673544466, 5.3111572938195, 1.90754691933064, 5.4235730571564, 69.3900732663999
47493.0488679121, -15.5530674937806, 440.885894775391, -15, 0.453993151268475, 28.6084957122803, -80.5994033813477, -252.808487272253, -85.8954339853755, 15, 10.4869465881353, 5.17129335347497, 6.65954722748493, 5.31361931642176, 2.10960991371389, 5.58396244341728, 67.7844838036167
47493.1088679121, -15.5499469282583, 439.912475585938, -15, 0.454027809311314, 28.6084995269775, -80.5993957519531, -251.960137307008, -85.4712590027532, 15, 10.5722144658154, 4.85163070860587, 6.41352573752998, 5.3165542021559, 1.80679181448857, 5.17638972636875, 69.5549070289086
47493.1688679121, -15.5466600074648, 439.058166503906, -15, 0.454214391623422, 28.6085014343262, -80.5993957519531, -251.960137307008, -85.259171511442, 15, 10.6575825476318, 4.75079241953523, 6.60864622957023, 5.32159899633729, 2.01455579578311, 5.15937571350978, 67.001443036804
47493.2288679121, -15.5418113627454, 438.084686279297, -15, 0.452598931218401, 28.6085033416748, -80.5993881225586, -251.111787341764, -85.0470840201308, 15, 10.7413924290051, 4.66835773086196, 6.59167923026532, 5.32592350129241, 1.9969683363722, 5.07667381595144, 66.8216304018686
47493.2888679121, -15.5366252585661, 437.111267089844, -15, 0.451853149105536, 28.6085071563721, -80.5993804931641, -250.263437376519, -84.6229090375084, 15, 10.8250655881351, 4.57182212298627, 6.3456577403104, 5.33203356313885, 1.67716307980074, 4.86913347567755, 69.8375235250505
47493.3488679121, -15.5331252511227, 436.258117675781, -15, 0.453457602494746, 28.6085090637207, -80.5993728637695, -249.415087411274, -84.4108215461972, 15, 10.9075941685953, 4.48668905663173, 6.54077823235065, 5.33813152740369, 1.90483267697004, 4.87353528119489, 66.9789780481411
47493.4088679121, -15.5294368483774, 435.285308837891, -15, 0.453413555856563, 28.608512878418, -80.599365234375, -248.56673744603, -83.9866465635749, 15, 10.9882593509835, 4.41093186287819, 6.29475674239573, 5.34469389591816, 1.59765804201758, 4.69081935044523, 70.0736473082203
47493.4688679121, -15.5244426292981, 434.312530517578, -15, 0.451901015834035, 28.6085147857666, -80.5993576049805, -247.718387480785, -83.7745590722637, 15, 11.0671534289606, 4.33632972136217, 6.48987723443595, 5.35310008597312, 1.80395905528104, 4.69593521154842, 67.3961237598907
47493.5288679121, -15.5193427947257, 433.459381103516, -15, 0.451331097478099, 28.6085186004639, -80.5993499755859, -246.87003751554, -83.3503840896413, 15, 11.1426302289555, 4.28224476305781, 6.24385574448103, 5.36037710035347, 1.51182269401295, 4.54081165823867, 70.5400386672521
47493.5888679121, -15.5133588896801, 432.486602783203, -15, 0.449740886734065, 28.6085205078125, -80.5993499755859, -246.87003751554, -83.1382965983301, 15, 11.2147806968713, 4.23119865393707, 6.43897623652128, 5.36823614804233, 1.73135853820156, 4.57112599950087, 67.7309739079096
47493.648867912, -15.50770943203, 431.514343261719, -15, 0.449282938132945, 28.6085243225098, -80.5993423461914, -246.021687550295, -82.7141216157078, 15, 11.2823256044298, 4.19843097308296, 6.19295474656635, 5.37427302898198, 1.44760136965362, 4.44056530382412, 70.9620922276943
47493.708867912, -15.5027342530774, 430.661834716797, -15, 0.449362968225548, 28.608528137207, -80.5993347167969, -245.173337585051, -82.2899466330854, 15, 11.3452292287872, 4.17155231833554, 6.15902074795656, 5.37943971803803, 1.40985021190979, 4.40295500964354, 71.3127970893417
47493.768867912, -15.4967665809747, 429.689666748047, -15, 0.447639121501861, 28.6085300445557, -80.5993270874023, -244.324987619806, -82.0778591417742, 15, 11.4036652435632, 4.14826299728011, 6.35414123999682, 5.38411481052083, 1.64388267296966, 4.4615818300563, 68.3680013235955
47493.828867912, -15.4906692543126, 428.717346191406, -15, 0.446564153133616, 28.6085338592529, -80.5993194580078, -243.476637654561, -81.6536841591518, 15, 11.4578141225586, 4.12828101182282, 6.10811975004187, 5.39067833706304, 1.3223267774237, 4.3345386373409, 72.2263238976336
47493.888867912, -15.4850836104913, 427.864868164063, -15, 0.446211548803729, 28.6085357666016, -80.5993118286133, -242.628287689316, -81.4415966678406, 15, 11.5072676626307, 4.11798579238025, 6.30324024208211, 5.39759275399079, 1.54520855219547, 4.39788171251929, 69.418250855973
47493.948867912, -15.4790674472052, 426.893188476563, -15, 0.444883519609932, 28.6085395812988, -80.5993041992188, -241.779937724072, -81.0174216852183, 15, 11.5523083055252, 4.11013460770605, 6.0572187521272, 5.40378761091062, 1.25013659471086, 4.29573814587006, 73.0699400905202
47494.008867912, -15.4729695534509, 425.921661376953, -15, 0.443795162044898, 28.6085414886475, -80.5992965698242, -240.931587758827, -80.8053341939071, 15, 11.59236605754, 4.11393879445809, 6.25233924416744, 5.40884187613417, 1.49012808227616, 4.37506076846928, 70.075178778103
47494.068867912, -15.4664935595056, 425.069702148438, -15, 0.442289161652445, 28.6085453033447, -80.5992889404297, -240.083237793582, -80.3811592112847, 15, 11.6262591850657, 4.13693753081625, 6.00631775421249, 5.41161118440285, 1.214785517902, 4.31130961440331, 73.62315350092
47494.128867912, -15.4604136915796, 424.098052978516, -15, 0.441568560572764, 28.6085472106934, -80.5992813110352, -239.234887828337, -80.1690717199735, 15, 11.6547351444165, 4.1589452202666, 6.20143824625275, 5.41393456207077, 1.45107386336766, 4.40440020232029, 70.7521492481192
47494.188867912, -15.4551705507502, 423.246124267578, -15, 0.441534088473544, 28.6085510253906, -80.5992736816406, -238.386537863093, -79.7448967373512, 15, 11.6777031034595, 4.18845705063922, 5.95541675629783, 5.41441911499147, 1.17397945797671, 4.34959127117026, 74.3301607231164
47494.2488679119, -15.4491789864553, 422.274475097656, -15, 0.439861313493506, 28.6085529327393, -80.5992736816406, -238.386537863093, -79.53280924604, 15, 11.6958887410585, 4.21643996672322, 6.15053724833805, 5.41478781868013, 1.40928154597692, 4.4453181851955, 71.5047531233184
47494.3088679119, -15.4436981691135, 421.303405761719, -15, 0.439425703524743, 28.6085567474365, -80.5992660522461, -237.538187897848, -79.1086342634176, 15, 11.7094482206131, 4.24840450277732, 5.90451575838315, 5.41413415651322, 1.12535804014973, 4.39466149690761, 75.1515946768766
47494.3688679119, -15.4382042069931, 420.451477050781, -15, 0.438531777315281, 28.6085586547852, -80.5992584228516, -236.689837932603, -78.8965467721064, 15, 11.7191847358943, 4.27691881633641, 6.09963625042337, 5.41434824384918, 1.35097940356859, 4.48483986086652, 72.4561169760825
47494.4488679119, -15.4330375984958, 419.480438232422, -15, 0.438037041397613, 28.6085624694824, -80.599250793457, -235.841487967358, -78.4723717894841, 15, 11.7253465371044, 4.30723658767937, 5.85361476046847, 5.41450553120227, 1.05639633616528, 4.43465411836963, 76.2078622106838
47494.5088679119, -15.4279027742545, 418.508819580078, -15, 0.437293306903685, 28.6085643768311, -80.5992431640625, -234.993138002114, -78.2602842981729, 15, 11.7288780266696, 4.33126458983827, 6.04873525250869, 5.41659748902399, 1.26906315519623, 4.51301508450046, 73.6559148883361
47494.5688679119, -15.4233601080372, 417.657501220703, -15, 0.437239785760665, 28.6085681915283, -80.599235534668, -234.144788036869, -77.8361093155505, 15, 11.7299529113777, 4.3565028050157, 5.80271376255378, 5.41947329766335, 0.962777832984253, 4.4614202664105, 77.5269873138012
47494.6288679119, -15.4190251596432, 416.686401367188, -15, 0.436935980067915, 28.608570098877, -80.5992279052734, -233.296438071624, -77.6240218242393, 15, 11.729808271622, 4.37083373240029, 5.997834254594, 5.42597092601679, 1.15325019025889, 4.52013191283233, 75.2065254344125
47494.6888679119, -15.4142465167305, 415.715423583984, -15, 0.435897517020592, 28.6085739135742, -80.5992202758789, -232.448088106379, -77.1998468416169, 15, 11.7281763185448, 4.38962830351736, 5.75181276463908, 5.432850021313, 0.846146196175301, 4.47027948206291, 79.0794291219619
47494.7488679119, -15.4099660048777, 414.864166259766, -15, 0.435830319510496, 28.6085758209229, -80.5992126464844, -231.599738141135, -76.9877593503058, 15, 11.7261406670264, 4.39807238535282, 5.94693325667933, 5.44300030286887, 1.03570094592689, 4.51814225811139, 76.7369946828949
47494.8088679119, -15.4064318443288, 413.892456054688, -15, 0.436257910243704, 28.6085796356201, -80.5992050170898, -230.75138817589, -76.5635843676834, 15, 11.723980664828, 4.40387350639185, 5.70091176672441, 5.45480352046241, 0.70992960143705, 4.46061755709889, 80.8337380405173
47494.8688679119, -15.4027213378914, 413.041107177734, -15, 0.435834916775164, 28.6085834503174, -80.5991973876953, -229.903038210645, -76.139409385061, 15, 11.7220110517705, 4.40629994401977, 5.66697776811462, 5.46913905746967, 0.62680166778181, 4.45057127559844, 81.8962010082379
47494.9288679118, -15.3980319054561, 412.070129394531, -15, 0.434337467852191, 28.6085872650146, -80.5991897583008, -229.0546882454, -75.7152344024386, 15, 11.7200180286123, 4.41089366199907, 5.6330437695048, 5.48300442756593, 0.574234118050386, 4.44804182001257, 82.5755128881259
47494.9888679118, -15.3935107550528, 411.099060058594, -15, 0.433849774982585, 28.6085891723633, -80.5991821289063, -228.206338280156, -75.5031469111275, 15, 11.7192645677607, 4.40137063321127, 5.82816426154507, 5.49987313241153, 0.758299889863186, 4.4660889646971, 80.2154813339418
47495.0488679118, -15.3902990820554, 410.248413085938, -15, 0.434827234201324, 28.6085929870605, -80.5991744995117, -227.357988314911, -75.0789719285051, 15, 11.7200660701978, 4.38682715775594, 5.58214277159013, 5.51939131095496, 0.413195201559077, 4.4062057419502, 84.6140026676685
47495.1088679118, -15.3880978300084, 409.27734375, -15, 0.43679973633755, 28.6085948944092, -80.5991668701172, -226.509638349666, -74.8668844371939, 15, 11.7222951675454, 4.37184291473066, 5.77726326363037, 5.53961964957725, 0.616106771039198, 4.41495878349882, 81.9708197217761
47495.1688679118, -15.3847746801025, 408.306396484375, -15, 0.435231291356312, 28.6085987091064, -80.5991592407227, -225.661288384422, -74.4427094545715, 15, 11.7253280896108, 4.36212996421795, 5.53124177367546, 5.55650481787174, 0.334035326596717, 4.37487619902805, 85.6168610400011
47495.2288679118, -15.3804361581314, 407.455047607422, -15, 0.433791047654255, 28.6086006164551, -80.5991516113281, -224.812938419177, -74.2306219632604, 15, 11.7294345757943, 4.3484288788704, 5.72636226571571, 5.5710226006074, 0.574525637153426, 4.38614630694796, 82.4665043971763
47495.2888679118, -15.37608819122, 406.484619140625, -15, 0.433172254679614, 28.6086044311523, -80.5991439819336, -223.964588453932, -73.806446980638, 15, 11.7355203522162, 4.32329173256445, 5.48034077576077, 5.58334146664432, 0.286444576539603, 4.33275271866675, 86.2057705979534
47495.3488679118, -15.3729216483467, 405.63330078125, -15, 0.434008922506967, 28.608606338501, -80.5991363525391, -223.116238488687, -73.5943594893268, 15, 11.743733058, 4.29412095216685, 5.675461267801, 5.59426536348218, 0.5214789003179, 4.32561043556832, 83.0695660503689
47495.4088679118, -15.3707730477731, 404.662292480469, -15, 0.435110086670688, 28.6086101531982, -80.5991287231445, -222.267888523443, -73.1701845067044, 15, 11.7544018245954, 4.2587051830377, 5.42943977784608, 5.60260311451416, 0.242005371194544, 4.265563097793, 86.744624748765
47495.4688679118, -15.3683239425069, 403.69189453125, -15, 0.434984995814319, 28.6086120605469, -80.59912109375, -221.419538558198, -72.9580970153932, 15, 11.7679096795506, 4.21604412768046, 5.62456026988631, 5.60993333101297, 0.477437823340852, 4.2429427758077, 83.5334629637958
47495.5288679117, -15.3651005593106, 402.841217041016, -15, 0.434145712604999, 28.6086158752441, -80.5991134643555, -220.571188592953, -72.5339220327709, 15, 11.784276418263, 4.16974463779725, 5.37853877993141, 5.61428984066094, 0.206579841694184, 4.17484972283927, 87.1612442135799
47495.5888679117, -15.3608899761652, 401.870208740234, -15, 0.43272148265079, 28.6086196899414, -80.5991134643555, -220.571188592953, -72.1097470501485, 15, 11.8040379137389, 4.11400085283706, 5.34460478132162, 5.61804726395194, 0.176515803226766, 4.11777941142936, 87.5410615571158
47495.6488679117, -15.3579773413395, 401.01953125, -15, 0.433711984344195, 28.60862159729, -80.5991058349609, -219.722838627708, -71.8976595588373, 15, 11.8265299783875, 4.06160876554052, 5.53972527336184, 5.61787972658798, 0.440670594166875, 4.08540462454399, 83.8027378928203
47495.7088679117, -15.3553007397951, 400.049102783203, -15, 0.433903940346913, 28.6086254119873, -80.5990982055664, -218.874488662464, -71.4734845762149, 15, 11.8618515490398, 3.89281070977084, 5.29370378340692, 5.61674267184168, 0.156310622408295, 3.8959428416738, 87.6988343743974
47495.7688679117, -15.3528838499445, 398.648773193359, -15, 0.434212262367722, 28.6086273193359, -80.5990905761719, -218.026138697219, -71.2613970849037, 15, 11.8920225482036, 3.9099760121385, 5.48882427544717, 5.61313024300497, 0.419469284788287, 3.93237761063799, 83.8719609558647
47495.8288679117, -15.3506181281465, 397.798675537109, -15, 0.434483801410021, 28.6086311340332, -80.5990829467773, -217.177788731974, -70.8372221022814, 15, 11.9251943119967, 3.84200713270014, 5.24280278549225, 5.60538866703425, 0.174607307824988, 3.84596682386949, 87.3959306644972
47495.8888679117, -15.3480010998325, 396.828277587891, -15, 0.434188237953832, 28.6086330413818, -80.5990753173828, -216.329438766729, -70.6251346109702, 15, 11.9621085216426, 3.76210835747932, 5.43792327753247, 5.59619536040605, 0.434206209554549, 3.78704677783602, 83.4116710481234
47495.9488679117, -15.3447788390131, 395.857879638672, -15, 0.433429309721613, 28.6086368560791, -80.5990676879883, -215.481088801485, -70.2009596283478, 15, 12.0014839843388, 3.69204438134562, 5.19190178757757, 5.58324150903046, 0.191895686906497, 3.69702105570272, 87.0226522715138
47496.0088679117, -15.3422547311824, 395.007781982422, -15, 0.434028224940014, 28.6086387634277, -80.5990600585938, -214.63273883624, -69.9888721370366, 15, 12.0434350220458, 3.61772132497087, 5.38702227961779, 5.56837347034163, 0.462914986202317, 3.6471787747256, 82.7034764644373
47496.0688679117, -15.3403520202001, 394.0380859375, -15, 0.434806027314674, 28.608642578125, -80.5990524291992, -213.784388870995, -69.5646971544143, 15, 12.0875420352461, 3.54498062897329, 5.14100078966288, 5.54990573556403, 0.225602097915556, 3.55214287500791, 86.3563061402692
47496.1288679116, -15.3383211486771, 393.187347412109, -15, 0.434901841700671, 28.6086463928223, -80.5990447998047, -212.93603890575, -69.1405221717919, 15, 12.1338100523646, 3.46956868321376, 5.10706679105306, 5.52970980163263, 0.226144826036002, 3.47692188628649, 86.2684995736471
47496.1888679116, -15.3359043670709, 392.217651367188, -15, 0.434621250423306, 28.6086483001709, -80.5990371704102, -212.087688940506, -68.9284346804807, 15, 12.1817567966174, 3.39693626468633, 5.30218728309334, 5.5062910590171, 0.520497532203812, 3.43653548838481, 81.2836659288972
47496.2488679116, -15.3332583009598, 391.248443603516, -15, 0.434371528460698, 28.6086521148682, -80.5990295410156, -211.239338975261, -68.5042596978583, 15, 12.231588594259, 3.31994862046895, 5.16220953881096, 5.4832167043661, 0.376576980700943, 3.34121389904255, 83.5251355485862
47496.3088679116, -15.3305147626345, 390.398406982422, -15, 0.43418443057323, 28.6086540222168, -80.5990219116211, -210.390989010016, -68.2921722065472, 15, 12.282888088531, 3.24534252818238, 5.25128628517864, 5.45920425209775, 0.521540244459176, 3.28693799713713, 80.8657083661864
47496.3688679116, -15.3277322644519, 389.867126464844, -15, 0.434022161545559, 28.6086578369141, -80.5990142822266, -209.542639044771, -67.8679972239248, 15, 12.3346712876184, 3.17996483835008, 5.0052647952237, 5.43202736257338, 0.290315038967294, 3.19317594833268, 84.7809974731108
47496.4288679116, -15.3251134348367, 388.897979736328, -15, 0.434086360476713, 28.6086597442627, -80.599006652832, -208.694289079527, -67.6559097326136, 15, 12.3869332907044, 3.11403023468485, 5.20038528726396, 5.40366093243371, 0.570272786350985, 3.16576611125391, 79.6175741905486
47496.4888679116, -15.3226066157462, 388.048553466797, -15, 0.434144794791509, 28.60866355896, -80.5989990234375, -207.845939114282, -67.2317347499912, 15, 12.4394052807635, 3.05050033371488, 4.95436379730904, 5.37506951163912, 0.311354186479755, 3.06633365766608, 84.1694893810097
47496.5488679116, -15.3202556482638, 387.079437255859, -15, 0.434295051083314, 28.6086654663086, -80.598991394043, -206.997589149037, -67.01964725868, 15, 12.4924664351401, 2.98243982542528, 5.14948428934926, 5.34872378413344, 0.554537173345169, 3.03350968304739, 79.4625525993104
47496.6088679116, -15.3175276664507, 386.22998046875, -15, 0.433842262748311, 28.6086692810059, -80.5989837646484, -206.149239183792, -66.5954722760577, 15, 12.5451490929871, 3.05667612666967, 4.90346279939435, 5.32266867589577, 0.287419799078049, 3.07014668971834, 84.625750617855
47496.6688679116, -15.3145236409183, 385.260772705078, -15, 0.433354187025137, 28.6086711883545, -80.5989761352539, -205.300889218548, -66.3833847847465, 15, 12.5974902543021, 2.86701655961976, 5.09858329143459, 5.29949907892797, 0.520392243711962, 2.91382325767554, 79.7081813751154
47496.7288679116, -15.3122731348453, 384.291625976563, -15, 0.434018736883268, 28.6086750030518, -80.5989685058594, -204.452539253303, -65.9592098021241, 15, 12.6485917642762, 2.81950210600449, 4.85256180147966, 5.27824724038985, 0.231235666448626, 2.82896074407828, 85.3096258252447
47496.7888679115, -15.3093864459615, 383.442779541016, -15, 0.433262068325106, 28.6086769104004, -80.5989608764648, -203.604189288058, -65.7471223108129, 15, 12.697802730103, 2.78073570684867, 5.04768229351989, 5.25866776854375, 0.472025364904272, 2.82048294630914, 80.3623622185487
47496.8488679115, -15.3059923496112, 382.474273681641, -15, 0.432399567278183, 28.6086807250977, -80.5989532470703, -202.755839322814, -65.3229473281906, 15, 12.745371636859, 2.74142638647112, 4.80166080356499, 5.24014129037941, 0.18823832564429, 2.74787649936804, 86.0704992978094
47496.9088679115, -15.3023624997092, 381.505157470703, -15, 0.431658253523187, 28.6086826324463, -80.5989456176758, -201.907489357569, -65.1108598368794, 15, 12.7908475032801, 2.70911124161458, 4.99678129560521, 5.22342941353442, 0.424155166239379, 2.74208993879636, 81.0984749325504
47496.9688679115, -15.2985919918415, 380.656280517578, -15, 0.430928611380096, 28.6086864471436, -80.5989379882813, -201.059139392324, -64.686684854257, 15, 12.8334871429062, 2.68760584973275, 4.7507598056503, 5.20725663751945, 0.142671803111416, 2.69138728453801, 86.9601911125725
47497.0288679115, -15.2943225742237, 379.687713623047, -15, 0.429688053930364, 28.6086883544922, -80.5989303588867, -200.210789427079, -64.4745973629458, 15, 12.8734160187287, 2.66807478717449, 4.94588029769054, 5.19324464190705, 0.371874565658869, 2.69384739521103, 82.0624920102567
47497.0888679115, -15.2913373471159, 378.719848632813, -15, 0.430438133886912, 28.6086921691895, -80.5989227294922, -199.362439461835, -64.0504223803235, 15, 12.9099531834423, 2.659401328703, 4.6998588077356, 5.17988909285057, 0.0858229528493685, 2.66078479328206, 88.1509562531843
47497.1488679115, -15.2884303587471, 377.870971679688, -15, 0.43020582856477, 28.6086940765381, -80.5989151000977, -198.51408949659, -63.8383348890123, 15, 12.9431671343608, 2.65401082527502, 4.89497929977585, 5.1686318133236, 0.312329391923554, 2.67231235642144, 83.2858406885189
47497.2088679115, -15.2844767014799, 376.902435302734, -15, 0.428605571679907, 28.6086978912354, -80.5989074707031, -197.665739531345, -63.4141599063899, 14.964909197127, 12.9726694005312, 2.61481133378859, 4.64895780982091, 5.15777873027233, 0.0257800463292178, 2.61493832826503, 89.4349294990652
47497.2688679115, -15.2799972178201, 375.934478759766, -15, 0.427215581208869, 28.608699798584, -80.5988998413086, -196.8173895661, -63.2020724150787, 15, 12.9985575784591, 2.66319623160569, 4.84407830186117, 5.14886866036468, 0.251003715012405, 2.67499002860197, 84.6139211917215
47497.3288679115, -15.2764168102765, 375.085601806641, -15, 0.427361898719066, 28.6087036132813, -80.5988922119141, -195.969039600856, -62.7778974324563, 14.8291732026879, 13.020709856153, 2.47006542195265, 4.59805681190624, 5.14023292259462, -0.0369278146522146, 2.47034127344988, 90.8567811728934
47497.3888679114, -15.2730160427966, 374.117614746094, -15, 0.426970339908423, 28.6087055206299, -80.5988845825195, -195.120689635611, -62.5658099411452, 14.7613052054683, 13.0390935181194, 2.40528291522207, 4.79317730394648, 5.13342209925943, 0.186936472569564, 2.41253199279631, 85.554663281976
47497.4488679114, -15.2697679719879, 373.149688720703, -15, 0.42660766272678, 28.6087074279785, -80.598876953125, -194.272339670366, -62.353722449834, 14.6934372082488, 13.0537805565732, 2.34416690153735, 4.77621030464159, 5.12676756990342, 0.172788234479757, 2.35052283029839, 85.7831935964638
47497.5088679114, -15.2661388517086, 372.301422119141, -15, 0.425636889944511, 28.6087112426758, -80.5988616943359, -192.575639739877, -61.9295474672116, 13.7093512484291, 13.0662775683373, 1.17055344674514, 4.53018881468665, 5.12219940824113, -0.13817464276808, 1.1786793233293, 96.7326212430312
47497.5688679114, -15.2628608761896, 371.332977294922, -15, 0.425406902999097, 28.6087131500244, -80.5988540649414, -191.727289774632, -61.7174599759004, 14.48983321659, 13.0761029436837, 2.1229059604675, 4.7253093067269, 5.11638821500332, 0.115139047977867, 2.12602461186872, 86.8948105733431
47497.6288679114, -15.260118636052, 370.364929199219, -15, 0.425536809003159, 28.6087169647217, -80.5988464355469, -190.878939809387, -61.293284993278, 14.4219652193704, 13.0862429058704, 2.02695197416497, 4.47928781677197, 5.10982846673246, -0.165107816101216, 2.03366258830237, 94.6577762466758
47497.6888679114, -15.2566876181563, 369.516754150391, -15, 0.424360483234196, 28.6087188720703, -80.5988388061523, -190.030589844142, -61.0811975019669, 14.3540972221509, 13.0987177658952, 1.90794479475968, 4.67440830881222, 5.10483986397538, 0.0590533835821705, 1.90885812800808, 88.2268595871208
47497.7488679114, -15.2544481100494, 368.548736572266, -15, 0.425220949145594, 28.6087226867676, -80.5988311767578, -189.182239878898, -60.6570225193445, 14.2862292249313, 13.107309905872, 1.8557271822018, 4.42838681885729, 5.10002243818966, -0.2325062445062, 1.87023090129107, 97.1426587976775
47497.8088679114, -15.2516569235113, 367.580810546875, -15, 0.424399713274592, 28.6087245941162, -80.5988235473633, -188.333889913653, -60.4449350280333, 14.2183612277117, 13.1134081957789, 1.79256911017216, 4.62350731089754, 5.09678667719529, -0.0105793564005305, 1.79260031825416, 90.3381985786331
47497.8688679114, -15.2480870005071, 366.732543945313, -15, 0.423067058019258, 28.6087284088135, -80.5988159179688, -187.485539948408, -60.0207600454109, 14.1504932304921, 13.117430302564, 1.7276826543457, 4.37748582094259, 5.09371000461886, -0.304133755944497, 1.75423962431535, 99.9852477671241
47497.9288679114, -15.2449097984517, 365.765289306641, -15, 0.422858174049666, 28.6087303161621, -80.5988082885742, -186.637189983163, -59.8086725540997, 14.0826252332725, 13.1198441121418, 1.660005126935, 4.57260631298285, 5.0923325203471, -0.0856399031438655, 1.66221212912703, 92.9536906449658
47498.0088679113, -15.243007047937, 364.797241210938, -15, 0.42388813793823, 28.6087322235107, -80.5988006591797, -185.788840017919, -59.5965850627886, 14.014757236053, 13.1204722107646, 1.59620349249328, 4.55563931367796, 5.09026012834202, -0.0968851270580391, 1.59914035930077, 93.4738802031935
47498.0688679113, -15.2397227852626, 363.949127197266, -15, 0.422142341090833, 28.608736038208, -80.5987930297852, -184.940490052674, -59.1724100801662, 13.9468892388334, 13.1198710930685, 1.52827161114324, 4.30961782372303, 5.08912178302985, -0.400553069935467, 1.57987937113212, 104.688170037247
47498.1288679113, -15.2371337342827, 362.981079101563, -15, 0.422397464980548, 28.6087379455566, -80.5987854003906, -184.092140087429, -58.960322588855, 13.8790212416138, 13.1178520207667, 1.46388914883343, 4.50473831576326, 5.08600410900583, -0.143222743012638, 1.4708771976305, 95.5884702131353
47498.1888679113, -15.2348514453405, 362.013153076172, -15, 0.422444738770988, 28.6087417602539, -80.5987777709961, -183.243790122184, -58.5361476062326, 13.8111532443942, 13.1144529582855, 1.40074434911564, 4.25871682580834, 5.08113999729788, -0.415640673969685, 1.46109803976688, 106.52853954866
47498.2488679113, -15.2329690583544, 361.045166015625, -15, 0.422723942781549, 28.6087436676025, -80.5987701416016, -182.39544015694, -58.3240601149214, 13.7432852471747, 13.1100921805989, 1.3345327535707, 4.45383731784859, 5.07660221292804, -0.179687674596254, 1.34657324036763, 97.6691230584477
47498.3088679113, -15.2298801639328, 360.196960449219, -15, 0.421172602641581, 28.6087474822998, -80.598762512207, -181.547090191695, -57.8998851322991, 13.6754172499551, 13.1049201755623, 1.26775213469778, 4.20781582789366, 5.07053762548526, -0.452885559957407, 1.34620478843781, 109.65980331101
47498.3688679113, -15.2275792745388, 359.229583740234, -15, 0.421591655563921, 28.6087493896484, -80.598747253418, -179.850390261206, -57.6877976409879, 12.6913312901354, 13.0994613044052, 0.0960234114998242, 4.4029363199339, 5.06541059607579, -0.222361599117912, 0.242208856210246, 156.643604204981
47498.4288679113, -15.225949647143, 358.261627197266, -15, 0.422177038545592, 28.6087532043457, -80.5987396240234, -179.002040295961, -57.2636226583655, 13.4718132582963, 13.0933764637502, 1.04639033913508, 4.15691482997896, 5.05784714498571, -0.484687588334777, 1.15318198092372, 114.854507489467
47498.4888679113, -15.2235816591804, 357.413391113281, -15, 0.421285287865514, 28.6087551116943, -80.5987319946289, -178.153690330716, -57.0515351670543, 13.4039452610768, 13.0883861453592, 0.960181237367753, 4.35203532201922, 5.05106889262807, -0.250680502525131, 0.99236225243768, 104.632571078589
47498.5488679113, -15.221443296306, 356.883972167969, -15, 0.421285626844696, 28.6087589263916, -80.5987243652344, -177.305340365471, -56.627360184432, 13.3360772638572, 13.0894317911069, 0.817273211695112, 4.10601383206428, 5.04376628201777, -0.532462226681287, 0.975413910355981, 123.085184565852
47498.6088679113, -15.2196159245398, 355.916137695313, -15, 0.421472685168714, 28.6087608337402, -80.5987167358398, -176.456990400227, -56.4152726931208, 13.2682092666376, 13.0892103445846, 0.748875672913103, 4.30113432410453, 5.03598080398404, -0.284587296245217, 0.801124266679167, 110.808226604182
47498.6688679112, -15.2171992014607, 355.067810058594, -15, 0.421387150623428, 28.6087646484375, -80.5987091064453, -175.608640434982, -55.9910977104984, 13.200341269418, 13.0870893639622, 0.689042545144486, 4.05511283414961, 5.02449751407591, -0.529636648359282, 0.869069090941494, 127.548167799363
47498.7288679112, -15.2147447237414, 354.100524902344, -15, 0.420514647531815, 28.6087665557861, -80.5987014770508, -174.760290469737, -55.7790102191872, 13.1324732721984, 13.0845715542714, 0.61461935182426, 4.25023332618985, 5.0129728839486, -0.281706743300956, 0.676101022673175, 114.624371743048
47498.7888679112, -15.2122459079445, 353.132537841797, -15, 0.420114910538649, 28.6087684631348, -80.5986938476563, -173.911940504492, -55.566922727876, 13.0646052749788, 13.0814665525423, 0.542765560854297, 4.23326632688495, 4.99852364069062, -0.255941073634091, 0.600081934189821, 115.246476045503
47498.8488679112, -15.2100027123034, 352.284240722656, -15, 0.420060657215632, 28.608772277832, -80.5986862182617, -173.063590539248, -55.1427477452537, 12.9967372777593, 13.0782289304589, 0.466486419241406, 3.98724483693002, 4.98386222989526, -0.532049463687106, 0.707587419512937, 138.756507133109
47498.9088679112, -15.207795137587, 351.316345214844, -15, 0.419830696845659, 28.6087741851807, -80.5986785888672, -172.215240574003, -54.9306602539425, 12.9288692805397, 13.0748020445725, 0.390962164013638, 4.18236532897027, 4.96678037656074, -0.253672872870397, 0.466047574159182, 122.977338907754
47498.9688679112, -15.2053906425511, 350.348388671875, -15, 0.419320970492651, 28.6087779998779, -80.5986709594727, -171.366890608758, -54.5064852713201, 12.8610012833201, 13.0708113564557, 0.31982152935198, 3.93634383901534, 4.94572427109081, -0.484494441151179, 0.580532717568833, 146.570464912437
47499.0288679112, -15.2032360863611, 349.380432128906, -15, 0.419277138647122, 28.6087799072266, -80.5986633300781, -170.518540643513, -54.2943977800089, 12.7931332861005, 13.0670250972533, 0.240714819499909, 4.13146433105558, 4.92560138938141, -0.236011112493182, 0.337112061227465, 134.434701907363
47499.0888679112, -15.2016616359631, 348.532196044922, -15, 0.419735764889262, 28.6087818145752, -80.5986557006836, -169.670190678269, -54.0823102886977, 12.7252652888809, 13.063068555614, 0.165521215212565, 4.11449733175069, 4.90372178701291, -0.213022316896151, 0.269769631247399, 142.152285721995
47499.1488679112, -15.198950464402, 347.564910888672, -15, 0.418300880021773, 28.6087856292725, -80.5986480712891, -168.821840713024, -53.6581353060754, 12.6573972916614, 13.0594668349164, 0.0846122322435031, 3.86847584179576, 4.88224380546531, -0.540996703443064, 0.547573237312145, 171.110788743082
47499.2088679112, -15.1962125502628, 346.596954345703, -15, 0.417772066535092, 28.6087875366211, -80.5986404418945, -167.973490747779, -53.4460478147642, 12.5895292944418, 13.0558012907141, 0.00792776047194105, 4.063596333836, 4.85831075366218, -0.200363623045919, 0.200520399386349, 177.734162928582
47499.2688679111, -15.1946918850365, 345.748687744141, -15, 0.418762250193742, 28.6087894439697, -80.5986328125, -167.125140782534, -53.233960323453, 12.5216612972222, 13.0511477663672, -0.0583674974092388, 4.04662933453111, 4.82507648008894, -0.0882977444952247, 0.105845423800805, -146.534076624958
47499.3288679111, -15.1937722745596, 344.790588378906, -15, 0.41947660178459, 28.608793258667, -80.5986251831055, -166.27679081729, -52.8097853408306, 12.4537933000027, 13.048560283938, -0.157721394528482, 3.80060784457618, 4.80369441140045, -0.476988950821453, 0.502388219216597, -161.702814807203
47499.3888679111, -15.191520626803, 343.822662353516, -15, 0.418040473495655, 28.6087951660156, -80.5986175537109, -165.428440852045, -52.5976978495194, 12.385925302783, 13.0457972529996, -0.234487792143678, 3.99572833661643, 4.77987175900293, -0.190321826455257, 0.302004503370846, -129.064509952481
47499.4488679111, -15.1897469574531, 342.854675292969, -15, 0.418298561966934, 28.6087970733643, -80.5986099243164, -164.5800908868, -52.3856103582083, 12.3180573055635, 13.0429788392683, -0.312428417321355, 3.97876133731152, 4.75551503809502, -0.176579527647226, 0.358875377384328, -119.474519716721
47499.5088679111, -15.1875416529983, 341.886779785156, -15, 0.417619369223018, 28.6088008880615, -80.5986022949219, -163.731740921555, -51.9614353755859, 12.2501893083439, 13.0406411634968, -0.396346453769439, 3.7327398473566, 4.73428509265665, -0.478198062914618, 0.62109600806186, -140.346829195785
47499.5688679111, -15.186254668721, 341.038513183594, -15, 0.418428606332999, 28.6088027954102, -80.5985946655273, -162.883390956311, -51.7493478842747, 12.1823213111243, 13.0381251249154, -0.473498658325366, 3.92786033939685, 4.71215604609561, -0.208978182788937, 0.517563393329328, -113.814414004786
47499.6288679111, -15.183667823578, 340.070556640625, -15, 0.416861654358116, 28.6088047027588, -80.5985870361328, -162.035040991066, -51.5372603929635, 12.1144533139047, 13.0356767721522, -0.553231823929311, 3.91089334009194, 4.69180092530992, -0.223120239319379, 0.596528746218217, -111.964643318394
47499.6888679111, -15.1819731499223, 339.102661132813, -15, 0.417473180585046, 28.6088085174561, -80.5985717773438, -160.338341060576, -51.1130854103411, 11.130367354085, 13.0333758896569, -1.7339904245194, 3.66487185013703, 4.6748630219434, -0.532798712125476, 1.81397645720307, -107.082709870298
47499.7488679111, -15.1796777702668, 338.134765625, -15, 0.4165934737003, 28.6088104248047, -80.5985641479492, -159.489991095332, -50.90099791903, 11.910849322246, 13.0306189612267, -0.790215151043322, 3.85999234217726, 4.65733098964943, -0.272152796837488, 0.835764580168024, -109.004375617535
47499.8088679111, -15.1774020462952, 337.286437988281, -15, 0.41623176998715, 28.6088123321533, -80.5985565185547, -158.641641130087, -50.6889104277188, 11.8429813250264, 13.0288887339044, -0.880559030445599, 3.89604721570866, 4.640604678648, -0.217319322802542, 0.906977494636877, -103.863883025642
47499.868867911, -15.1755661428919, 336.318511962891, -15, 0.416390624194687, 28.6088161468506, -80.5985488891602, -157.793291164842, -50.2647354450964, 11.7751133278068, 13.0309629330539, -1.00328744057554, 3.59700385291744, 4.62672522249431, -0.588602392071115, 1.16318659431896, -120.399867204533
47499.928867911, -15.1746524397515, 335.350555419922, -15, 0.417317600476832, 28.6088180541992, -80.5985412597656, -156.944941199597, -50.0526479537852, 11.7072453305873, 13.0308359499032, -1.0633589888252, 3.79212434495768, 4.61302858174591, -0.340342529319867, 1.11649096585491, -107.748835352958
47499.988867911, -15.1730931584527, 334.381958007813, -15, 0.41667518563389, 28.6088199615479, -80.5985336303711, -156.096591234353, -49.840560462474, 11.6393773333677, 13.0286812979104, -1.12277189705105, 3.77515734565279, 4.59877666187647, -0.338542005020869, 1.17269465385098, -106.780209709696
47500.048867911, -15.1703484844467, 333.414031982422, -15, 0.415100534228609, 28.6088237762451, -80.5985260009766, -155.248241269108, -49.4163854798517, 11.5715093361481, 13.0247973384708, -1.18313164071676, 3.52913585569787, 4.58523770640188, -0.625284351457232, 1.33817989283448, -117.85763681513
47500.108867911, -15.1675527478608, 332.565765380859, -15, 0.414442345687762, 28.6088256835938, -80.598518371582, -154.399891303863, -49.2042979885405, 11.5036413389285, 13.0195621222134, -1.24568796216179, 3.72425634773811, 4.57342875405241, -0.394778552887207, 1.30673794157772, -107.585415505732
47500.168867911, -15.1660184221733, 331.597839355469, -15, 0.415377846428137, 28.6088275909424, -80.5985107421875, -153.551541338619, -48.9922104972293, 11.4357733417089, 13.0127909436881, -1.30459073247468, 3.70728934843321, 4.56369009083653, -0.424669287978602, 1.37195838713346, -108.032364619269
47500.228867911, -15.1648653162874, 330.629913330078, -15, 0.415728883190541, 28.6088314056396, -80.598503112793, -152.703191373374, -48.5680355146069, 11.3679053444894, 13.0045077869432, -1.38298993266498, 3.46126785847829, 4.55704248377674, -0.743485973793716, 1.57013540434913, -118.263822026541
47500.288867911, -15.1623300307676, 330.099945068359, -15, 0.414049942713027, 28.6088333129883, -80.5984954833984, -151.854841408129, -48.3559480232957, 11.3000373472697, 12.9941444698434, -1.41150251766356, 3.65638835051852, 4.54945024080107, -0.491320169748409, 1.49455211683731, -109.193724755459
47500.348867911, -15.1609342639062, 329.251617431641, -15, 0.414924037642411, 28.6088352203369, -80.5984878540039, -151.006491442884, -48.1438605319846, 11.2321693500502, 12.9816957081116, -1.45820086974096, 3.63942135121363, 4.54183688834988, -0.502874900539714, 1.54245853754262, -109.028936733585
47500.408867911, -15.159554577907, 328.283660888672, -15, 0.414864227694736, 28.6088371276855, -80.5984802246094, -150.15814147764, -47.9317730406734, 11.1643013528306, 12.9674599189957, -1.50577114076074, 3.62245435190874, 4.53592884790033, -0.533746855882856, 1.59755026320355, -109.5195759682
47500.468867911, -15.1578804049214, 327.315124511719, -15, 0.414422793893207, 28.6088409423828, -80.5984725952148, -149.309791512395, -47.507598058051, 11.096433355611, 12.9507882791152, -1.54396087487216, 3.37643286195381, 4.52782200325017, -0.797947221723585, 1.73792428602996, -117.332820877477
47500.5288679109, -15.1562045237583, 326.347137451172, -15, 0.414219631517931, 28.6088428497314, -80.5984649658203, -148.46144154715, -47.2955105667398, 11.0285653583915, 12.9315963829367, -1.57831145175216, 3.57155335399405, 4.51758709466913, -0.530807721910271, 1.66515843226908, -108.590437857058
47500.5888679109, -15.154862622422, 325.378692626953, -15, 0.414425775372903, 28.6088447570801, -80.5984573364258, -147.613091581905, -47.0834230754286, 10.9606973611719, 12.9099356784135, -1.61024166252642, 3.55458635468915, 4.5061902376607, -0.526443370719855, 1.69409204718316, -108.106338260192
47500.6488679109, -15.1527543902459, 324.529754638672, -15, 0.413402136639972, 28.6088485717773, -80.5984497070313, -146.764741616661, -46.6592480928063, 10.8928293639523, 12.8859549506418, -1.64090202872646, 3.30856486473423, 4.49452656777698, -0.805716203073641, 1.82799359139687, -116.154327144757
47500.7088679109, -15.1516074889166, 323.561279296875, -15, 0.414199307613917, 28.608850479126, -80.5984420776367, -145.916391651416, -46.4471606014951, 10.8249613667328, 12.8595421826072, -1.66754864960565, 3.50368535677448, 4.48012341339666, -0.527478845232531, 1.74896365492448, -107.555293561412
47500.7688679109, -15.1504600179152, 322.593292236328, -15, 0.414191224540369, 28.6088523864746, -80.5984344482422, -145.068041686171, -46.2350731101839, 10.7570933695131, 12.8310057118156, -1.69475380115041, 3.48671835746957, 4.46522252757271, -0.525567969474565, 1.77435384708822, -107.231565165173
47500.8288679109, -15.1495777050679, 321.624664306641, -15, 0.414507997645016, 28.6088542938232, -80.5984268188477, -144.219691720926, -46.0229856188727, 10.6892253722936, 12.8005283943079, -1.72148093145433, 3.46975135816468, 4.45093936127267, -0.535554477122213, 1.8028391172782, -107.283180042981
47500.8888679109, -15.1483860871874, 320.656219482422, -15, 0.414218754559978, 28.6088581085205, -80.5984191894531, -143.371341755682, -45.5988106362503, 10.8334448664191, 12.7678019708772, -1.48781538541499, 3.22372986820977, 4.43336606145175, -0.777516751784711, 1.67868729488304, -117.593018790999
47500.9488679109, -15.1464173914061, 319.806732177734, -15, 0.413222963504097, 28.6088600158691, -80.5984115600586, -142.522991790437, -45.3867231449391, 10.5534893778544, 12.7330831635243, -1.76348331991582, 3.41885036024999, 4.41348444328813, -0.497027816559239, 1.83216594691013, -105.742365220363
47501.0088679109, -15.1455141653417, 319.276641845703, -15, 0.414186107005245, 28.6088619232178, -80.5984039306641, -141.674641825192, -45.174635653628, 10.4856213806348, 12.6961547303957, -1.77984085907336, 3.4018833609451, 4.39373803808586, -0.495639771902154, 1.84754248753844, -105.563345421452
47501.0688679109, -15.1448289026863, 318.308074951172, -15, 0.414528124825245, 28.6088638305664, -80.5983963012695, -140.826291859947, -44.9625481623168, 10.4177533834152, 12.6571482253711, -1.79503756765034, 3.3849163616402, 4.3763217830193, -0.518997009601866, 1.86853676221294, -106.12839513886
47501.1288679108, -15.1435679322707, 317.3388671875, -15, 0.413974683988804, 28.6088676452637, -80.598388671875, -139.977941894703, -44.5383731796944, 10.3498853861957, 12.6174477154289, -1.82325904060258, 3.13889487168529, 4.35778954451845, -0.781555613805585, 1.98365735662301, -113.205666978857
47501.1888679108, -15.1423144180075, 316.369750976563, -15, 0.413906434997866, 28.6088695526123, -80.5983810424805, -139.129591929458, -44.3262856883832, 10.2820173889761, 12.5767584514283, -1.84736282451625, 3.33401536372551, 4.33691337911542, -0.499522094657266, 1.91368368745794, -105.133113730659
47501.2488679108, -15.1414540362168, 315.401184082031, -15, 0.414314254783914, 28.6088714599609, -80.5983734130859, -138.281241964213, -44.114198197072, 10.2141493917565, 12.5354538093446, -1.87447785249856, 3.31704836442063, 4.31684415878548, -0.504468757635858, 1.9411504693966, -105.065214170314
47501.3088679108, -15.1400767394964, 314.551696777344, -15, 0.413752803872795, 28.6088733673096, -80.5983657836914, -137.432891998968, -43.9021107057608, 10.146281394537, 12.4938500905917, -1.90441276118359, 3.30008136511574, 4.29915973579419, -0.528055269624822, 1.97624078437876, -105.500129507063
47501.3688679108, -15.1388626022312, 313.582550048828, -15, 0.413819702985874, 28.6088752746582, -80.5983581542969, -136.584542033724, -43.6900232144497, 10.0784133973173, 12.4517776075988, -1.9321037543799, 3.28311436581084, 4.27981777241122, -0.509227930855582, 1.99805898389901, -104.767671882927
47501.4288679108, -15.1371987777034, 312.612762451172, -15, 0.413191030122361, 28.6088790893555, -80.5983505249023, -135.736192068479, -43.2658482318273, 10.0105454000978, 12.4093953966377, -1.96102872820565, 3.03709287585592, 4.25976537624244, -0.77402011903983, 2.10819990884431, -111.542427529653
47501.4888679108, -15.1352092055207, 311.643646240234, -15, 0.412529372486666, 28.6088809967041, -80.5983428955078, -134.887842103234, -43.0537607405161, 9.94267740287819, 12.3670892292944, -1.99391800733125, 3.23221336789614, 4.23990906124034, -0.518613379672126, 2.06023306248538, -104.58208363937
47501.5688679108, -15.1346757593821, 310.673828125, -15, 0.413933459679511, 28.6088829040527, -80.5983352661133, -134.039492137989, -42.8416732492049, 9.87480940565861, 12.3251265961962, -2.02990997704325, 3.21524636859126, 4.22221489899546, -0.539966492837797, 2.10047050166374, -104.898792506719
47501.6288679108, -15.1326091101674, 309.704681396484, -15, 0.412226958093843, 28.6088848114014, -80.5983276367188, -133.191142172745, -42.6295857578937, 9.80694140843906, 12.2837028341715, -2.06851782686641, 3.19827936928637, 4.20767007345367, -0.574972102811998, 2.14690830626218, -105.536944088214
47501.6888679108, -15.1304020251038, 309.293121337891, -15, 0.41161830026951, 28.60888671875, -80.5983200073242, -132.3427922075, -42.4174982665825, 9.73907341121945, 12.242671752531, -2.10615108840985, 3.18131236998146, 4.19243251795169, -0.570726807861037, 2.18207579361315, -105.164965816785
47501.7488679107, -15.129377561137, 308.323425292969, -15, 0.412582164946891, 28.6088905334473, -80.5983123779297, -131.494442242255, -41.9933232839602, 9.67120541399987, 12.2021960359417, -2.14609407005199, 2.93529088002656, 4.17714911981565, -0.84789920664687, 2.30744806419491, -111.562319362106
47501.8088679107, -15.1288038387111, 307.353607177734, -15, 0.413114705443529, 28.6088924407959, -80.5983047485352, -130.646092277011, -41.781235792649, 9.60333741678029, 12.1624399548318, -2.18856018570072, 3.13041137206678, 4.16257992828705, -0.604032953573446, 2.27034667586338, -105.432571660302
47501.8688679107, -15.1270151719917, 306.383819580078, -15, 0.411767830693591, 28.6088943481445, -80.5982971191406, -129.797742311766, -41.5691483013378, 9.53546941956074, 12.1233537657226, -2.2313500060488, 3.11344437276189, 4.1485803625964, -0.613911213884775, 2.31422109358651, -105.386597535392
47501.9288679107, -15.1247356050245, 305.414031982422, -15, 0.410821127181825, 28.6088962554932, -80.5982894897461, -128.949392346521, -41.3570608100266, 9.46760142234116, 12.0850452114057, -2.27616815172956, 3.096477373457, 4.13578425370569, -0.631574434511082, 2.36212147360368, -105.511464532563
47501.9888679107, -15.123331403087, 304.443664550781, -15, 0.411358911474184, 28.6089000701904, -80.5982818603516, -128.101042381276, -40.9328858274042, 9.39973342512153, 12.0478946573977, -2.32619798341323, 2.85045588350207, 4.12392166244473, -0.922664368710079, 2.50240659870774, -111.63982940572
47502.0488679107, -15.1217495405508, 303.473876953125, -15, 0.410943364582363, 28.6089019775391, -80.598274230957, -127.252692416032, -40.7207983360931, 9.33186542790199, 12.0117981186992, -2.37647184634919, 3.04557637554231, 4.11254995314902, -0.680422730906792, 2.47190776551407, -105.981274418414
47502.1088679107, -15.1199368692932, 302.50341796875, -15, 0.410385766085945, 28.6089038848877, -80.5982666015625, -126.404342450787, -40.5087108447819, 9.26399743068241, 11.9767638213336, -2.42812235933936, 3.02860937623741, 4.10169154640785, -0.693529916831452, 2.52516810493297, -105.944771222519
47502.1688679107, -15.1183303045671, 301.652770996094, -15, 0.41026988655212, 28.6089057922363, -80.598258972168, -125.555992485542, -40.2966233534707, 9.19612943346283, 11.9429913394317, -2.48330324950331, 3.01164237693253, 4.09392844086454, -0.736176972967103, 2.59006026199779, -106.516952967875
47502.2288679107, -15.1163969116109, 300.682403564453, -15, 0.409573363245901, 28.608907699585, -80.5982513427734, -124.707642520297, -40.0845358621595, 9.12826143624324, 11.9102569931043, -2.53751418365359, 2.99467537762762, 4.08573212378411, -0.743024310312179, 2.64399363631235, -106.325485080034
47502.2888679107, -15.1149065521597, 300.150512695313, -15, 0.410116531813965, 28.6089096069336, -80.5982437133789, -123.859292555053, -39.8724483708483, 9.06039343902369, 11.8784932943123, -2.59223667703595, 2.97770837832274, 4.0763823633348, -0.741289767639197, 2.69607613330808, -105.963437809343
47502.3488679107, -15.1142328791505, 299.180084228516, -15, 0.410559841730452, 28.6089134216309, -80.5982360839844, -123.010942589808, -39.448273388226, 8.99252544180407, 11.8476926944829, -2.64806164388214, 2.7316868883678, 4.06622695744707, -1.01707333817562, 2.83653520836188, -111.016714971456
47502.4088679106, -15.1115751514636, 298.209716796875, -15, 0.408178097211659, 28.6089153289795, -80.5982284545898, -122.162592624563, -39.2361858969148, 8.92465744458453, 11.8177242611881, -2.7035986260297, 2.92680738040805, 4.05500749980308, -0.759501801061758, 2.80817740145381, -105.696350160363
47502.4688679106, -15.1096949382927, 297.239318847656, -15, 0.40840302552152, 28.6089172363281, -80.5982208251953, -121.314242659318, -39.0240984056036, 8.85678944736492, 11.7885380933817, -2.75959852539693, 2.90984038110316, 4.04252728036208, -0.752957931065683, 2.86040053110341, -105.266899800661
47502.5288679106, -15.108913348474, 296.268280029297, -15, 0.409332649099776, 28.6089191436768, -80.5982131958008, -120.465892694074, -38.8120109142924, 8.78892145014536, 11.7600158553531, -2.81523539084957, 2.89287338179826, 4.02972612266363, -0.755429670062926, 2.91474955375707, -105.026045120721
47502.5888679106, -15.1077721206695, 295.297271728516, -15, 0.408899776018343, 28.6089210510254, -80.5982055664063, -119.617542728829, -38.5999234229812, 8.72105345292578, 11.7321473007122, -2.87157821212879, 2.87590638249335, 4.0158234404823, -0.748775556015242, 2.9675169316863, -104.620134877893
47502.6488679106, -15.1057055116675, 294.446624755859, -15, 0.407619097954487, 28.608922958374, -80.5981979370117, -118.769192763584, -38.38783593167, 8.65318545570618, 11.7047980818374, -2.92722507138086, 2.85893938318846, 4.0004458378098, -0.736618530932819, 3.01840707899608, -104.130387496203
47502.7088679106, -15.1043149951739, 293.475646972656, -15, 0.407939246766206, 28.6089248657227, -80.5981903076172, -117.920842798339, -38.1757484403588, 8.5853174584866, 11.6778851379562, -2.9825894259313, 2.84197238388358, 3.98373313188716, -0.724257706936601, 3.06918800440623, -103.65445471104
47502.7688679106, -15.1035154289819, 292.943115234375, -15, 0.408422425161164, 28.6089286804199, -80.5981826782227, -117.072492833095, -37.7515734577365, 8.51744946126704, 11.6512416440335, -3.03663360478088, 2.59595089392865, 3.96572628529387, -1.03104680906537, 3.20674377150049, -108.761432419063
47502.8288679106, -15.1022026344528, 292.052886962891, -15, 0.40777622497181, 28.6089305877686, -80.5981750488281, -116.22414286785, -37.5394859664253, 8.44958146404746, 11.6158978407732, -2.99055933396927, 2.79107138596889, 3.93983516682801, -0.642662299497672, 3.05877178408591, -102.133339178481
47502.8888679106, -15.1006996547406, 291.195404052734, -15, 0.407318644398459, 28.6089324951172, -80.5981674194336, -115.375792902605, -37.3273984751141, 8.3817134668279, 11.5895034184142, -3.13174610679912, 2.774104386664, 3.92140092008054, -0.716158697682403, 3.21250775578093, -102.886634291837
47502.9488679106, -15.0988713622761, 289.951263427734, -15, 0.406612847539105, 28.6089344024658, -80.5981597900391, -114.52744293736, -37.1153109838029, 8.31384546960829, 11.562836566752, -3.18041258309328, 2.7571373873591, 3.90464101646526, -0.733839146011795, 3.26389198245548, -102.998973100513
47503.0088679105, -15.0979057143621, 289.093811035156, -15, 0.407239175975497, 28.6089363098145, -80.5981521606445, -113.679092972116, -36.9032234924917, 8.24597747238869, 11.5353294168076, -3.22241622816699, 2.7401703880542, 3.8847062466959, -0.699215881423737, 3.29732521805696, -102.248507875675
47503.0688679105, -15.0968341136084, 288.674285888672, -15, 0.407012743981613, 28.6089382171631, -80.5981521606445, -113.679092972116, -36.6911360011805, 9.09432743776925, 11.5075411438113, -2.16968703981897, 2.72320338874931, 3.86380428926637, -0.685506415611021, 2.27535409371718, -107.537324078043
47503.1288679105, -15.096092622825, 287.816772460938, -15, 0.407279517178664, 28.6089401245117, -80.59814453125, -112.830743006871, -36.4790485098694, 8.17810947516916, 11.4792691493125, -3.23236568231894, 2.70623638944442, 3.84243631602911, -0.676246808770126, 3.3022738201448, -101.822308449546
47503.1888679105, -15.0956217667553, 286.959228515625, -15, 0.407603568979189, 28.6089420318604, -80.5981369018555, -111.982393041626, -36.2669610185582, 8.11024147794956, 11.4473415687924, -3.240940582193, 2.68926939013951, 3.8201403082298, -0.661250175505447, 3.30763982370833, -101.537536368968
47503.2488679105, -15.0940990171157, 286.101745605469, -15, 0.406400188199594, 28.608943939209, -80.5981292724609, -111.134043076381, -36.054873527247, 8.04237348072997, 11.4103491219733, -3.22936336506039, 2.67230239083462, 3.79708779870795, -0.647057417263145, 3.2934825930572, -101.335753544435
47503.3088679105, -15.0929094078097, 285.244262695313, -15, 0.406480689645247, 28.6089458465576, -80.5981216430664, -110.285693111137, -35.8427860359358, 7.9745054835104, 11.3746027605892, -3.28241024078105, 2.65533539152973, 3.77460538599689, -0.646811451281163, 3.34546323322874, -101.153245434767
47503.3688679105, -15.0915399073335, 284.386779785156, -15, 0.406057599868152, 28.6089477539063, -80.5981140136719, -109.437343145892, -35.6306985446246, 7.90663748629081, 11.3391386174924, -3.32617654927944, 2.63836839222484, 3.752816431615, -0.648628357305056, 3.38876031144708, -101.040424205111
47503.4288679105, -15.0908487315229, 283.526000976563, -15, 0.406618946293294, 28.6089515686035, -80.5981063842773, -108.588993180647, -35.2065235620022, 7.83876948907125, 11.3033910542779, -3.36396564184803, 2.49839064794248, 3.73190813341635, -0.801058364930548, 3.45792160543935, -103.401337814513
47503.4888679105, -15.0902721840703, 282.668487548828, -15, 0.406754667496033, 28.6089534759521, -80.5980987548828, -107.740643215402, -34.9944360706911, 7.77090149185165, 11.2672460658694, -3.40015680722312, 2.58746739431015, 3.71217110703719, -0.682869378058575, 3.46797193834005, -101.362141617499
47503.5488679105, -15.0880225137362, 282.242584228516, -15, 0.404724597835385, 28.6089553833008, -80.5980911254883, -106.892293250158, -34.7823485793799, 7.70303349463209, 11.2305563397042, -3.43423986862851, 2.57050039500526, 3.69431934263483, -0.701334571081121, 3.50503701382256, -101.548584618989
47503.6088679105, -15.0870096529142, 281.381866455078, -15, 0.405611157058937, 28.6089572906494, -80.5980834960938, -106.043943284913, -34.5702610880687, 7.63516549741252, 11.1932713510523, -3.4671217175538, 2.55353339570036, 3.67934991415454, -0.733230505206979, 3.54371324824456, -101.947792508103
47503.6688679104, -15.0864079702561, 280.521087646484, -15, 0.405972356376364, 28.608959197998, -80.5980758666992, -105.195593319668, -34.3581735967575, 7.56729750019292, 11.15525083824, -3.49773622923911, 2.53656639639546, 3.66548723867518, -0.748700576313946, 3.57687220308117, -102.088955670523
47503.7288679104, -15.0858182187916, 279.660430908203, -15, 0.406003853108235, 28.6089611053467, -80.5980758666992, -105.195593319668, -34.1460861054463, 8.41564746557346, 11.1163277484722, -2.42560320167406, 2.51959939709057, 3.65282004756872, -0.766495122273099, 2.54375993967593, -107.541060015058
47503.7888679104, -15.0846136191741, 278.919403076172, -15, 0.405263480657797, 28.6089630126953, -80.5980682373047, -104.347243354424, -33.9339986141351, 7.49942950297332, 11.0764633706976, -3.57033719494137, 2.50263239778568, 3.6413637542973, -0.785900186679506, 3.65570063467677, -102.42134994319
47503.8488679104, -15.082564888068, 278.058715820313, -15, 0.403988239972259, 28.6089649200439, -80.5980606079102, -103.498893389179, -33.721911122824, 7.43156150575378, 11.0352194949973, -3.49099241184692, 2.48566539848079, 3.63031879109862, -0.797806722770376, 3.58088477101264, -102.88020549469
47503.9088679104, -15.0814401230162, 277.194732666016, -15, 0.40455262603263, 28.6089668273926, -80.5980529785156, -102.650543423934, -33.5098236315128, 7.36369350853419, 10.9916016644614, -3.49852980839944, 2.46869839917588, 3.61914861586957, -0.80420106148747, 3.58965822651808, -102.952962606661
47503.9688679104, -15.0817274661429, 276.765594482422, -15, 0.406089502497197, 28.6089687347412, -80.5980453491211, -101.802193458689, -33.2977361402016, 7.2958255113146, 10.9470534636894, -3.5194005985464, 2.451731399871, 3.60890229419896, -0.822198712770914, 3.61404771193344, -103.157090664248
47504.0288679104, -15.0812797650142, 275.901672363281, -15, 0.405541724461256, 28.6089706420898, -80.5980377197266, -100.953843493445, -33.0856486488904, 7.22795751409503, 10.9010078844893, -3.53281754610794, 2.43476440056609, 3.59912850444915, -0.836254501907972, 3.63032160086818, -103.325068303301
47504.0888679104, -15.0798996072072, 275.037841796875, -15, 0.404452312927913, 28.6089725494385, -80.598030090332, -100.1054935282, -32.8735611575792, 7.16008951687544, 10.8535728501512, -3.54565864018233, 2.41779740126121, 3.5894155305214, -0.846270461458797, 3.64512749165962, -103.431878890572
47504.1488679104, -15.0788163756566, 274.173828125, -15, 0.404502907981701, 28.6089744567871, -80.5980224609375, -99.2571435629551, -32.661473666268, 7.09222151965587, 10.805145772649, -3.56129506675267, 2.40083040195631, 3.57960494712409, -0.854589330579092, 3.6622677002336, -103.501777367079
47504.2088679104, -15.0780474003658, 273.306732177734, -15, 0.404691340282953, 28.6089763641357, -80.5980224609375, -99.2571435629551, -32.4493861749568, 7.94057148503641, 10.7556912581151, -2.4753443924007, 2.38386340265141, 3.56945035390106, -0.86003547179017, 2.62040657517775, -109.164168936638
47504.2688679103, -15.0768748658404, 272.442810058594, -15, 0.404116651708071, 28.6089782714844, -80.598014831543, -98.4087935977103, -32.2372986836456, 7.02435352243628, 10.7053326469196, -3.50754323494191, 2.36689640334652, 3.55873822374455, -0.86268105052469, 3.61194520991707, -103.825451253137
47504.3288679103, -15.0755459450636, 271.575714111328, -15, 0.40368139935621, 28.608980178833, -80.5980072021484, -97.5604436324656, -32.0252111923345, 6.95648552521672, 10.652495646071, -3.50301414012546, 2.34992940404163, 3.54696264289335, -0.858994465663631, 3.60666881329227, -103.785728292174
47504.3888679103, -15.0754433750476, 271.143402099609, -15, 0.404888660442524, 28.6089820861816, -80.5979995727539, -96.7120936672209, -31.8131237010233, 6.88861752799715, 10.5947968720495, -3.46882318383169, 2.33296240473673, 3.534066823296, -0.853398156500554, 3.57213278665599, -103.8290243689
47504.4488679103, -15.0756114711595, 270.276245117188, -15, 0.405408288407285, 28.6089839935303, -80.5979919433594, -95.8637437019761, -31.6010362097121, 7.03283702212268, 10.5382230805988, -3.24122429848534, 2.31599540543183, 3.52054423938011, -0.851986541081093, 3.3512149332152, -104.734568071405
47504.5088679103, -15.0743722686043, 269.405914306641, -15, 0.403962975301635, 28.6089859008789, -80.5979843139648, -95.0153937367314, -31.3889487184009, 6.75288153355796, 10.4821278000359, -3.51687920472477, 2.29902840612694, 3.50622725099864, -0.847946828839066, 3.61753368049497, -103.563455354362
47504.5688679103, -15.0729853757566, 268.538787841797, -15, 0.403504099045972, 28.6089878082275, -80.5979766845703, -94.1670437714866, -31.1768612270897, 6.6850135363384, 10.4257845064045, -3.53047318092765, 2.28206140682204, 3.49109149737552, -0.842682089293481, 3.62952545373467, -103.432366229995
47504.6288679103, -15.0725769661647, 267.668487548828, -15, 0.404373868820954, 28.6089897155762, -80.5979766845703, -94.1670437714866, -30.9647737357785, 7.53336350171893, 10.3690205541322, -2.44183128756548, 2.26509440751715, 3.47521613385346, -0.837322026278068, 2.58132208033418, -108.931917977294
47504.6888679103, -15.0719482488615, 266.798187255859, -15, 0.40415463688677, 28.6089916229248, -80.5979690551758, -93.3186938062419, -30.7526862444674, 6.61714553911882, 10.3134872207242, -3.48917683625057, 2.24812740821226, 3.45882261013891, -0.833555012181693, 3.58724264830181, -103.443530267281
47504.7488679103, -15.0714472063073, 266.362609863281, -15, 0.404274957108189, 28.6089935302734, -80.5979614257813, -92.4703438409972, -30.5405987531562, 6.54927754189924, 10.2571285055477, -3.49695886759238, 2.23116040890736, 3.44176008086459, -0.827476680422761, 3.59340904233666, -103.32041615699
47504.8088679103, -15.0704211645856, 265.492309570313, -15, 0.403638304606909, 28.6089954376221, -80.5979537963867, -91.6219938757524, -30.328511261845, 6.48140954467965, 10.1974758078813, -3.47610704191005, 2.21419340960246, 3.42415357276094, -0.821995457667886, 3.57185770665806, -103.311782812427
47504.8688679102, -15.0693890262623, 264.618743896484, -15, 0.40342853585499, 28.6089973449707, -80.5979461669922, -90.7736439105077, -30.1164237705338, 6.41354154746007, 10.1404753056026, -3.51790614997451, 2.19722641029756, 3.40658487001331, -0.822377082172437, 3.61263306559903, -103.165234484599
47504.9288679102, -15.068333710804, 263.745239257813, -15, 0.403192096524947, 28.6089992523193, -80.5979461669922, -90.7736439105077, -29.9043362792226, 7.26189151284061, 10.0856186531022, -2.457190942589, 2.18025941099268, 3.38914676776073, -0.82384309599998, 2.59154174497048, -108.539890231072
47504.9888679102, -15.0676451379559, 262.874938964844, -15, 0.403425221641383, 28.609001159668, -80.5979385375977, -89.9252939452629, -29.6922487879114, 6.3456735502405, 10.0324854132604, -3.51233882360387, 2.16329241168778, 3.37192030608005, -0.826373323604911, 3.60812433773732, -103.247163017446
47505.0488679102, -15.0662104496617, 261.998138427734, -15, 0.402428214800734, 28.6090030670166, -80.5979309082031, -89.0769439800182, -29.4801612966002, 6.27780555302092, 9.97999640287612, -3.53945721689248, 2.14632541238288, 3.35488717693471, -0.828952430208606, 3.63511281492321, -103.188933202414
47505.1088679102, -15.0655121393137, 261.141326904297, -15, 0.402959075368119, 28.6090049743652, -80.5979232788086, -88.2285940147734, -29.2680738052891, 6.20993755580134, 9.92540691845052, -3.53661597344594, 2.12935841307799, 3.33815820776447, -0.833004945998474, 3.6332723936645, -103.261392947797
47505.1888679102, -15.0639404945179, 260.237426757813, -15, 0.401794460226649, 28.6090068817139, -80.5979156494141, -87.3802440495287, -29.0559863139779, 6.14206955858176, 9.87372861900267, -3.58739445599003, 2.11239141377309, 3.3220945394988, -0.841467774167621, 3.68463586754177, -103.208655593111
47505.2488679102, -15.0629495256789, 259.333648681641, -15, 0.402070817898902, 28.6090068817139, -80.5979080200195, -86.531894084284, -29.0559863139779, 6.07420156136217, 9.82460917626246, -3.63773153301434, 2.32447890511823, 3.30676647627847, -0.576514531686201, 3.68307113588467, -99.0112503580589
47505.3088679102, -15.0619353616632, 258.429870605469, -15, 0.401831629063593, 28.6090087890625, -80.5979080200195, -86.531894084284, -28.8438988226667, 6.92255152674272, 9.77746270452309, -2.58457846518842, 2.0954244144682, 3.29210245066758, -0.841141472650258, 2.71791921282187, -108.032399851673
47505.3688679102, -15.0609027013715, 257.526153564453, -15, 0.401585859487636, 28.6090106964111, -80.597900390625, -85.6835441190392, -28.6318113313555, 6.00633356414259, 9.7324340968864, -3.65341999249393, 2.0784574151633, 3.27784242477538, -0.849149468938622, 3.75067393190423, -103.092808095283
47505.4288679102, -15.0599380001136, 256.62255859375, -15, 0.401436425513034, 28.6090126037598, -80.5978927612305, -84.8351941537945, -28.4197238400443, 5.93846556692304, 9.68873478102942, -3.69796548945644, 2.06149041585841, 3.2614631903052, -0.829382684621707, 3.78970565815992, -102.649226953342
47505.4888679102, -15.0592275215013, 255.719009399414, -15, 0.401541768837245, 28.6090145111084, -80.5978851318359, -83.9868441885497, -28.2076363487331, 5.87059756970343, 9.64143780558496, -3.68893662384724, 2.04452341655352, 3.24571975919502, -0.837929717861796, 3.78277796964298, -102.805511585405
47505.5488679101, -15.0576719106647, 254.815536499023, -15, 0.400388263380863, 28.609016418457, -80.5978775024414, -83.138494223305, -27.9955488574219, 5.80272957248387, 9.5969989985702, -3.74790989804983, 2.02755641724862, 3.23125474038335, -0.854438436434664, 3.84393704931382, -102.851045970588
47505.6088679101, -15.0564028308567, 253.912017822266, -15, 0.400288615807443, 28.6090183258057, -80.5978775024414, -83.138494223305, -27.7834613661108, 6.6510795378644, 9.55580102991756, -2.71460359373132, 2.01058941794372, 3.21757667589339, -0.866978893785582, 2.84958989281232, -107.717807548576
47505.6688679101, -15.0550182324759, 253.0087890625, -15, 0.399803565675174, 28.6090202331543, -80.5978698730469, -82.2901442580602, -27.5713738747996, 5.73486157526426, 9.51700700535272, -3.7938210475133, 1.99362241863883, 3.20456155887642, -0.879077190746028, 3.89419120191106, -103.054656094996
47505.7288679101, -15.0533484600594, 252.105499267578, -15, 0.399058057058877, 28.6090221405029, -80.5978622436523, -81.4417942928155, -27.3592863834884, 5.66699357804472, 9.47928370668807, -3.84298931885958, 1.97665541933394, 3.19219748918067, -0.89184050473204, 3.94496556035957, -103.074283205711
47505.7888679101, -15.0526348871743, 251.202362060547, -15, 0.399727365509341, 28.6090240478516, -80.5978546142578, -80.5934443275708, -27.1471988921772, 5.59912558082511, 9.43765240142889, -3.83769639935254, 1.95968842002904, 3.18035575144065, -0.903946538566761, 3.94256396818808, -103.263122343363
47505.8488679101, -15.0517415950524, 250.299133300781, -15, 0.399613351535481, 28.6090259552002, -80.5978469848633, -79.745094362326, -26.935111400866, 5.53125758360556, 9.39904343736311, -3.90535132258772, 1.94272142072414, 3.16892730711254, -0.915461462190376, 4.01105227334061, -103.201944718879
47505.9088679101, -15.0498541633008, 249.396041870117, -15, 0.397993389107785, 28.6090278625488, -80.5978469848633, -79.745094362326, -26.7230239095548, 6.37960754898608, 9.36363802948714, -2.87867085487123, 1.92575442141925, 3.15780426483477, -0.926267461032815, 3.02390397398693, -107.842875776264
47505.9688679101, -15.0478167068391, 248.493133544922, -15, 0.39719683605176, 28.6090297698975, -80.5978393554688, -78.8967443970813, -26.5109364182436, 5.46338958638596, 9.33038587484911, -3.96208255458125, 1.90878742211436, 3.14682077745357, -0.935586044320177, 4.07087505443826, -103.295807284767
47506.0288679101, -15.046337983187, 247.590225219727, -15, 0.397209971215319, 28.6090316772461, -80.5978317260742, -78.0483944318366, -26.2988489269325, 5.39552158916639, 9.29789492845955, -4.01448852206643, 1.89182042280947, 3.13582853485079, -0.943414605014071, 4.12367460473204, -103.234552622435
47506.0888679101, -15.0453735850394, 246.687377929688, -15, 0.397388937298439, 28.6090335845947, -80.5978240966797, -77.2000444665918, -26.0867614356213, 5.3276535919468, 9.26099035001357, -4.00986830607796, 1.87485342350457, 3.12471025500145, -0.949922609993639, 4.12067021978073, -103.337374316068
47506.14886791, -15.0449501142525, 245.784591674805, -15, 0.397805172127025, 28.6090335845947, -80.5978240966797, -77.2000444665918, -26.0867614356213, 6.17600355732734, 9.22670775719184, -2.97875951500147, 2.0869409148497, 3.1133076789031, -0.679507386629319, 3.05521234260289, -102.85559304868
47506.20886791, -15.0435816826097, 244.881866455078, -15, 0.396601077137737, 28.6090354919434, -80.5978164672852, -76.3516945013471, -25.8746739443101, 5.25978559472723, 9.19495359956666, -4.06776153374352, 1.85788642419967, 3.10139903978135, -0.935767885797647, 4.17383201389672, -102.965173923964
47506.26886791, -15.0416948010281, 243.97917175293, -15, 0.395539367292421, 28.609037399292, -80.5978088378906, -75.5033445361023, -25.6625864529989, 5.19191759750765, 9.16369101975989, -4.11898687687677, 1.84091942489478, 3.08882275235945, -0.935108999050998, 4.22362105205019, -102.800827272614
47506.32886791, -15.0411121821661, 243.076522827148, -15, 0.396516541893896, 28.6090393066406, -80.5978088378906, -75.5033445361023, -25.4504989616877, 6.04026756288819, 9.12759796080145, -3.01120285438403, 1.82395242558988, 3.07424611839471, -0.955415791899359, 3.15900638991189, -107.610400597142
47506.38886791, -15.0415341980627, 242.173873901367, -15, 0.397647146479082, 28.6090412139893, -80.5978012084961, -74.6549945708576, -25.2384114703765, 5.12404960028806, 9.09364091691997, -4.09365786240903, 1.80698542628499, 3.05899798393002, -0.91507304732385, 4.19451642272539, -102.61029283419
47506.44886791, -15.0406234522923, 241.271270751953, -15, 0.396294083805105, 28.6090431213379, -80.5977935791016, -73.8066446056128, -25.0263239790653, 5.0561816030685, 9.04842918989498, -4.01069390374105, 1.79001842698009, 3.03849137210665, -0.858989822473346, 4.10150259320148, -102.097831802552
47506.50886791, -15.0382466210668, 240.067825317383, -15, 0.394236353298584, 28.6090450286865, -80.597785949707, -72.9582946403681, -24.8142364877542, 4.9883136058489, 9.01055501447485, -4.12247535080557, 1.7730514276752, 3.02341632664874, -0.916326049692282, 4.22291451307613, -102.541686165765
47506.56886791, -15.0366963748941, 239.165374755859, -15, 0.394415164831618, 28.6090450286865, -80.597785949707, -72.9582946403681, -24.8142364877542, 5.83666357122945, 8.97504841846469, -3.08740630214822, 1.98513891902033, 3.00768560295761, -0.637000937325808, 3.15237292416068, -101.663072295247
47506.62886791, -15.0370150656373, 238.262969970703, -15, 0.396211133756007, 28.6090469360352, -80.5977783203125, -72.1099446751234, -24.602148996443, 4.92044560862934, 8.94057706119042, -4.15826669477106, 1.7560844283703, 2.99089814026592, -0.881894869095583, 4.25059460116201, -101.983754842741
47506.68886791, -15.0369623009643, 237.360488891602, -15, 0.395991368609435, 28.6090488433838, -80.597770690918, -71.2615947098786, -24.3900615051318, 4.85257761140974, 8.90396067981711, -4.17674922263334, 1.73911742906541, 2.97340006134258, -0.874891980815033, 4.2672372410933, -101.840280048515
47506.7488679099, -15.0349526233585, 236.458129882813, -15, 0.393661594659585, 28.6090507507324, -80.5977630615234, -70.4132447446339, -24.1779740138206, 4.78470961419019, 8.86361729541772, -4.17495607235905, 1.72215042976052, 2.95366784497858, -0.849971256383006, 4.26044953480453, -101.516976043797
47506.8088679099, -15.0338776452369, 235.555877685547, -15, 0.394112152583609, 28.6090526580811, -80.5977630615234, -70.4132447446339, -23.9658865225094, 5.63305957957071, 8.82559106424306, -3.1363916876344, 1.70518343045562, 2.93497341499714, -0.859014077388944, 3.25178732377034, -105.323645058959
47506.8688679099, -15.0345964306383, 234.653503417969, -15, 0.395998258972026, 28.6090545654297, -80.5977554321289, -69.5648947793891, -23.7537990311982, 4.71684161697058, 8.78866729784066, -4.20501246620424, 1.68821643115072, 2.91716536479161, -0.867605983428722, 4.29342730068931, -101.667802526987
47506.9288679099, -15.0340839022395, 233.751129150391, -15, 0.394869404485666, 28.6090545654297, -80.5977478027344, -68.7165448141444, -23.7537990311982, 4.64897361975102, 8.74903886520987, -4.21431332056925, 1.90030392249586, 2.90023773585869, -0.602192012110564, 4.25704331357599, -98.1391553891077
47506.9888679099, -15.0331491591145, 232.848922729492, -15, 0.394243109107731, 28.6090564727783, -80.5977478027344, -68.7165448141444, -23.5417115398871, 5.49732358513155, 8.70519731053227, -3.10347700025973, 1.72427130468211, 2.88454634092302, -0.807659984560403, 3.20675007710615, -104.593656392796
47507.0488679099, -15.0327923675267, 231.94660949707, -15, 0.394680395856328, 28.609058380127, -80.5977401733398, -67.8681948488996, -23.3296240485759, 4.58110562253143, 8.66335346881637, -4.17515242364838, 1.65428243254093, 2.86957655256084, -0.881628127303038, 4.26705866217814, -101.933257665074
47507.1088679099, -15.0323201166862, 231.044403076172, -15, 0.394492239826144, 28.6090602874756, -80.5977325439453, -67.0198448836549, -23.1175365572647, 4.51323762531186, 8.61983957161475, -4.19014074997732, 1.63731543323604, 2.85439502087333, -0.88238350294282, 4.28187944513505, -101.901760508526
47507.1688679099, -15.0321067498016, 228.899948120117, -15, 0.394718949951661, 28.6090621948242, -80.5977325439453, -67.0198448836549, -22.9054490659535, 5.36158759069239, 8.57228987230408, -3.07662955261959, 1.62034843393115, 2.83978750951162, -0.891686755178801, 3.20312196325902, -106.169699624101
47507.2288679099, -15.0322268078731, 228.360107421875, -15, 0.395141507734023, 28.6090641021729, -80.5977249145508, -66.1714949184102, -22.6933615746423, 4.44536962809228, 8.52652597569843, -4.14148115267422, 1.60338143462625, 2.82636883196349, -0.908566871862831, 4.23980208327617, -102.383591941445
47507.2888679099, -15.0306575595816, 227.262054443359, -15, 0.393198025793375, 28.6090641021729, -80.5977172851563, -65.3231449531654, -22.6933615746423, 4.37750163087269, 8.48049033030551, -4.16742428021234, 1.81546892597138, 2.81442878943878, -0.655119557373643, 4.21851272863959, -98.9413545299529
47507.3488679099, -15.0298472609814, 226.28369140625, -15, 0.393595906212427, 28.6090660095215, -80.5977172851563, -65.3231449531654, -22.4812740833311, 5.22585159625323, 8.43140620501221, -3.18529332933461, 1.58641443532136, 2.80387581337415, -0.931922516305824, 3.31868622201808, -106.3151886338
47507.4088679098, -15.0297567159666, 225.304733276367, -15, 0.394248753008977, 28.6090679168701, -80.5977096557617, -64.4747949879207, -22.2691865920199, 4.30963363365312, 8.38335635803095, -4.11717177158058, 1.56944743601646, 2.79215361306768, -0.927257656389683, 4.22012200329957, -102.7022632387
47507.4688679098, -15.0288743388896, 224.326400756836, -15, 0.393322565142964, 28.6090698242188, -80.5977020263672, -63.626445022676, -22.0570991007088, 4.24176563643354, 8.33556294746819, -4.14628191814038, 1.55248043671157, 2.77877930580397, -0.915783596585559, 4.24603919181411, -102.464904351493
47507.5288679098, -15.0280955591303, 223.785888671875, -15, 0.393181671014634, 28.6090717315674, -80.5976943969727, -62.7780950574312, -21.8450116093976, 4.17389763921395, 8.28663843354837, -4.16017070900384, 1.53551343740667, 2.76789741992139, -0.948749376896853, 4.26679778016129, -102.857251723527
47507.5888679098, -15.0280281322815, 222.806900024414, -15, 0.39383157876424, 28.6090717315674, -80.5976943969727, -62.7780950574312, -21.8450116093976, 5.0222476045945, 8.23737736700879, -3.08160102235881, 1.74760092875181, 2.75786578570232, -0.691315101770491, 3.1581197744978, -102.649790640597
47507.6488679098, -15.0271630504296, 221.827972412109, -15, 0.392902322671912, 28.609073638916, -80.5976867675781, -61.9297450921865, -21.6329241180864, 4.10602964199438, 8.18783740791597, -4.12127478569382, 1.51854643810178, 2.7482354663075, -0.959375068936584, 4.23127858357174, -103.114602501291
47507.7088679098, -15.0263755017285, 220.729278564453, -15, 0.392731040655709, 28.6090755462646, -80.5976867675781, -61.9297450921865, -21.4208366267752, 4.95437960737492, 8.13744741738395, -3.03619636489112, 1.50157943879688, 2.73762100395449, -0.957898308634455, 3.18358264852553, -107.517044312322
47507.7688679098, -15.0264135010192, 220.188232421875, -15, 0.393513437534972, 28.6090774536133, -80.5976791381836, -61.0813951269417, -21.208749135464, 4.0381616447748, 8.08342246429052, -4.03690550717057, 1.48461243949199, 2.72505609336487, -0.944420598915696, 4.14572791080123, -103.177289359251
47507.8288679098, -15.02605232272, 219.208648681641, -15, 0.393114475191876, 28.6090774536133, -80.5976715087891, -60.233045161697, -21.208749135464, 3.97029364755523, 8.02878961564715, -4.04914382754207, 1.69669993083712, 2.71410645026647, -0.693539156409796, 4.10801183834454, -99.7270410768418
47507.8888679098, -15.0259339881801, 218.229675292969, -15, 0.393347313139882, 28.6090793609619, -80.5976715087891, -60.233045161697, -20.9966616441528, 4.81864361293576, 7.97058537287103, -2.92745600147646, 1.46764544018709, 2.70407192293231, -0.966256125922243, 3.08266717805917, -108.272956206598
47507.9488679098, -15.02586594393, 217.250091552734, -15, 0.39343960184643, 28.6090812683105, -80.5976638793945, -59.3846951964522, -20.7845741528416, 3.90242565033564, 7.91423114470231, -3.98019971216745, 1.4506784408822, 2.69225246997148, -0.955328869682906, 4.09306418477396, -103.506695695683
47508.0088679097, -15.0251478198925, 216.269897460938, -15, 0.392686062534841, 28.6090831756592, -80.59765625, -58.5363452312075, -20.5724866615305, 4.04664514446119, 7.85754487312398, -3.73807889906287, 1.4337114415773, 2.67808008391263, -0.935899695779407, 3.85329715390272, -104.065129202684
47508.0688679097, -15.0251200304964, 215.728866577148, -15, 0.393325585735839, 28.6090831756592, -80.59765625, -58.5363452312075, -20.5724866615305, 4.6829076184966, 7.79752704616124, -2.87109575567202, 1.64579893292244, 2.6655644962761, -0.683555844565305, 2.9512790907622, -103.396870588145
47508.1288679097, -15.0246456837974, 214.629013061523, -15, 0.392837653021735, 28.6090850830078, -80.5976486206055, -57.6879952659628, -20.3603991702193, 3.76668965589648, 7.7394241254775, -3.92236650944619, 1.41674444227241, 2.65324480593785, -0.946338478140529, 4.03473866197817, -103.573980002767
47508.1888679097, -15.0239525335035, 213.64875793457, -15, 0.392449914175631, 28.6090869903564, -80.5976409912109, -56.839645300718, -20.1483116789081, 3.69882165867692, 7.68012123917984, -3.92303376615924, 1.39977744296751, 2.63988518094606, -0.941012045421894, 4.03414344807888, -103.498181268758
47508.2488679097, -15.0235921549639, 212.668609619141, -15, 0.39265384901986, 28.6090888977051, -80.5976409912109, -56.839645300718, -19.9362241875969, 4.54717162405744, 7.61894860540131, -2.81475223854511, 1.38281044366262, 2.62439298080043, -0.92220100239342, 2.9618576197633, -108.14650492455
47508.3088679097, -15.0230787888289, 212.126968383789, -15, 0.392390249269556, 28.6090888977051, -80.5976333618164, -55.9912953354733, -19.9362241875969, 3.63095366145731, 7.56185445643951, -3.88884420356164, 1.59489793500775, 2.60970744772355, -0.658748929483194, 3.9441593290114, -99.6213651374726
47508.3688679097, -15.0218584963821, 211.146759033203, -15, 0.391378602520099, 28.6090908050537, -80.5976333618164, -55.9912953354733, -19.7241366962857, 4.47930362683786, 7.50688962512727, -2.82797617562789, 1.36584344435772, 2.59553641968264, -0.922491950759849, 2.97451667903673, -108.072568684902
47508.4288679097, -15.0204483192092, 210.165969848633, -15, 0.390717639336762, 28.6090927124023, -80.5976257324219, -55.1429453702285, -19.5120492049745, 3.56308566423776, 7.45086185750062, -3.8519077121659, 1.34887644505283, 2.58087132377035, -0.921052753043433, 3.96033492533865, -103.457040801581
47508.4888679097, -15.020102343835, 209.0654296875, -15, 0.391526391050875, 28.609094619751, -80.5976181030273, -54.2945954049838, -19.2999617136633, 3.49521766701816, 7.39765620616835, -3.90006515330205, 1.33190944574793, 2.56462674656355, -0.906864476993882, 4.00395314602035, -103.099354476338
47508.5488679097, -15.0196664078598, 208.08464050293, -15, 0.391336048716961, 28.609094619751, -80.5976181030273, -54.2945954049838, -19.2999617136633, 4.3435676323987, 7.34374432179561, -2.81208870920567, 1.54399693709307, 2.55018304633086, -0.653639528510049, 2.88699574387212, -103.09022534783
47508.6088679097, -15.0189422273912, 207.542358398438, -15, 0.390862999467103, 28.6090965270996, -80.5976104736328, -53.4462454397391, -19.0878742223522, 3.42734966979858, 7.29351503672037, -3.89042081443619, 1.31494244644304, 2.5362069541773, -0.9171424462022, 3.99690270748156, -103.274219527302
47508.6688679096, -15.0178949669034, 206.561569213867, -15, 0.390228546823301, 28.6090984344482, -80.5976104736328, -53.4462454397391, -18.875786731041, 4.27569963517912, 7.24543525385893, -2.8379819800582, 1.29797544713814, 2.52242832602603, -0.923677803337144, 2.98439684644172, -108.034677107305
47508.7488679096, -15.0164072936282, 205.580184936523, -15, 0.389315688737827, 28.6091003417969, -80.5976028442383, -52.5978954744943, -18.6636992397298, 3.359481672579, 7.19682004911085, -3.87605347363897, 1.28100844783325, 2.50826525270446, -0.923934416896196, 3.98448775433106, -103.416690322
47508.8088679096, -15.0151508592813, 204.478973388672, -15, 0.389051266683931, 28.6091003417969, -80.5975952148438, -51.7495455092496, -18.6636992397298, 3.29161367535943, 7.14981748282929, -3.91953329771639, 1.49309593917838, 2.4946333804555, -0.65898411377497, 3.97445891989802, -99.5508837883505
47508.8688679096, -15.0149833009894, 203.936080932617, -15, 0.389936589982705, 28.6091022491455, -80.5975952148438, -51.7495455092496, -18.4516117484186, 4.13996364073996, 7.10176965011869, -2.83518035932037, 1.26404144852836, 2.48194196373295, -0.92875509806258, 2.98330848804669, -108.144060058251
47508.9288679096, -15.014090812292, 202.954681396484, -15, 0.389017758269284, 28.6091041564941, -80.5975875854492, -50.9011955440048, -18.2395242571074, 3.22374567813985, 7.05835396643046, -3.93116534921831, 1.24707444922346, 2.4695328933553, -0.93778155129097, 4.04130112484761, -103.426755449496
47508.9888679096, -15.0117680549476, 201.973205566406, -15, 0.386932068957018, 28.6091041564941, -80.5975875854492, -50.9011955440048, -18.2395242571074, 4.07209564352039, 7.01761898456488, -2.89283774475816, 1.45916194056859, 2.45685501813574, -0.665973678840396, 2.96844306283781, -102.969486894078
47509.0488679096, -15.011287454654, 200.991806030273, -15, 0.388308822079509, 28.6091060638428, -80.5975799560547, -50.0528455787601, -18.0274367657962, 3.15587768092027, 6.97421428990193, -3.9158075402698, 1.23010744991857, 2.44525181121782, -0.93839098895359, 4.02650653406848, -103.48585618384
47509.1088679096, -15.0110859260415, 200.328643798828, -15, 0.388494028146831, 28.6091079711914, -80.5975723266602, -49.2044956135153, -17.815349274485, 3.08800968370069, 6.93412037282758, -3.98455187874836, 1.21314045061367, 2.43344688501397, -0.943300467675865, 4.09451272858792, -103.328737650865
47509.1688679096, -15.0104674639747, 199.347137451172, -15, 0.387930601166786, 28.60910987854, -80.5975723266602, -49.2044956135153, -17.6032617831739, 3.93635964908123, 6.89251449172736, -2.90325891561581, 1.19617345130877, 2.42025765403199, -0.934725192401241, 3.04989763708956, -107.852750847658
47509.2288679096, -15.0088326908005, 198.365173339844, -15, 0.38645626404653, 28.60910987854, -80.5975646972656, -48.3561456482706, -17.6032617831739, 3.02014168648112, 6.85566614791054, -4.00837914567373, 1.40826094265391, 2.40723479805716, -0.666855910002264, 4.06338214308077, -99.4528915655032
47509.2888679095, -15.0070110059846, 197.383117675781, -15, 0.385592863436607, 28.6091117858887, -80.5975646972656, -48.3561456482706, -17.3911742918627, 3.86849165186165, 6.82252947582691, -2.98948432074874, 1.17920645200388, 2.3947433481024, -0.932774941175736, 3.13150058076792, -107.335570911393
47509.3488679095, -15.0059253040517, 196.719879150391, -15, 0.385789677644894, 28.6091136932373, -80.5975570678711, -47.5077956830259, -17.1790868005515, 2.95227368926154, 6.78652916959015, -4.01940972013673, 1.16223945269898, 2.38286003952965, -0.94568915622725, 4.12898472832983, -103.249688568451
47509.4088679095, -15.0054089380262, 195.737243652344, -15, 0.386186789831773, 28.6091136932373, -80.5975570678711, -47.5077956830259, -17.1790868005515, 3.80062365464207, 6.75380011206933, -2.99659928569389, 1.37432694404412, 2.36783019380738, -0.642279082195886, 3.06459679180469, -102.102619595415
47509.4688679095, -15.0058125166491, 194.755187988281, -15, 0.38702470311586, 28.6091156005859, -80.5975494384766, -46.6594457177811, -16.9669993092403, 2.88440569204194, 6.71891894790136, -4.03498308529062, 1.1452724533941, 2.354860143905, -0.922904121909566, 4.13901340149551, -102.893159171457
47509.5288679095, -15.0053497691788, 193.772567749023, -15, 0.386133715024249, 28.6091175079346, -80.5975494384766, -46.6594457177811, -16.7549118179291, 3.73275565742249, 6.68468975860154, -2.98417900881715, 1.12830545408919, 2.34270397626134, -0.937544581604672, 3.12786176554003, -107.447920740307
47509.5888679095, -15.0042551797559, 193.229019165039, -15, 0.385182109833846, 28.6091175079346, -80.597541809082, -45.8110957525364, -16.7549118179291, 2.81653769482238, 6.64932140703675, -4.03210658963509, 1.34039294543433, 2.32976202263508, -0.660245009257928, 4.08571745852198, -99.3068209209994
47509.6488679095, -15.0034382592654, 192.126647949219, -15, 0.385097047192312, 28.6091194152832, -80.5975341796875, -44.9627457872916, -16.5428243266179, 2.74866969760278, 6.61412095066456, -4.07530586132958, 1.11133845478431, 2.31701239079667, -0.922457462072283, 4.17823050360559, -102.764019297132
47509.7088679095, -15.0019904272826, 191.144027709961, -15, 0.383998126104169, 28.6091213226318, -80.5975341796875, -44.9627457872916, -16.3307368353067, 3.59701966298333, 6.5786992542306, -3.01435647428869, 1.0943714554794, 2.30493638485423, -0.935789252025444, 3.15614295863986, -107.25341330901
47509.7688679095, -15.0012653555098, 190.161346435547, -15, 0.384314193636592, 28.6091213226318, -80.597526550293, -44.1143958220469, -16.3307368353067, 2.68080170038322, 6.54582811795263, -4.10219728328932, 1.30645894682454, 2.29019191441574, -0.637496492700731, 4.15135275135318, -98.8405697978347
47509.8288679095, -15.0012400032991, 189.617202758789, -15, 0.384890872397393, 28.6091232299805, -80.597526550293, -44.1143958220469, -16.1186493439956, 3.52915166576375, 6.51880604945846, -3.11203531311705, 1.07740445617452, 2.27736525279251, -0.9168679521665, 3.24416149067739, -106.423005887019
47509.8888679094, -15.0011206067578, 188.514251708984, -15, 0.384768105325681, 28.6091251373291, -80.5975189208984, -43.2660458568022, -15.9065618526844, 2.61293370316364, 6.49028301651339, -4.16458599377934, 1.06043745686962, 2.26574375603823, -0.965352190848129, 4.27481456801588, -103.061199627291
47509.9488679094, -14.9997052202951, 187.531600952148, -15, 0.383121074800181, 28.6091251373291, -80.5975189208984, -43.2660458568022, -15.9065618526844, 3.46128366854417, 6.4641129572331, -3.14049339841079, 1.27252494821475, 2.25217963524767, -0.646678066841261, 3.20631757960043, -101.640916194394
47510.0088679094, -14.9987048616685, 186.548355102539, -15, 0.38306290246465, 28.6091270446777, -80.5975112915039, -42.4176958915574, -15.6944743613732, 2.54506570594405, 6.42798876823525, -4.09939438337898, 1.04347045756472, 2.23977213063881, -0.918938392913206, 4.20095710814801, -102.644722263577
47510.0688679094, -14.9988564741394, 185.450210571289, -15, 0.384080092790086, 28.6091289520264, -80.5975112915039, -42.4176958915574, -15.482386870062, 3.39341567132459, 6.40315427611814, -3.16627584636979, 1.02650345825983, 2.23178045482003, -0.974590235202185, 3.31272723910659, -107.115964369135
47510.1288679094, -14.9987021259512, 184.466979980469, -15, 0.383759492676742, 28.6091289520264, -80.5975036621094, -41.5693459263127, -15.482386870062, 2.47719770872447, 6.37666385303781, -4.21972926384501, 1.23859094960496, 2.22265579570536, -0.69839626059734, 4.27703053476735, -99.4058024232477
47510.1888679094, -14.9974498424082, 183.922286987305, -15, 0.382335982657696, 28.609130859375, -80.5975036621094, -41.5693459263127, -15.2702993787508, 3.32554767410501, 6.35129612556737, -3.18431043759507, 1.00953645895493, 2.21557131812947, -0.985885712592633, 3.33328706298011, -107.210442559966
47510.2488679094, -14.9961954794495, 182.819259643555, -15, 0.381821091066091, 28.609130859375, -80.5974960327148, -40.7209959610679, -15.2702993787508, 2.4093297115049, 6.32415300890291, -4.23579525475293, 1.22162395030007, 2.20902599821838, -0.729510356962844, 4.29804337994232, -99.7803846023834
47510.3088679094, -14.9959217115545, 181.835357666016, -15, 0.382516511595937, 28.6091327667236, -80.5974960327148, -40.7209959610679, -15.0582118874396, 3.25767967688543, 6.29854756680473, -3.20425003217733, 0.992569459650036, 2.20113281151663, -0.982150391802918, 3.3512433203266, -107.048667094848
47510.3688679094, -14.9959691686522, 180.852096557617, -15, 0.382791089434952, 28.6091346740723, -80.5974884033203, -39.8726459958232, -14.8461243961285, 2.34146171428532, 6.27031097271739, -4.24587346405162, 0.975602460345141, 2.1941226749881, -1.0036602409969, 4.3626747212581, -103.310812850098
47510.4288679094, -14.9954932544387, 180.307373046875, -15, 0.382151060753564, 28.6091346740723, -80.5974884033203, -39.8726459958232, -14.8461243961285, 3.18981167966586, 6.24295568093282, -3.20567206488292, 1.18768995169028, 2.18575155492127, -0.726098908879129, 3.28679216942181, -102.768512779942
47510.4888679093, -14.9950287104723, 179.203750610352, -15, 0.381959804504279, 28.6091365814209, -80.5974807739258, -39.0242960305785, -14.6340369048173, 2.27359371706574, 6.2123079260581, -4.23779491177178, 0.958635461040248, 2.17970627379694, -1.01770099222634, 4.35806512515861, -103.514973316312
47510.5488679093, -14.9947552655507, 178.219879150391, -15, 0.381993941536282, 28.6091384887695, -80.5974807739258, -39.0242960305785, -14.4219494135061, 3.12194368244628, 6.18120884162046, -3.17977831545518, 0.994690334571637, 2.1726879253413, -0.956989251081523, 3.32052376982575, -106.757129263574
47510.6088679093, -14.9946188776858, 177.23600769043, -15, 0.38203745723738, 28.6091384887695, -80.5974731445313, -38.1759460653337, -14.4219494135061, 2.20572571984615, 6.1476760486961, -4.21702860439203, 1.15375595308049, 2.16387481703035, -0.738193251660086, 4.28103669449742, -99.9375786435858
47510.6688679093, -14.9943663027594, 176.690643310547, -15, 0.381822703623776, 28.6091403961182, -80.5974731445313, -38.1759460653337, -14.2098619221949, 3.0540756852267, 6.1131481595385, -3.14945966009644, 0.924701462430457, 2.15587969446211, -1.0123830577257, 3.30801800205096, -107.827364325758
47510.7288679093, -14.9933935007229, 175.58708190918, -15, 0.380813574052902, 28.6091403961182, -80.5974655151367, -37.327596100089, -14.2098619221949, 2.13785772262658, 6.07759436794329, -4.19836148291138, 1.13678895377559, 2.1468232164304, -0.737002760394579, 4.26244527301349, -99.965027008025
47510.7888679093, -14.9924900420885, 174.603179931641, -15, 0.38048744689375, 28.6091423034668, -80.5974655151367, -37.327596100089, -13.9977744308837, 2.98620768800712, 6.04361498029345, -3.15714474310636, 0.907734463125562, 2.13571699829076, -0.978780075845498, 3.305238803838, -107.231930503807
47510.8488679093, -14.9928313073024, 173.618682861328, -15, 0.381639716775041, 28.6091442108154, -80.5974578857422, -36.4792461348442, -13.7856869395725, 2.06998972540701, 6.00831005558803, -4.20334801021965, 0.890767463820669, 2.1250954274335, -0.991981659585283, 4.31861043466399, -103.289582325523
47510.9088679093, -14.9929502530511, 173.073333740234, -15, 0.381480879612626, 28.6091442108154, -80.5974578857422, -36.4792461348442, -13.7856869395725, 2.91833969078754, 5.97415118259273, -3.15763140816655, 1.1028549551658, 2.11253335056929, -0.703602924698627, 3.23499488072131, -102.56763214743
47510.9688679093, -14.9916955422556, 171.969161987305, -15, 0.379809368134207, 28.6091461181641, -80.5974502563477, -35.6308961695995, -13.5735994482613, 2.00212172818741, 5.93788181955779, -4.28628684291945, 0.873800464515772, 2.1021359967692, -0.98837572088237, 4.398558668953, -102.99596270166
47511.0288679093, -14.9905232249789, 170.984680175781, -15, 0.379380672164131, 28.6091461181641, -80.5974502563477, -35.6308961695995, -13.5735994482613, 2.85047169356796, 5.90208035921511, -3.14114171657221, 1.08588795586091, 2.09139137363625, -0.718107792230139, 3.22210076443012, -102.883210729062
47511.0888679093, -14.9909525754499, 170.438690185547, -15, 0.380859993202125, 28.6091480255127, -80.5974426269531, -34.7825462043547, -13.3615119569502, 1.93425373096785, 5.86419237687914, -4.17663043614009, 0.856833465210878, 2.07950818190186, -0.96806126974254, 4.28715801743492, -103.060181527925
47511.1488679092, -14.9908787114525, 169.334533691406, -15, 0.380383738347119, 28.6091499328613, -80.5974426269531, -34.7825462043547, -13.149424465639, 2.78260369634838, 5.8267424480046, -3.11987758089967, 0.839866465905983, 2.06686088317452, -0.966340037155199, 3.26596479737876, -107.216899232677
47511.2088679092, -14.9911089466466, 168.350036621094, -15, 0.380702575257733, 28.6091499328613, -80.5974349975586, -33.93419623911, -13.149424465639, 1.86638573374826, 5.78654737799032, -4.14600573758702, 1.05195395725112, 2.05278915516875, -0.681305182266165, 4.20151518692492, -99.339692615503
47511.2688679092, -14.9912262796083, 167.36491394043, -15, 0.380629102087514, 28.60915184021, -80.5974349975586, -33.93419623911, -12.9373369743278, 2.7147356991288, 5.74597380333279, -3.07733118597052, 0.822899466601088, 2.03973987680658, -0.951466037695172, 3.22092908429517, -107.187880898964
47511.3288679092, -14.9910380994463, 166.818954467773, -15, 0.380272350051337, 28.60915184021, -80.5974273681641, -33.0858462738653, -12.9373369743278, 1.79851773652868, 5.70258880684274, -4.09895896961472, 1.03498695794622, 2.02627687592118, -0.677262995736365, 4.15443943340153, -99.3897550236498
47511.3888679092, -14.9910868457919, 165.714141845703, -15, 0.380462547883241, 28.6091537475586, -80.5974273681641, -33.0858462738653, -12.7252494830166, 2.64686770190922, 5.66020389054362, -3.04188591522288, 0.805932467296193, 2.01106709370127, -0.917131913280299, 3.1770128142668, -106.78488087024
47511.4488679092, -14.9915659964888, 164.729049682617, -15, 0.380987576444294, 28.6091537475586, -80.5974273681641, -33.0858462738653, -12.7252494830166, 2.64686770190922, 5.61510185277096, -2.96237319564616, 1.01801995864133, 1.99676741476324, -0.655155590234322, 3.03389209633154, -102.475865578301
47511.5088679092, -14.9913419736902, 163.743957519531, -15, 0.380286015332969, 28.6091556549072, -80.5974197387695, -32.2374963086205, -12.5131619917054, 1.7306497393091, 5.57175094608585, -4.02962963434617, 0.788965467991302, 1.98140907263618, -0.901719802732473, 4.1291249078143, -102.62298426484
47511.5688679092, -14.99034268626, 163.077682495117, -15, 0.379211274559804, 28.6091556549072, -80.5974197387695, -32.2374963086205, -12.5131619917054, 2.57899970468964, 5.525938484013, -2.93378733078809, 1.00105295933643, 1.96855264043192, -0.657386693513947, 3.00647428232867, -102.634972173148
47511.6288679092, -14.9900841222084, 162.09196472168, -15, 0.379695370788122, 28.6091575622559, -80.597412109375, -31.3891463433758, -12.3010745003942, 1.87486923343467, 5.47658836990994, -3.68630827054424, 0.771998468686402, 1.95445270755682, -0.903606628676572, 3.79529269754017, -103.781656242222
47511.6888679092, -14.9902182369153, 161.106872558594, -15, 0.380046903680455, 28.6091594696045, -80.597412109375, -31.3891463433758, -12.088987009083, 2.51113170747006, 5.4286898665419, -2.88158173990766, 0.75503146938151, 1.94069874224242, -0.911633345436313, 3.0222322618187, -107.561832432495
47511.7488679091, -14.9900029444973, 160.439987182617, -15, 0.379639622942577, 28.6091594696045, -80.5974044799805, -30.540796378131, -12.088987009083, 1.59491374486994, 5.37811283479986, -3.89583549264681, 0.967118960726644, 1.92685775376256, -0.640224781267369, 3.948010900769, -99.3392046202852
47511.8088679091, -14.9900078031293, 159.454284667969, -15, 0.379795049013219, 28.6091613769531, -80.5974044799805, -30.540796378131, -11.8768995177719, 2.44326371025048, 5.32512277429253, -2.79182628936267, 0.738064470076614, 1.91504246144631, -0.921874967701887, 2.93997870262968, -108.279496759229
47511.8688679091, -14.9902076964391, 158.468597412109, -15, 0.380008158324521, 28.6091613769531, -80.5974044799805, -30.540796378131, -11.8768995177719, 2.44326371025048, 5.26947475158015, -2.70016476667759, 0.950151961421749, 1.90333365368857, -0.654956163379048, 2.77840596819181, -103.638999020009
47511.9288679091, -14.9906011395604, 157.363174438477, -15, 0.380298630501469, 28.6091632843018, -80.5973968505859, -29.6924464128863, -11.6648120264607, 1.52704574765036, 5.21540570677781, -3.75274626311294, 0.721097470771721, 1.89014922557438, -0.899945465907855, 3.85899570587551, -103.494190181413
47511.9888679091, -14.9905800174111, 156.815353393555, -15, 0.379916450634969, 28.6091632843018, -80.5973968505859, -29.6924464128863, -11.6648120264607, 2.3753957130309, 5.15587269695548, -2.61031532885106, 0.933184962116854, 1.87893525991862, -0.652255792272904, 2.69051841607187, -104.033941192226
47512.0488679091, -14.991451418604, 155.829071044922, -15, 0.380983134819993, 28.6091651916504, -80.5973892211914, -28.8440964476416, -11.4527245351495, 1.45917775043078, 5.09577494820475, -3.63419415450364, 0.704130471466824, 1.86660664479235, -0.901877833898405, 3.7442835989213, -103.945650044965
47512.1088679091, -14.9909626950061, 154.723037719727, -15, 0.379627096139987, 28.6091651916504, -80.5973892211914, -28.8440964476416, -11.4527245351495, 2.30752771581132, 5.03917315753359, -2.58485061530773, 0.916217962811959, 1.85432314814648, -0.63364669622438, 2.66133207344711, -103.778017849754
47512.1688679091, -14.9900452092253, 154.175247192383, -15, 0.378872935636259, 28.609167098999, -80.5973815917969, -27.9957464823968, -11.2406370438383, 1.39130975321121, 4.98215434638969, -3.61387389908259, 0.687163472161929, 1.84136855245084, -0.886948102718968, 3.7209834697274, -103.797734060584
47512.2288679091, -14.9894168295374, 153.188949584961, -15, 0.378830755993774, 28.609167098999, -80.5973815917969, -27.9957464823968, -11.2406370438383, 2.23965971859174, 4.92806064973376, -2.56180569008173, 0.899250963507064, 1.82861371592215, -0.619692518591568, 2.63564247774023, -103.602555194932
47512.3088679091, -14.9896470116074, 152.082931518555, -15, 0.379607237988275, 28.6091690063477, -80.5973815917969, -27.9957464823968, -11.0285495525271, 2.23965971859174, 4.87387866295681, -2.49748493610539, 0.670196472857036, 1.815126164859, -0.871732658565064, 2.64515925357186, -109.246203716397
47512.368867909, -14.9891168464204, 151.095993041992, -15, 0.378728899738477, 28.6091690063477, -80.5973739624023, -27.1473965171521, -11.0285495525271, 1.32344175599163, 4.82359694169904, -3.5777111740253, 0.88228396420217, 1.80205353188154, -0.606241551976114, 3.62864551287347, -99.6233495936437
47512.428867909, -14.988044076411, 150.547592163086, -15, 0.377811753278574, 28.6091709136963, -80.5973739624023, -27.1473965171521, -10.8164620612159, 2.17179172137217, 4.77078242515509, -2.47254523727206, 0.65322947355214, 1.7884389677494, -0.860031277946296, 2.61776136037156, -109.184180605564
47512.488867909, -14.9878548089221, 149.393692016602, -15, 0.378435862810365, 28.6091709136963, -80.5973663330078, -26.2990465519073, -10.8164620612159, 1.25557375877205, 4.71626011578996, -3.49157850475348, 0.865316964897275, 1.77669847526102, -0.61072524269277, 3.54452309197444, -99.9272899487749
47512.548867909, -14.9874261981864, 148.494689941406, -15, 0.378027244404883, 28.6091728210449, -80.5973663330078, -26.2990465519073, -10.6043745699047, 2.10392372415259, 4.6682133249566, -2.48219615638509, 0.636262474247245, 1.76213969728339, -0.840612769336391, 2.62058875987077, -108.713844800506
47512.608867909, -14.9863082910761, 147.595748901367, -15, 0.376964592788493, 28.6091728210449, -80.5973663330078, -26.2990465519073, -10.6043745699047, 2.10392372415259, 4.62330972781209, -2.46125540830708, 0.84834996559238, 1.7506940492936, -0.604045708467974, 2.53425037056267, -103.792930829227
47512.668867909, -14.9859944757916, 146.696899414063, -15, 0.377467126623543, 28.6091747283936, -80.5973587036133, -25.4506965866626, -10.3922870785936, 1.18770576155247, 4.58260587170755, -3.55590668657402, 0.61929547494235, 1.73672767739425, -0.837614671190555, 3.65310411410426, -103.262485580259
47512.728867909, -14.9847658176727, 145.798049926758, -15, 0.376167591800292, 28.6091766357422, -80.5973587036133, -25.4506965866626, -10.1801995872824, 2.03605572693301, 4.53919179557105, -2.46018951807056, 0.602328475637457, 1.72520667352101, -0.869277272892188, 2.6091590566833, -109.465066710266
47512.788867909, -14.9832741557044, 144.899291992188, -15, 0.375301579605616, 28.6091766357422, -80.5973510742188, -24.6023466214178, -10.1801995872824, 1.11983776433289, 4.49502773803813, -3.50117950416977, 0.81441596698259, 1.71288363767321, -0.592503401115994, 3.55089863648102, -99.6108428253771
47512.848867909, -14.9823634124664, 144.000671386719, -15, 0.375368471489725, 28.6091785430908, -80.5973510742188, -24.6023466214178, -9.96811209597119, 1.96818772971343, 4.45692202522267, -2.49950937809579, 0.58536147633256, 1.7012534906582, -0.861011037015682, 2.64356138306264, -109.012329443645
47512.908867909, -14.9825365098517, 143.102020263672, -15, 0.376288520493043, 28.6091785430908, -80.5973510742188, -24.6023466214178, -9.96811209597119, 1.96818772971343, 4.41859236635762, -2.45274456974336, 0.797448967677695, 1.69184758885581, -0.617998056540868, 2.52935647809152, -104.145871674234
47512.968867909, -14.9819772071106, 142.203369140625, -15, 0.375400397579167, 28.6091804504395, -80.5973434448242, -23.7539966561731, -9.75602460466001, 1.05196976711331, 4.38606367003875, -3.57318177109333, 0.568394477027666, 1.67967640877613, -0.851272015606967, 3.67305762162133, -103.408205018833
47513.0288679089, -14.9807376402428, 141.304809570313, -15, 0.374518877718148, 28.6091804504395, -80.5973434448242, -23.7539966561731, -9.75602460466001, 1.90031973249385, 4.35212299652863, -2.50178431446794, 0.7804819683728, 1.67040099477632, -0.615128141412241, 2.57625054723333, -103.8175944953
47513.0888679089, -14.9801461410594, 140.40625, -15, 0.374504529774275, 28.6091823577881, -80.5973434448242, -23.7539966561731, -9.54393711334882, 1.90031973249385, 4.3179193771179, -2.45956107195509, 0.551427477722771, 1.66060665066969, -0.873716523698835, 2.61004832431286, -109.56155308928
47513.1488679089, -14.979255238275, 139.507736206055, -15, 0.373836431374434, 28.6091823577881, -80.5973358154297, -22.9056466909284, -9.54393711334882, 0.984101769893733, 4.2887583053256, -3.57643761103776, 0.763514969067906, 1.65077089205136, -0.607526832179338, 3.6276046290878, -99.6467334667418
47513.2088679089, -14.9783832281582, 138.609313964844, -15, 0.373438520901901, 28.6091823577881, -80.5973358154297, -22.9056466909284, -9.54393711334882, 1.83245173527427, 4.26003941855144, -2.52983339124401, 0.763514969067906, 1.64076970874045, -0.594397518123816, 2.5986796196957, -103.226036112279
47513.2688679089, -14.9775656546263, 137.710876464844, -15, 0.373089552273776, 28.6091842651367, -80.5973358154297, -22.9056466909284, -9.33184962203764, 1.83245173527427, 4.2312060922787, -2.49552825734468, 0.534460478417878, 1.63286340610012, -0.881383192201254, 2.64650832443379, -109.457437245101
47513.3288679089, -14.9762670475138, 136.812515258789, -15, 0.372098049254131, 28.6091842651367, -80.5973281860352, -22.0572967256836, -9.33184962203764, 0.916233772674154, 4.20743524005139, -3.61906425113461, 0.746547969763011, 1.62149562176518, -0.579147013024539, 3.66504994837658, -99.0975651635317
47513.3888679089, -14.9753173637128, 135.914215087891, -15, 0.371934897251068, 28.6091861724854, -80.5973281860352, -22.0572967256836, -9.11976213072645, 1.76458373805469, 4.18458737740389, -2.58430875548387, 0.517493479112981, 1.61056733544958, -0.845949282733754, 2.7191536475583, -108.130504308786
47513.4488679089, -14.9756005015049, 135.015930175781, -15, 0.373002305200241, 28.6091861724854, -80.5973281860352, -22.0572967256836, -9.11976213072645, 1.76458373805469, 4.16183299897226, -2.5593766930811, 0.729580970458116, 1.60334135096723, -0.620320386307327, 2.63342941146184, -103.628256104001
47513.5088679089, -14.9754146222607, 134.117599487305, -15, 0.372463349839048, 28.609188079834, -80.5973205566406, -21.2089467604389, -8.90767463941526, 0.848365775454571, 4.14568815933223, -3.70753822198984, 0.500526479808086, 1.5939343109422, -0.886479097958164, 3.81190079864278, -103.455593879867
47513.5688679089, -14.9742701585352, 133.219284057617, -15, 0.371129554423323, 28.609188079834, -80.5973205566406, -21.2089467604389, -8.90767463941526, 1.69671574083511, 4.12292167332312, -2.59743774018005, 0.712613971153221, 1.58639240585386, -0.618581838602327, 2.67003073697134, -103.399682601513
47513.6288679088, -14.9729416092158, 132.321029663086, -15, 0.370363554861589, 28.6091899871826, -80.5973205566406, -21.2089467604389, -8.69558714810408, 1.69671574083511, 4.10701758688242, -2.64842301325374, 0.483559480503193, 1.58113558425278, -0.910648421999427, 2.80050607738518, -108.980836061601
47513.6888679088, -14.971959683028, 131.123397827148, -15, 0.370175516045175, 28.6091899871826, -80.5973129272461, -20.3605967951941, -8.69558714810408, 0.780497778234991, 4.09533478966253, -3.77806700613139, 0.695646971848326, 1.57660589695811, -0.658507726051894, 3.83494381390999, -99.8940014492312
47513.7488679088, -14.971732420388, 130.225219726563, -15, 0.370628694540392, 28.6091918945313, -80.5973129272461, -20.3605967951941, -8.48349965679289, 1.62884774361553, 4.08172626301437, -2.72593124852262, 0.466592481198297, 1.5717788496199, -0.925270169411218, 2.87857256242186, -108.754713890003
47513.8088679088, -14.9706745251398, 129.327041625977, -15, 0.369425366176292, 28.6091918945313, -80.5973129272461, -20.3605967951941, -8.48349965679289, 1.62884774361553, 4.06961881695723, -2.72787758181038, 0.678679972543431, 1.56689490110289, -0.664868358745538, 2.80767376596627, -103.702375215292
47513.8688679088, -14.970156470129, 128.42887878418, -15, 0.369578480446877, 28.6091918945313, -80.5973052978516, -19.5122468299494, -8.48349965679289, 0.712629781015416, 4.06096489780166, -3.8534987040348, 0.678679972543431, 1.56251715752782, -0.665207418186531, 3.91040736506929, -99.8011467052035
47513.9288679088, -14.970587983367, 127.530670166016, -15, 0.370454156566308, 28.6091938018799, -80.5973052978516, -19.5122468299494, -8.27141216548171, 1.56097974639595, 4.0488288067479, -2.78758642676212, 0.449625481893402, 1.5611545648954, -0.969256122688786, 2.95116148872414, -109.1789545865
47513.9888679088, -14.9698029985578, 126.632446289063, -15, 0.369035823265481, 28.6091938018799, -80.5973052978516, -19.5122468299494, -8.27141216548171, 1.56097974639595, 4.03673810398493, -2.77501692136892, 0.661712973238537, 1.55859581134551, -0.700257149340841, 2.86193911549483, -104.167518458629
47514.0488679088, -14.9689721003953, 125.734252929688, -15, 0.368572119173965, 28.6091957092285, -80.597297668457, -18.6638968647047, -8.05932467417052, 0.644761783795836, 4.02709678124931, -3.88943209048185, 0.432658482588509, 1.55674205712555, -0.980622476501941, 4.01096308213662, -104.160542594663
47514.1088679088, -14.9685290830604, 124.836059570313, -15, 0.368623733512227, 28.6091957092285, -80.597297668457, -18.6638968647047, -8.05932467417052, 1.49311174917637, 4.0135138441262, -2.81720870485303, 0.644745973933642, 1.55652607036434, -0.742783045422283, 2.91340811352596, -104.775719993656
47514.1688679088, -14.9692083290773, 123.937850952148, -15, 0.369738276366217, 28.6091976165771, -80.597297668457, -18.6638968647047, -7.84723718285934, 1.49311174917637, 3.99923854764947, -2.79465843162237, 0.468713356119896, 1.55433181629855, -0.932257779946843, 2.94593465102275, -108.454017952567
47514.2288679088, -14.9693806160287, 123.039596557617, -15, 0.369292867106921, 28.6091976165771, -80.5972900390625, -17.8155468994599, -7.84723718285934, 0.576893786576257, 3.98709007024752, -3.90285612238134, 0.627778974628747, 1.55137468893583, -0.730755909359, 3.97057475896535, -100.612790887088
47514.2888679087, -14.9691930119499, 122.141311645508, -15, 0.36882549531933, 28.6091995239258, -80.5972900390625, -17.8155468994599, -7.63514969154815, 1.42524375195679, 3.97091353478979, -2.8266711426806, 0.398724483978717, 1.54695790650232, -0.986413548561983, 2.99370871743971, -109.243627752941
47514.3488679087, -14.9690112525195, 121.243041992188, -15, 0.368664695845191, 28.6091995239258, -80.5972900390625, -17.8155468994599, -7.63514969154815, 1.42524375195679, 3.95304540377961, -2.7898301109321, 0.610811975323852, 1.54121383875841, -0.712301065666886, 2.87925751097724, -104.327871660713
47514.4088679087, -14.9685047308057, 120.3447265625, -15, 0.368096966115783, 28.6091995239258, -80.597282409668, -16.9671969342152, -7.63514969154815, 0.509025789356674, 3.93642388772566, -3.88386843521041, 0.610811975323852, 1.5343504881822, -0.693426339758357, 3.94519168026756, -100.130287109295
47514.4688679087, -14.9683426408401, 119.446434020996, -15, 0.368224184509051, 28.6092014312744, -80.597282409668, -16.9671969342152, -7.42306220023697, 1.35737575473721, 3.91479176827022, -2.79131834899217, 0.381757484673823, 1.52906934713039, -0.978464841639977, 2.95771770236055, -109.323740997947
47514.5288679087, -14.9681622405131, 118.548141479492, -15, 0.368041252465162, 28.6092014312744, -80.597282409668, -16.9671969342152, -7.42306220023697, 1.35737575473721, 3.8904774291135, -2.79813127422777, 0.593844976018957, 1.52133361508441, -0.690687556808527, 2.88204937649499, -103.870628989012
47514.5888679087, -14.9684056185216, 117.649826049805, -15, 0.368396969137226, 28.609203338623, -80.5972747802734, -16.1188469689704, -7.21097470892578, 0.441157792137099, 3.86540648539312, -3.80121035255974, 0.364790485368929, 1.5124315764373, -0.943896017853287, 3.9164821305695, -103.954550234344
47514.6488679087, -14.9688505332852, 116.751487731934, -15, 0.36864943393848, 28.609203338623, -80.5972747802734, -16.1188469689704, -7.21097470892578, 1.28950775751763, 3.83642815926283, -2.71087073088223, 0.576877976714063, 1.5047071226964, -0.692454230301598, 2.79784830353065, -104.333802812177
47514.7088679087, -14.9685945647479, 115.853141784668, -15, 0.367868760800216, 28.6092052459717, -80.5972747802734, -16.1188469689704, -6.9988872176146, 1.28950775751763, 3.80760764523383, -2.67937509499285, 0.347823486064034, 1.49468981976624, -0.93305848346923, 2.83707848021926, -109.205726257068
47514.7688679087, -14.9684469964755, 114.954818725586, -15, 0.367805408034854, 28.6092052459717, -80.5972671508789, -15.2704970037257, -6.9988872176146, 0.373289794917516, 3.78018100540997, -3.76190755910405, 0.559910977409168, 1.48357730540892, -0.65482056214972, 3.81839260791216, -99.8810659591589
47514.8288679087, -14.9682822715571, 114.056488037109, -15, 0.367630067677235, 28.6092052459717, -80.5972671508789, -15.2704970037257, -6.9988872176146, 1.22163976029806, 3.74728732355969, -2.6512601506918, 0.559910977409168, 1.47213714977116, -0.638363298282729, 2.72697583231176, -103.542221685888
47514.8888679086, -14.9681283015325, 113.158172607422, -15, 0.367481826983451, 28.6092071533203, -80.5972671508789, -15.2704970037257, -6.78679972630341, 1.22163976029806, 3.71333366600092, -2.60141102087792, 0.330856486759138, 1.4605226251865, -0.898225367774815, 2.75201628393618, -109.054319720438
47514.9488679086, -14.9681461037991, 112.259864807129, -15, 0.367536529777521, 28.6092071533203, -80.5972671508789, -15.2704970037257, -6.78679972630341, 1.22163976029806, 3.68112778486703, -2.58171742058324, 0.542943978104273, 1.44485674690182, -0.58494893487365, 2.64711134839318, -102.770133890454
47515.0088679086, -14.9685020664031, 111.361518859863, -15, 0.367866221299639, 28.6092090606689, -80.5972595214844, -14.422147038481, -6.57471223499223, 0.30542179769794, 3.64309832089012, -3.57931039640529, 0.313889487454243, 1.42997433971642, -0.850459796936437, 3.67883182944164, -103.373790737045
47515.0688679086, -14.968550908637, 110.46321105957, -15, 0.367535477277183, 28.6092090606689, -80.5972595214844, -14.422147038481, -6.57471223499223, 1.15377176307848, 3.60025054364395, -2.46315785982101, 0.525976978799378, 1.41722183926219, -0.602485621008507, 2.53572709816198, -103.748447073062
47515.1288679086, -14.9693216912006, 109.56485748291, -15, 0.368353372317887, 28.6092090606689, -80.5972595214844, -14.422147038481, -6.57471223499223, 1.15377176307848, 3.55717104883137, -2.4105873299526, 0.525976978799378, 1.40338494978014, -0.575563908132631, 2.47830780967453, -103.432409871169
47515.1888679086, -14.9687564745143, 108.666557312012, -15, 0.366920222358404, 28.6092109680176, -80.5972518920898, -13.5737970732362, -6.36262474368104, 0.449641291823493, 3.51800833065931, -3.2495574202866, 0.29692248814935, 1.39036977884635, -0.843684345650414, 3.35718085927589, -104.561356314921
47515.2488679086, -14.967541828733, 107.768341064453, -15, 0.36579579861955, 28.6092109680176, -80.5972518920898, -13.5737970732362, -6.36262474368104, 1.0859037658589, 3.47778764135755, -2.42863304330836, 0.509009979494483, 1.37808899060152, -0.582307684439677, 2.49742619409255, -103.486813229236
47515.3088679086, -14.9678101657375, 106.870140075684, -15, 0.367042382907021, 28.6092128753662, -80.5972518920898, -13.5737970732362, -6.15053725236986, 1.0859037658589, 3.43395833821564, -2.34136057387404, 0.279955488844454, 1.36539464110596, -0.838455504808439, 2.48688270793177, -109.707168745109
47515.3688679086, -14.9679657040646, 105.971939086914, -15, 0.3669144964521, 28.6092128753662, -80.5972518920898, -13.5737970732362, -6.15053725236986, 1.0859037658589, 3.38970476903287, -2.28539591104712, 0.492042980189588, 1.35313548419546, -0.574108108255258, 2.35636579705999, -104.10469256675
47515.4288679086, -14.9675233127335, 105.073791503906, -15, 0.366141835142738, 28.6092128753662, -80.5972442626953, -12.7254471079915, -6.15053725236986, 0.169685803258781, 3.34063304961876, -3.27969246889668, 0.492042980189588, 1.34031641773364, -0.55363509704945, 3.32604264339258, -99.5865901239988
47515.4888679085, -14.9678934225766, 104.175651550293, -15, 0.366870643659543, 28.6092147827148, -80.5972442626953, -12.7254471079915, -5.93844976105867, 1.01803576863932, 3.28745533480501, -2.15816095040006, 0.26298848953956, 1.32893848854649, -0.82989791355309, 2.31215559053413, -111.037586433032
47515.5488679085, -14.9678019671553, 103.277557373047, -15, 0.366352829672138, 28.6092147827148, -80.5972442626953, -12.7254471079915, -5.93844976105867, 1.01803576863932, 3.23508427469354, -2.10471245439378, 0.475075980884694, 1.31533869905799, -0.537358731166611, 2.17219682063832, -104.325232935415
47515.6088679085, -14.9683955969601, 102.37947845459, -15, 0.367066372740242, 28.6092147827148, -80.5972442626953, -12.7254471079915, -5.93844976105867, 1.01803576863932, 3.18665711015992, -2.08733998554298, 0.475075980884694, 1.30118929286595, -0.515378944686979, 2.14999677936463, -103.872103490301
47515.6688679085, -14.9687700805117, 101.481369018555, -15, 0.366939854524631, 28.6092166900635, -80.5972366333008, -11.8770971427467, -5.72636226974748, 0.1018178060392, 3.13394866164003, -3.08255784108279, 0.246021490234664, 1.2900110855443, -0.80716886714677, 3.18638599027824, -104.679786726253
47515.7288679085, -14.9678430122198, 100.583366394043, -15, 0.365387929708174, 28.6092166900635, -80.5972366333008, -11.8770971427467, -5.72636226974748, 0.950167771419738, 3.0792101972436, -1.97982899203705, 0.458108981579799, 1.27720546668031, -0.521514477360774, 2.04733776650775, -104.75989403945
47515.7888679085, -14.968591455914, 99.6853790283203, -15, 0.366989341542181, 28.6092185974121, -80.5972366333008, -11.8770971427467, -5.5142747784363, 0.950167771419738, 3.02700145465499, -1.94372181922274, 0.22905449092977, 1.26366989666674, -0.773458439870942, 2.09190414504217, -111.702098484402
47515.8488679085, -14.9682237925363, 98.7874221801758, -15, 0.365816858341996, 28.6092185974121, -80.5972366333008, -11.8770971427467, -5.5142747784363, 0.950167771419738, 2.98120173407676, -1.95407099502028, 0.441141982274904, 1.25104307865637, -0.513374729335496, 2.02035761036867, -104.722670194599
47515.9288679085, -14.9670799815558, 97.8895568847656, -15, 0.364613784225466, 28.6092185974121, -80.5972290039063, -11.028747177502, -5.5142747784363, 0.0339498088196208, 2.93473769766336, -2.99287302082456, 0.441141982274904, 1.23863860061856, -0.501191253387077, 3.03451035340295, -99.510757402752
47515.9888679085, -14.9671319334434, 96.9917221069336, -15, 0.365532429837649, 28.6092205047607, -80.5972290039063, -11.028747177502, -5.30218728712511, 0.882299774200159, 2.88604239327711, -1.89530826294373, 0.212087491624875, 1.22731472282939, -0.773883127646812, 2.04716145975843, -112.213986552981
47516.0488679085, -14.9672021444721, 96.0939102172852, -15, 0.365477336633528, 28.6092205047607, -80.5972290039063, -11.028747177502, -5.30218728712511, 0.882299774200159, 2.8399898194006, -1.86764709342036, 0.424174982970009, 1.21503768878446, -0.495588652243064, 1.93225950169775, -104.863545051194
47516.1088679085, -14.9667990482613, 95.1961441040039, -15, 0.364822072594399, 28.6092205047607, -80.5972290039063, -11.028747177502, -5.30218728712511, 0.882299774200159, 2.80117299677041, -1.89457574267231, 0.424174982970009, 1.20200700833281, -0.472882070847694, 1.95267846567376, -104.016857095836
47516.1688679084, -14.966554509877, 94.2984161376953, -15, 0.36475605229246, 28.6092224121094, -80.5972213745117, -10.1803972122572, -5.09009979581393, -0.0339181883999584, 2.7620567590949, -2.94578124709637, 0.195120492319979, 1.19188891288332, -0.765329656166946, 3.04349148906115, -104.569498232848
47516.2288679084, -14.9667504614702, 93.4006652832031, -15, 0.365101759295449, 28.6092224121094, -80.5972213745117, -10.1803972122572, -5.09009979581393, 0.81443177698058, 2.72207458029483, -1.8722678485145, 0.407207983665114, 1.1801590533211, -0.481094964589933, 1.93306928834014, -104.413155773492
47516.2888679084, -14.9662194509497, 92.5029525756836, -15, 0.364182211678491, 28.6092224121094, -80.5972213745117, -10.1803972122572, -5.09009979581393, 0.81443177698058, 2.68403979050498, -1.84722175567988, 0.407207983665114, 1.1668336452549, -0.44960476526513, 1.9011319303313, -103.68166865197
47516.3488679084, -14.9648610885239, 91.6053085327148, -15, 0.362843990052624, 28.609224319458, -80.5972213745117, -10.1803972122572, -4.87801230450274, 0.81443177698058, 2.65373565792726, -1.88926695104874, 0.178153493015085, 1.15368334447451, -0.71102618387769, 2.01858975612683, -110.626781500891
47516.4088679084, -14.9641870225731, 90.7077255249023, -15, 0.363037171802695, 28.609224319458, -80.5972137451172, -9.3320472470125, -4.87801230450274, -0.101786185619536, 2.62361641442553, -2.9560695462868, 0.390240984360219, 1.14028354340089, -0.438396455577899, 2.98837214137788, -98.4393060819576
47516.4688679084, -14.9647061997041, 89.8101348876953, -15, 0.364133330489118, 28.609224319458, -80.5972137451172, -9.3320472470125, -4.87801230450274, 0.746563779761, 2.59351303037039, -1.90319229097998, 0.390240984360219, 1.12735783547318, -0.428068807635165, 1.95072202032207, -102.678242661802
47516.5288679084, -14.9652055903211, 88.9125137329102, -15, 0.364212214745364, 28.6092262268066, -80.5972137451172, -9.3320472470125, -4.66592481319156, 0.746563779761, 2.56429856816897, -1.87811479574981, 0.161186493710192, 1.11748746007411, -0.72221685180734, 2.01214451174699, -111.036852736129
47516.5888679084, -14.9638691161432, 88.0149230957031, -15, 0.362281646329822, 28.6092262268066, -80.5972137451172, -9.3320472470125, -4.66592481319156, 0.746563779761, 2.53960314288629, -1.89474647822302, 0.373273985055325, 1.10287844932485, -0.403232458463026, 1.93716322393777, -102.016254171528
47516.6488679084, -14.9627194653956, 87.1173934936523, -15, 0.361587198498527, 28.6092262268066, -80.5972137451172, -9.3320472470125, -4.66592481319156, 0.746563779761, 2.51683044127669, -1.88770863302198, 0.373273985055325, 1.08979052395223, -0.40316771170792, 1.9302666316568, -102.057849036957
47516.7088679084, -14.9621142587234, 86.2199172973633, -15, 0.361685162001978, 28.6092281341553, -80.5972061157227, -8.48369728176776, -4.45383732188037, -0.169654182839119, 2.49481585815129, -2.96993255525933, 0.144219494405295, 1.08238040768225, -0.726481948547459, 3.05741763989045, -103.750910667198
47516.7688679083, -14.9622301776412, 85.3224105834961, -15, 0.362219158093875, 28.6092281341553, -80.5972061157227, -8.48369728176776, -4.45383732188037, 0.678695782541421, 2.4748506546542, -1.94952584181555, 0.35630698575043, 1.0753767259884, -0.468068328506571, 2.00490758187529, -103.503159609106
47516.8288679083, -14.9624437392993, 84.4248962402344, -15, 0.362273282925343, 28.6092281341553, -80.5972061157227, -8.48369728176776, -4.45383732188037, 0.678695782541421, 2.4573543654243, -1.95428663256515, 0.35630698575043, 1.06850277772306, -0.461544242348734, 2.00802806562322, -103.290419431279
47516.8888679083, -14.9625965624637, 83.5273590087891, -15, 0.362171586467067, 28.6092300415039, -80.5972061157227, -8.48369728176776, -4.24174983056919, 0.678695782541421, 2.44727428126698, -2.01741372941302, 0.1272524951004, 1.06324605162329, -0.746835377601086, 2.1511603180603, -110.31759962989
47516.9488679083, -14.9607839671993, 82.6298828125, -15, 0.359691051571906, 28.6092300415039, -80.5972061157227, -8.48369728176776, -4.24174983056919, 0.678695782541421, 2.43794103674889, -2.01473777953726, 0.339339986445535, 1.05938071398523, -0.502037891876974, 2.07632041682055, -103.9947627811
47517.0088679083, -14.9598550298223, 81.7324371337891, -15, 0.359935423283575, 28.6092300415039, -80.5971984863281, -7.63534731652302, -4.24174983056919, -0.237522180058696, 2.42876230803982, -3.10632978898951, 0.339339986445535, 1.05674115190571, -0.511558613668243, 3.14812968613823, -99.3560628896971
47517.0688679083, -14.9604645724861, 80.8349609375, -15, 0.361342700767499, 28.6092319488525, -80.5971984863281, -7.63534731652302, -4.029662339258, 0.610827785321842, 2.42038837182987, -2.08739476842508, 0.110285495795506, 1.05643397541819, -0.810904106589432, 2.2393060162219, -111.233618418956
47517.1288679083, -14.9608889138024, 79.9374694824219, -15, 0.361240769579208, 28.6092319488525, -80.5971984863281, -7.63534731652302, -4.029662339258, 0.610827785321842, 2.41334606915215, -2.09334185150652, 0.32237298714064, 1.0571411130148, -0.56706374259065, 2.16875501203238, -105.160032581244
47517.1888679083, -14.9595950299859, 79.0399703979492, -15, 0.359170146864902, 28.6092319488525, -80.5971984863281, -7.63534731652302, -4.029662339258, 0.610827785321842, 2.41295594959217, -2.1604768161209, 0.32237298714064, 1.05809783659159, -0.571149105594549, 2.23466255847025, -104.811214612836
47517.2488679083, -14.9587210404515, 77.8433456420898, -15, 0.359046626074398, 28.6092338562012, -80.5971984863281, -7.63534731652302, -3.81757484794682, 0.610827785321842, 2.41043216745603, -2.13719141442161, 0.0933184964906109, 1.06311229908909, -0.893191114866761, 2.31624857537851, -112.685294474045
47517.3088679083, -14.9586701976774, 76.9458694458008, -15, 0.359588255191477, 28.6092338562012, -80.5971908569336, -6.78699735127828, -3.81757484794682, -0.305390177278276, 2.40686243261539, -3.22353711225206, 0.305405987835745, 1.0676991489563, -0.640371594686151, 3.28646231109867, -101.241362222072
47517.3688679082, -14.9592585671533, 76.0483627319336, -15, 0.360234055558434, 28.6092338562012, -80.5971908569336, -6.78699735127828, -3.81757484794682, 0.542959788102262, 2.40286096590859, -2.19751401579134, 0.305405987835745, 1.07221015369091, -0.645486431541103, 2.29030920617443, -106.372822583376
47517.4288679082, -14.9589594989618, 75.1508255004883, -15, 0.359251775389114, 28.6092338562012, -80.5971908569336, -6.78699735127828, -3.81757484794682, 0.542959788102262, 2.40123768277585, -2.22046287851317, 0.305405987835745, 1.07722599594917, -0.657016909493049, 2.31557994491746, -106.486618120689
47517.4888679082, -14.9581874183009, 74.2533340454102, -15, 0.358423328321714, 28.6092357635498, -80.5971908569336, -6.78699735127828, -3.60548735663563, 0.542959788102262, 2.40392974947981, -2.26796343890846, 0.0763514971857165, 1.07906892522329, -0.902966314012302, 2.44102036672135, -111.713793140854
47517.5488679082, -14.9573100520186, 73.355842590332, -15, 0.357856573947098, 28.6092357635498, -80.5971908569336, -6.78699735127828, -3.60548735663563, 0.542959788102262, 2.40289996910486, -2.23062519577192, 0.288438988530851, 1.08118362301377, -0.654192293691372, 2.32453007650483, -106.348801584414
47517.6088679082, -14.9572243100592, 72.4583740234375, -15, 0.358353637029352, 28.6092357635498, -80.5971832275391, -5.93864738603354, -3.60548735663563, -0.373258174497854, 2.39901037729773, -3.29848448752794, 0.288438988530851, 1.0840994872398, -0.666180391418497, 3.36501201089487, -101.424073363968
47517.6688679082, -14.9570564687637, 71.5608367919922, -15, 0.35808925380406, 28.6092376708984, -80.5971832275391, -5.93864738603354, -3.39339986532445, 0.475091790882683, 2.39242190192133, -2.24671992098897, 0.0593844978808207, 1.08851021428238, -0.961904756247232, 2.44387742508945, -113.18191595705
47517.7288679082, -14.9567755813875, 70.6633377075195, -15, 0.357753020530543, 28.6092376708984, -80.5971832275391, -5.93864738603354, -3.39339986532445, 0.475091790882683, 2.38599705110366, -2.24179288875126, 0.271471989225956, 1.09083556814584, -0.689828077621999, 2.34547548984127, -107.107515593144
47517.7888679082, -14.9560589756453, 69.7658538818359, -15, 0.356971456522146, 28.6092376708984, -80.5971832275391, -5.93864738603354, -3.39339986532445, 0.475091790882683, 2.38171633843391, -2.25924138975859, 0.271471989225956, 1.09247830326542, -0.685465776113949, 2.36088785042447, -106.881820500278
47517.8488679082, -14.9549059342675, 68.8684158325195, -15, 0.356011261410791, 28.6092395782471, -80.5971832275391, -5.93864738603354, -3.18131237401326, 0.475091790882683, 2.37277022922519, -2.20299070037382, 0.0424174985759268, 1.09508395398258, -0.97371870160515, 2.40849099147175, -113.849560058947
47517.9088679082, -14.9553455363885, 67.9709701538086, -15, 0.357380341784356, 28.6092395782471, -80.5971755981445, -5.0902974207888, -3.18131237401326, -0.441126171717433, 2.36081842133758, -3.25973426599059, 0.254504989921061, 1.09459756545212, -0.688213708818433, 3.33151533853185, -101.927510174948
47517.9688679082, -14.9561408874674, 67.0734558105469, -15, 0.35786336234318, 28.6092395782471, -80.5971755981445, -5.0902974207888, -3.18131237401326, 0.407223793663104, 2.34612168881331, -2.1977923208708, 0.254504989921061, 1.09234324850292, -0.668331947244178, 2.29711549115632, -106.917667994967
47518.0288679081, -14.9557324584886, 66.1759338378906, -15, 0.356564038078906, 28.6092395782471, -80.5971755981445, -5.0902974207888, -3.18131237401326, 0.407223793663104, 2.33015113908588, -2.16704324557132, 0.254504989921061, 1.08786376738015, -0.641204943424082, 2.25987259360739, -106.486314332505
47518.0888679081, -14.9550016554966, 65.2784652709961, -15, 0.355868076837668, 28.6092414855957, -80.5971755981445, -5.0902974207888, -2.96922488270208, 0.407223793663104, 2.31633712870744, -2.20809414322992, 0.0254504992710315, 1.07783329472038, -0.849155279310697, 2.36566849199044, -111.039035459593
47518.1488679081, -14.9551162667424, 64.380973815918, -15, 0.356483782001174, 28.6092414855957, -80.5971755981445, -5.0902974207888, -2.96922488270208, 0.407223793663104, 2.29808460359502, -2.10840545628226, 0.237537990616166, 1.06703129123195, -0.574470273202803, 2.18523241005567, -105.244258301762
47518.2088679081, -14.9552720870598, 63.4834785461426, -15, 0.356446267282304, 28.6092414855957, -80.59716796875, -4.24194745554405, -2.96922488270208, -0.508994168937014, 2.27585734083482, -3.14311783051163, 0.237537990616166, 1.05668526495108, -0.567106302106681, 3.19381849407842, -100.232581779565
47518.2688679081, -14.9558655891622, 62.5859603881836, -15, 0.356915999711595, 28.6092433929443, -80.59716796875, -4.24194745554405, -2.75713739139089, 0.339355796443524, 2.25010796491022, -2.06012394059672, 0.0084834999661372, 1.04721953455126, -0.840039014839439, 2.22474089831395, -112.187337647491
47518.3288679081, -14.9565612214406, 61.6883811950684, -15, 0.357149044767439, 28.6092433929443, -80.59716796875, -4.24194745554405, -2.75713739139089, 0.339355796443524, 2.2242752781857, -2.02942256021683, 0.220570991311271, 1.03576536002615, -0.552393691160178, 2.10322778107458, -105.229409711575
47518.3888679081, -14.9558422871573, 60.7908401489258, -15, 0.355550192447233, 28.6092433929443, -80.59716796875, -4.24194745554405, -2.75713739139089, 0.339355796443524, 2.20019123015133, -2.01912459073987, 0.220570991311271, 1.02277238425317, -0.521895428587148, 2.08545587071887, -104.495082627511
47518.4488679081, -14.9559659941436, 59.8932952880859, -15, 0.356169774282418, 28.6092433929443, -80.59716796875, -4.24194745554405, -2.75713739139089, 0.339355796443524, 2.17032440400906, -1.92655519944533, 0.220570991311271, 1.01142764349945, -0.525238603869176, 1.99684414732204, -105.252519088952
47518.5088679081, -14.9568147472153, 58.9957275390625, -15, 0.356983924823982, 28.609245300293, -80.59716796875, -4.24194745554405, -2.54504990007971, 0.339355796443524, 2.13684174218501, -1.85129614000014, -0.00848349933875808, 0.997902720619971, -0.762676095664674, 2.00219124529778, -112.393044345811
47518.5688679081, -14.9572833590298, 58.0981330871582, -15, 0.356726435245832, 28.609245300293, -80.5971603393555, -3.39359749029931, -2.54504990007971, -0.576862166156593, 2.10032186557438, -2.87816800573559, 0.203603992006376, 0.982792936275473, -0.474658263550845, 2.91701251205887, -99.3685090600207
47518.628867908, -14.9574005741991, 57.2005500793457, -15, 0.356352692498473, 28.609245300293, -80.5971603393555, -3.39359749029931, -2.54504990007971, 0.271487799223945, 2.0610934192344, -1.78706197774496, 0.203603992006376, 0.967098603470551, -0.450437676346561, 1.84293755039796, -104.149061596353
47518.688867908, -14.9578846289371, 56.302978515625, -15, 0.356725667921064, 28.6092472076416, -80.5971603393555, -3.39359749029931, -2.33296240876852, 0.271487799223945, 2.02262731178093, -1.74957672137455, -0.0254504986436529, 0.951477198841967, -0.707872817954196, 1.88731207689801, -112.030678421235
47518.748867908, -14.9580436856913, 55.4053802490234, -15, 0.356392590026699, 28.6092472076416, -80.5971603393555, -3.39359749029931, -2.33296240876852, 0.271487799223945, 1.98853716404626, -1.7534583709067, 0.186636992701482, 0.934836692459482, -0.423657122960182, 1.80389733033868, -103.584971196972
47518.808867908, -14.9580808788737, 54.5078163146973, -15, 0.356180156959767, 28.6092472076416, -80.5971603393555, -3.39359749029931, -2.33296240876852, 0.271487799223945, 1.95083388464465, -1.67309072660057, 0.186636992701482, 0.918777913110453, -0.410643142629032, 1.72273400087703, -103.791844516671
47518.868867908, -14.9579518120186, 53.6102828979492, -15, 0.355863835622537, 28.6092472076416, -80.5971603393555, -3.39359749029931, -2.33296240876852, 0.271487799223945, 1.9091956834076, -1.58475829148587, 0.186636992701482, 0.903636532965488, -0.402077678221259, 1.63495690240864, -104.23805489904
47518.928867908, -14.9583306484046, 52.7127532958984, -15, 0.35631361482321, 28.6092491149902, -80.5971603393555, -3.39359749029931, -2.12087491745733, 0.271487799223945, 1.86492530622592, -1.50626814192131, -0.0424174979485477, 0.888236269576036, -0.656432310749099, 1.64306050361309, -113.549551317049
47518.988867908, -14.9588261443391, 51.8152084350586, -15, 0.356485507920432, 28.6092491149902, -80.5971527099609, -2.54524752505457, -2.12087491745733, -0.644730163376171, 1.8186117737961, -2.5311999108031, 0.169669993396587, 0.872971854616335, -0.385390488597686, 2.56035196399648, -98.6598506924187
47519.048867908, -14.9593209768469, 50.9176750183105, -15, 0.356560850998478, 28.6092491149902, -80.5971527099609, -2.54524752505457, -2.12087491745733, 0.203619802004366, 1.77075092984877, -1.44121410310864, 0.169669993396587, 0.859152886022872, -0.38367587968573, 1.49140008825983, -104.908763497612
47519.108867908, -14.9600833929126, 50.0201644897461, -15, 0.3569690539018, 28.6092491149902, -80.5971527099609, -2.54524752505457, -2.12087491745733, 0.203619802004366, 1.72537340005412, -1.41250726104451, 0.169669993396587, 0.846357855883169, -0.378967240774752, 1.4624513105848, -105.019779772937
47519.168867908, -14.9599073589459, 49.1226539611816, -15, 0.355996320698313, 28.6092510223389, -80.5971527099609, -2.54524752505457, -1.90878742614615, 0.203619802004366, 1.68692847887744, -1.4365894270293, -0.0593844972534423, 0.831070196208225, -0.611095415404452, 1.56113693468863, -113.045668515897
47519.228867908, -14.9586634874296, 48.225227355957, -15, 0.354484897929134, 28.6092510223389, -80.5971527099609, -2.54524752505457, -1.90878742614615, 0.203619802004366, 1.64627562177136, -1.36659223269614, 0.152702994091692, 0.817078095275882, -0.353154117160213, 1.41147742082463, -104.490591173801
47519.2888679079, -14.958161778856, 47.3278427124023, -15, 0.354777168955431, 28.6092510223389, -80.5971527099609, -2.54524752505457, -1.90878742614615, 0.203619802004366, 1.60393162840998, -1.29970826520249, 0.152702994091692, 0.804863743601422, -0.356665684182174, 1.34775003782146, -105.346500621788
47519.3488679079, -14.9596253325692, 46.4304580688477, -15, 0.356879185010902, 28.6092510223389, -80.5971527099609, -2.54524752505457, -1.90878742614615, 0.203619802004366, 1.56104463586706, -1.24362833723492, 0.152702994091692, 0.795036875387498, -0.369133677263362, 1.29724697482634, -106.533057327606
47519.4088679079, -14.9588964109051, 45.5330772399902, -14.6199734621327, 0.507787937523782, 28.6092529296875, -80.5971450805664, -1.69689755980983, -1.69669993483496, -0.712598160595751, 1.518879198312, -2.30104580358395, -0.0763514965583372, 0.784304891355506, -0.622585920855538, 2.38374004502199, -105.14342305009
47519.4888679079, -14.9554404587661, 44.6358184814453, -13.5633633292333, 0.930953315819687, 28.6092529296875, -80.5971450805664, -1.69689755980983, -1.69669993483496, 0.135751804784786, 1.47739153575681, -1.24082338389924, 0.135735994786797, 0.773151640056422, -0.350866806397986, 1.28946924714156, -105.790355262916
47519.5488679079, -14.9231617985192, 43.7397651672363, -12.4834853867885, 1, 28.6092529296875, -80.5971450805664, -1.69689755980983, -1.69669993483496, 0.135751804784786, 1.43858317620132, -1.22182808125663, 0.135735994786797, 0.761227635672173, -0.329225765268486, 1.26539995020843, -105.081394446992
47519.6088679079, -14.8219290391688, 42.848331451416, -11.3894840872118, 1, 28.6092529296875, -80.5971450805664, -1.69689755980983, -1.69669993483496, 0.135751804784786, 1.4038658006579, -1.22183793912925, 0.135735994786797, 0.747958101336911, -0.300214357817748, 1.25817445030615, -103.805464175366
47519.6688679079, -14.6517599918326, 41.9657707214355, -10.2894044235862, 1, 28.6092529296875, -80.5971450805664, -1.69689755980983, -1.69669993483496, 0.135751804784786, 1.36662460754093, -1.15264885533085, 0.135735994786797, 0.733974838452832, -0.276656100173679, 1.18538080621226, -103.497517497435
47519.7288679079, -14.4249662269939, 41.0957489013672, -9.18814234368556, 1, 28.6092548370361, -80.5971450805664, -1.69689755980983, -1.48461244352378, 0.135751804784786, 1.32888574578532, -1.10310141520137, -0.0933184958632322, 0.71967414327396, -0.531674127374041, 1.22453059673772, -115.734254771174
47519.7888679079, -14.1551400672964, 40.241096496582, -8.08901232352289, 1, 28.6092548370361, -80.5971450805664, -1.69689755980983, -1.48461244352378, 0.135751804784786, 1.29212927544143, -1.06951139138985, 0.118768995481902, 0.705208551845511, -0.258513329283475, 1.1003072278233, -103.589140100745
47519.8488679079, -13.8502882528493, 39.4040794372559, -6.9950013600665, 1, 28.6092548370361, -80.5971450805664, -1.69689755980983, -1.48461244352378, 0.135751804784786, 1.25679376665025, -1.04199102154678, 0.118768995481902, 0.691283124210281, -0.247547962531424, 1.07098950822513, -103.364797310321
47519.9088679078, -13.5180539071195, 38.5864753723145, -5.90854451445306, 1, 28.6092548370361, -80.5971374511719, -0.848547594565089, -1.48461244352378, -0.78046615781533, 1.22252918796826, -2.11224618054938, 0.118768995481902, 0.680855610207567, -0.270351334027709, 2.12946957161909, -97.2953723826305
47519.9688679078, -13.164853469351, 37.7896614074707, -4.83166357623313, 1, 28.6092567443848, -80.5971374511719, -0.848547594565089, -1.27252495221259, 0.0678838075652072, 1.19043201396829, -1.0780571890402, -0.110285495168127, 0.670715736645881, -0.536393879683478, 1.20411450555633, -116.453933962799
47520.0288679078, -12.7950743988892, 37.0146980285645, -3.76607709195601, 1, 28.6092567443848, -80.5971374511719, -0.848547594565089, -1.27252495221259, 0.0678838075652072, 1.1609864629975, -1.06989461976445, 0.101801996177007, 0.660508303571424, -0.269299599036537, 1.1032625897868, -104.12897699192
47520.0888679078, -12.4134640895557, 36.2624053955078, -2.71329488065229, 1, 28.6092567443848, -80.5971374511719, -0.848547594565089, -1.27252495221259, 0.0678838075652072, 1.13677880850873, -1.09386573620693, 0.101801996177007, 0.650229896594034, -0.25658482837441, 1.12355241267138, -103.201770739277
47520.1488679078, -12.0233701074838, 35.5333633422852, -1.67448366748047, 1, 28.6092567443848, -80.5971374511719, -0.848547594565089, -1.27252495221259, 0.0678838075652072, 1.11493760488497, -1.09194903279067, 0.101801996177007, 0.644130724698687, -0.291383570164193, 1.13015343891625, -104.941877717501
47520.2088679078, -11.6262919396172, 34.8280067443848, -0.650764731839017, 1, 28.6092567443848, -80.5971374511719, -0.848547594565089, -1.27252495221259, 0.0678838075652072, 1.09584078766764, -1.09709349038648, 0.101801996177007, 0.638310307932835, -0.287508526327556, 1.13413631312575, -104.68572154918
47520.2688679078, -11.2229956285586, 34.1466941833496, 0, 1, 28.6092586517334, -80.5971374511719, -0.848547594565089, -1.06043746090141, 0.0678838075652072, 1.07966422608526, -1.10749124109287, -0.127252494473022, 0.632392555578733, -0.554755043429972, 1.23864913436981, -116.607883986832
47520.3288679078, -10.8153819687206, 33.4897422790527, 0, 1, 28.6092586517334, -80.5971374511719, -0.848547594565089, -1.06043746090141, 0.0678838075652072, 1.06599187154131, -1.1167253508667, 0.0848349968721126, 0.627241187905426, -0.302057703131588, 1.15685038430857, -105.136331526303
47520.3888679078, -10.4040334761215, 32.8574028015137, 0, 1, 28.6092586517334, -80.5971374511719, -0.848547594565089, -1.06043746090141, 0.0678838075652072, 1.05452677225889, -1.12563177012534, 0.0848349968721126, 0.623411744994582, -0.311004765314146, 1.16780066861275, -105.446004903721
47520.4488679078, -9.98988870771298, 32.2498054504395, 0, 1, 28.6092586517334, -80.5971374511719, -0.848547594565089, -1.06043746090141, 0.0678838075652072, 1.04431405844757, -1.12648622641515, 0.0848349968721126, 0.623601826981394, -0.351751372779323, 1.18012046147359, -107.342202308836
47520.5088679077, -9.57337240773223, 31.6671562194824, 0, 1, 28.6092586517334, -80.5971298217773, -0.000197629320348109, -1.06043746090141, -0.84833415503491, 1.03611470920343, -2.23737287743577, 0.0848349968721126, 0.623959976756897, -0.354185305384991, 2.26521982447969, -98.9977023626266
47520.5688679077, -9.15251770728375, 31.1096668243408, 0, 1, 28.6092586517334, -80.5971298217773, -0.000197629320348109, -1.06043746090141, 1.58103456278487E-05, 1.02972581657792, -1.23040864002143, 0.0848349968721126, 0.624266975771046, -0.354365855775629, 1.28041449423225, -106.067825807589
47520.6288679077, -8.73218806419832, 30.5774230957031, 0, 1, 28.609260559082, -80.5971298217773, -0.000197629320348109, -0.848349969590222, 1.58103456278487E-05, 1.02541861283028, -1.24667212598754, -0.144219493777917, 0.6255803890455, -0.638203789809172, 1.40051104505187, -117.110437237792
47520.6888679077, -8.31268465722838, 30.0703315734863, 0, 1, 28.609260559082, -80.5971298217773, -0.000197629320348109, -0.848349969590222, 1.58103456278487E-05, 1.02736616229933, -1.31217312773847, 0.0678679975672178, 0.629298552734649, -0.415828492292496, 1.37647427167138, -107.584738970714
47520.7488679077, -7.89169394822052, 29.588472366333, 0, 1, 28.609260559082, -80.5971298217773, -0.000197629320348109, -0.848349969590222, 1.58103456278487E-05, 1.02984516440759, -1.3210803542736, 0.0678679975672178, 0.634167373271844, -0.4335174250448, 1.39038029124865, -108.168783909803
47520.8088679077, -7.46996349499723, 28.9852962493896, 0, 1, 28.609260559082, -80.5971298217773, -0.000197629320348109, -0.848349969590222, 1.58103456278487E-05, 1.03046642740226, -1.30386674909853, 0.0678679975672178, 0.639650002772687, -0.446577739286344, 1.37821106827302, -108.907803057324
47520.8688679077, -7.04872880841, 28.5623760223389, 0, 1, 28.609260559082, -80.5971298217773, -0.000197629320348109, -0.848349969590222, 1.58103456278487E-05, 1.03119780315381, -1.30646423676491, 0.0678679975672178, 0.643514932018288, -0.435384039986667, 1.37708939799427, -108.432166201548
47520.9288679077, -6.62718189838209, 28.164758682251, 0, 1, 28.6092624664307, -80.5971298217773, -0.000197629320348109, -0.636262478279037, 1.58103456278487E-05, 1.03151917915438, -1.30336879247632, -0.161186493082812, 0.646415479712687, -0.704570831670027, 1.48158855081332, -118.39608693667
47520.9888679077, -6.20322578699599, 27.7925472259521, 0, 1, 28.6092624664307, -80.5971298217773, -0.000197629320348109, -0.636262478279037, 1.58103456278487E-05, 1.03089802775583, -1.29381666613577, 0.050900998262323, 0.648658572999727, -0.446541664470446, 1.36869541167544, -109.042679030496
47521.0488679077, -5.78113068487934, 27.4456748962402, 0, 1, 28.6092624664307, -80.5971298217773, -0.000197629320348109, -0.636262478279037, 1.58103456278487E-05, 1.0290903856485, -1.28040003326234, 0.050900998262323, 0.650973684408622, -0.450400022991425, 1.3572953456629, -109.381399853258
47521.1088679076, -5.21605663721656, 27.1242389678955, 0, 1, 28.6092624664307, -80.5971298217773, -0.000197629320348109, -0.636262478279037, 1.58103456278487E-05, 1.02534000818293, -1.25708742123674, 0.050900998262323, 0.654583305765615, -0.468038877487307, 1.34137765895629, -110.422603580619
47521.1688679076, -4.66415455494345, 26.8312911987305, 0, 1, 28.6092624664307, -80.5971298217773, -0.000197629320348109, -0.636262478279037, 1.58103456278487E-05, 0.941304728868508, -0.353960840793369, 0.050900998262323, 0.638971297792637, -0.257441016768909, 0.437679461236033, -126.029037873743
47521.2288679076, -3.75257374935919, 26.5862064361572, 0, 0.752636549548143, 28.6092624664307, -80.5971221923828, 0.848152335924393, -0.636262478279037, -0.916202152254489, 0.707495093033815, 0.323918514183525, 0.050900998262323, 0.444352395210527, 1.76593454186934, 1.79538708462737, 10.3955566951518
47521.2888679076, -2.67039565412971, 26.4040641784668, 0, 0.185612090357013, 28.6092643737793, -80.5971221923828, 0.848152335924393, -0.424174986967852, -0.0678521868739515, 0.743261028393395, -1.39722303009465, -0.125131619551423, 0.413990169186943, -0.0517601672002306, 1.39818123991095, -92.1217634655063
47521.3488679076, -1.50599767587685, 26.2905197143555, 0, 0.01, 28.6092643737793, -80.5971221923828, 0.848152335924393, -0.424174986967852, -0.0678521868739515, 0.875597013990204, -2.52229278485812, 0.0339339989574281, 0.564169954793959, -1.84683542588648, 3.12578921376056, -126.215867700519
47521.4088679076, -0.438115739673673, 26.2438468933105, 0, 0.01, 28.6092643737793, -80.5971221923828, 0.848152335924393, -0.424174986967852, -0.0678521868739515, 0.901991523325773, -1.49513333950486, 0.0339339989574281, 0.560748522817843, -0.307033620152216, 1.52632629151958, -101.605890782516
