TIME, VerticalSpeed, RadarAltitude, TargetVerticalSpeed, TargetThrottle, Latitude, Longitude, XError, YError, TargetXSpeed, CurrentXSpeed, TargetXPitch, TargetYSpeed, CurrentYSpeed, TargetYPitch, TotalTargetPitch, TotalTargetHeading
47483.2488679137, -0.350055549332176, 540.446105957031, -20, 0.01, 28.6083583831787, -80.5997619628906, -318.23575368193, -89.8696101563335, 15, -0.072729413664715, 15, 7.18956881250668, -0.30338398071621, 8.99154335186747, 17.435288430496, 58.8741909316671
47483.3088679137, -0.609708802157165, 540.414733886719, -20, 0.01, 28.6083583831787, -80.5997619628906, -318.23575368193, -89.8696101563335, 15, -0.0726023788419821, 15, 7.18956881250668, -0.304217915509992, 9.00537969359526, 17.4422636302499, 58.8355139969305
47483.3688679137, -0.869808138268535, 540.367797851563, -20, 0.01, 28.6083583831787, -80.5997619628906, -318.23575368193, -89.8696101563335, 15, -0.072499534617262, 15, 7.18956881250668, -0.305047201503986, 9.01082511839785, 17.4450109617558, 58.8203013773148
47483.4288679137, -1.12933051283391, 540.305236816406, -20, 0.01, 28.6083583831787, -80.5997619628906, -318.23575368193, -89.8696101563335, 15, -0.0728805070257688, 15, 7.18956881250668, -0.30580885216633, 9.01555997247414, 17.4474007930935, 58.8070780029408
47483.4888679137, -1.3895399041196, 540.22705078125, -20, 0.01, 28.6083583831787, -80.5997619628906, -318.23575368193, -89.8696101563335, 15, -0.0768899685931205, 15, 7.18956881250668, -0.306015642780027, 9.01475687139566, 17.4469953771137, 58.8093206098618
47483.5488679137, -1.64955231005737, 540.13330078125, -20, 0.01, 28.6083583831787, -80.5997619628906, -318.23575368193, -89.8696101563335, 15, -0.093296713983265, 15, 7.18956881250668, -0.304305440701231, 8.99803102652432, 17.4385580200184, 58.8560517235121
47483.6088679137, -1.90991815082727, 540.02392578125, -20, 0.01, 28.6083564758301, -80.5997619628906, -318.23575368193, -90.0816976476447, 15, -0.119206136325656, 15, 7.41862330315672, -0.301116955897808, 9.2589192504463, 17.5714725170519, 58.1326339413082
47483.6688679136, -2.17067404518362, 539.89892578125, -20, 0.01, 28.6083564758301, -80.5997619628906, -318.23575368193, -90.0816976476447, 15, -0.15056441549142, 15, 7.20653581181158, -0.297181271501173, 8.99672167387213, 17.4378980058159, 58.8597120218911
47483.7288679136, -2.43184166917169, 539.758239746094, -20, 0.01, 28.6083564758301, -80.5997619628906, -318.23575368193, -90.0816976476447, 15, -0.184687168187202, 15, 7.20653581181158, -0.293261884221552, 9.00797968666323, 17.4435752283485, 58.8282498839603
47483.7888679136, -2.69330157729048, 539.601867675781, -20, 0.01, 28.6083564758301, -80.5997619628906, -318.23575368193, -90.0816976476447, 15, -0.219386558985333, 15, 7.20653581181158, -0.290667444043216, 9.01281568321638, 17.4460155500377, 58.8147417096669
47483.8488679136, -2.95456170776834, 539.429748535156, -20, 0.01, 28.6083564758301, -80.5997619628906, -318.23575368193, -90.0816976476447, 15, -0.265872251714967, 15, 7.20653581181158, -0.288335879339704, 9.0171434833348, 17.4482002483785, 58.8026564790515
47483.9088679136, -3.21598656189075, 539.175842285156, -20, 0.01, 28.6083564758301, -80.5997619628906, -318.23575368193, -90.0816976476447, 15, -0.299943040480912, 15, 7.20653581181158, -0.28797486172926, 9.0409124395395, 17.4602127615916, 58.7363401024012
47483.9688679136, -3.47725353258794, 538.967163085938, -20, 0.01, 28.6083564758301, -80.5997619628906, -318.23575368193, -90.0816976476447, 15, -0.332631540970765, 15, 7.20653581181158, -0.289240325282538, 9.0631932731248, 17.4714943801188, 58.6742641324064
47484.0288679136, -3.738246023911, 538.742797851563, -20, 0.01, 28.6083564758301, -80.5997619628906, -318.23575368193, -90.0816976476447, 15, -0.363611134899284, 15, 7.20653581181158, -0.292438939462489, 9.0908625012606, 17.4855328165837, 58.5972948706877
47484.0888679136, -3.99894025557317, 538.502807617188, -20, 0.01, 28.6083564758301, -80.5997619628906, -318.23575368193, -90.0816976476447, 15, -0.39243781246697, 15, 7.20653581181158, -0.297834842554857, 9.12381309649103, 17.5022918922131, 58.5058062449085
47484.1488679136, -4.25967813565003, 538.2470703125, -20, 0.01, 28.6083564758301, -80.5997619628906, -318.23575368193, -90.0816976476447, 15, -0.418912060777949, 15, 7.20653581181158, -0.305604951437741, 9.16138656951668, 17.5214565229778, 58.401710302291
47484.2088679136, -4.60714074580902, 537.975646972656, -20, 0.01, 28.6083564758301, -80.5997619628906, -318.23575368193, -90.0816976476447, 15, -0.442859558344826, 15, 7.20653581181158, -0.315876638677128, 9.20324182524255, 17.5428730152546, 58.2860381059746
47484.2688679135, -4.86759044536601, 537.688659667969, -20, 0.01, 28.6083564758301, -80.5997619628906, -318.23575368193, -90.0816976476447, 15, -0.464106799979298, 15, 7.20653581181158, -0.328709367859713, 9.24877266680481, 17.566251204724, 58.1605503829238
47484.3288679135, -5.12792541337076, 537.32666015625, -20, 0.01, 28.6083545684814, -80.5997619628906, -318.23575368193, -90.2937851389559, 15, -0.48277133457899, 15, 7.4355903024616, -0.343840345146273, 9.56944536775995, 17.7332647641533, 57.2868277898038
47484.3888679135, -5.38806393239982, 537.205139160156, -20, 0.01, 28.6083545684814, -80.5997619628906, -318.23575368193, -90.2937851389559, 15, -0.498674008141695, 15, 7.22350281111647, -0.361387217479293, 9.36470650943032, 17.6261571040014, 57.8426340438752
47484.4488679135, -5.64841220067537, 536.765258789063, -20, 0.01, 28.6083545684814, -80.5997619628906, -318.23575368193, -90.2937851389559, 15, -0.511236203276393, 15, 7.22350281111647, -0.382083342302443, 9.42559773581577, 17.6578375217788, 57.6765813756057
47484.5088679135, -5.90882264305373, 536.205688476563, -20, 0.01, 28.6083545684814, -80.5997619628906, -318.23575368193, -90.2937851389559, 15, -0.520363596631735, 15, 7.22350281111647, -0.405927743858493, 9.49027144334932, 17.6916479438377, 57.5009101249576
47484.5688679135, -6.16879109889268, 536.084106445313, -20, 0.01, 28.6083545684814, -80.5997619628906, -318.23575368193, -90.2937851389559, 15, -0.526859594934297, 15, 7.22350281111647, -0.431720080483005, 9.5452947317207, 17.7205440080475, 57.3520161797485
47484.6288679135, -6.42925019631195, 535.524597167969, -20, 0.01, 28.6083545684814, -80.5997619628906, -318.23575368193, -90.2937851389559, 15, -0.530702542661765, 15, 7.22350281111647, -0.459326917047733, 9.60117763283959, 17.7500138918062, 57.2013264018048
47484.6888679135, -6.69010479433824, 535.401000976563, -20, 0.01, 28.6083545684814, -80.5997619628906, -318.23575368193, -90.2937851389559, 15, -0.53194683668817, 15, 7.22350281111647, -0.488638231106277, 9.65802326927533, 17.7801173833062, 57.0485882530053
47484.7488679135, -6.95075030241581, 534.841430664063, -20, 0.01, 28.6083545684814, -80.5997619628906, -318.23575368193, -90.2937851389559, 15, -0.530694087540303, 15, 7.22350281111647, -0.519379485659635, 9.7138579090671, 17.8098084821146, 56.8991036050609
47484.8088679135, -7.2113736130889, 534.401611328125, -20, 0.01, 28.6083545684814, -80.5997619628906, -318.23575368193, -90.2937851389559, 15, -0.527066302217144, 15, 7.22350281111647, -0.551279277406989, 9.76838790035811, 17.8389228768797, 56.7536249601862
47484.8688679135, -7.47214561583174, 533.842041015625, -20, 0.01, 28.6083526611328, -80.5997619628906, -318.23575368193, -90.5058726302671, 15, -0.521185125582472, 15, 7.45255730176651, -0.584106765356821, 10.0967452351437, 18.016651493376, 55.8882934959248
47484.9288679134, -7.73268715139399, 533.718566894531, -20, 0.01, 28.6083526611328, -80.5997619628906, -318.23575368193, -90.5058726302671, 15, -0.513213673665817, 15, 7.24046981042137, -0.617494420920596, 9.89262188688446, 17.9056822755612, 56.4240755147045
47484.9888679134, -7.99356113643485, 533.159057617188, -20, 0.01, 28.6083526611328, -80.5997619628906, -318.23575368193, -90.5058726302671, 15, -0.503030917635916, 15, 7.24046981042137, -0.651524193860099, 9.94461398457198, 17.9337969315354, 56.2869369057512
47485.0488679134, -8.25445813422071, 532.599487304688, -20, 0.01, 28.6083526611328, -80.5997619628906, -318.23575368193, -90.5058726302671, 15, -0.490746845497958, 15, 7.24046981042137, -0.685926119947584, 9.99437366491484, 17.9608008722584, 56.1561159699416
47485.1088679134, -8.51534643166353, 532.039978027344, -20, 0.01, 28.6083526611328, -80.5997619628906, -318.23575368193, -90.5058726302671, 15, -0.477164686379021, 15, 7.24046981042137, -0.719492530618079, 10.031074180952, 17.9807779727416, 56.059896995298
47485.1688679134, -8.77614630177347, 531.358825683594, -20, 0.01, 28.6083526611328, -80.5997619628906, -318.23575368193, -90.5058726302671, 15, -0.462249306760648, 15, 7.24046981042137, -0.752019531725505, 10.0645079802531, 17.9990212347678, 55.9724408294286
47485.2288679134, -9.03648003607752, 530.799194335938, -20, 0.01, 28.6083526611328, -80.5997619628906, -318.23575368193, -90.5058726302671, 15, -0.44494795736419, 15, 7.24046981042137, -0.782468857121201, 10.0850841768071, 18.0102696535248, 55.918711520572
47485.2888679134, -9.29739773403431, 530.239624023438, -20, 0.01, 28.6083526611328, -80.5997619628906, -318.23575368193, -90.5058726302671, 15, -0.423884805150213, 15, 7.24046981042137, -0.809398800211279, 10.087036206619, 18.0113376000387, 55.9136180245306
47485.3488679134, -9.55766605750684, 529.680114746094, -20, 0.01, 28.6083507537842, -80.5997619628906, -318.23575368193, -90.7179601215783, 15, -0.398226506839218, 15, 7.46952430107139, -0.831976793659088, 10.3504565917628, 18.1567578329544, 55.2321553615303
47485.4088679134, -9.81817551985157, 529.120483398438, -20, 0.01, 28.6083507537842, -80.5997619628906, -318.23575368193, -90.7179601215783, 15, -0.368107026851171, 15, 7.25743680972626, -0.849685990473694, 10.0733789456657, 18.0038687831644, 55.94926787095
47485.4688679134, -10.0789538496556, 528.439331054688, -20, 0.01, 28.6083507537842, -80.5997619628906, -318.23575368193, -90.7179601215783, 15, -0.333588113132114, 15, 7.25743680972626, -0.86279286803415, 10.0479561439952, 17.9899843976418, 56.0157135145723
47485.5288679133, -10.3396865642534, 527.879760742188, -20, 0.01, 28.6083507537842, -80.5997619628906, -318.23575368193, -90.7179601215783, 15, -0.295243593377091, 15, 7.25743680972626, -0.87163263484032, 10.0207701982789, 17.9751640832203, 56.0868882761811
47485.5888679133, -10.6004069032889, 527.320251464844, -20, 0.01, 28.6083507537842, -80.5997619628906, -318.23575368193, -90.7179601215783, 15, -0.254592642676286, 15, 7.25743680972626, -0.875257585583755, 9.97785159517172, 17.9518241214061, 56.1995068755967
47485.6488679133, -10.8617335403701, 526.640869140625, -20, 0.01, 28.6083507537842, -80.5997619628906, -318.23575368193, -90.7179601215783, 15, -0.212257652781705, 15, 7.25743680972626, -0.873910025570718, 9.93138822368379, 17.9266353326709, 56.3217787612815
47485.7088679133, -11.1228541902633, 526.081298828125, -20, 0.01, 28.6083488464355, -80.5997619628906, -318.23575368193, -90.9300476128895, 15, -0.168704445619323, 15, 7.48649130037629, -0.86783382012557, 10.1566883066725, 18.0495375387386, 55.7322934326909
47485.7688679133, -11.3843754978297, 525.521728515625, -20, 0.01, 28.6083488464355, -80.5997619628906, -318.23575368193, -90.9300476128895, 15, -0.124836911823018, 15, 7.27440380903116, -0.857388879972418, 9.85084111740012, 17.8831643484249, 56.5346124681214
47485.8288679133, -11.6454983034689, 524.842529296875, -20, 0.01, 28.6083488464355, -80.5997619628906, -318.23575368193, -90.9300476128895, 15, -0.0806649045427407, 15, 7.27440380903116, -0.843212239486655, 9.80138271511344, 17.856595246551, 56.6658452011625
47485.8888679133, -11.9073884169851, 523.845092773438, -20, 0.01, 28.6083488464355, -80.5997619628906, -318.23575368193, -90.9300476128895, 15, -0.0364596501587361, 15, 7.27440380903116, -0.825739892438342, 9.75231891924479, 17.8303314144726, 56.7964421747304
47485.9488679133, -12.169083117386, 523.167663574219, -20, 0.01, 28.6083488464355, -80.5997619628906, -318.23575368193, -90.9300476128895, 15, 0.00698813561582256, 15, 7.27440380903116, -0.804100720939241, 9.68953077164853, 17.7968571333375, 56.964168637569
47486.0088679133, -12.4312745811587, 522.608093261719, -20, 0.01, 28.6083488464355, -80.5997619628906, -318.23575368193, -90.9300476128895, 15, 0.0495970989152896, 15, 7.27440380903116, -0.778621570742089, 9.62538781965238, 17.7628192857616, 57.1362087283648
47486.0688679133, -12.6938065423867, 521.928771972656, -20, 0.01, 28.6083488464355, -80.5997619628906, -318.23575368193, -90.9300476128895, 15, 0.0908896340200439, 15, 7.27440380903116, -0.749892389174683, 9.5632270657819, 17.7299872266473, 57.3036029478719
47486.1488679132, -12.9558712196538, 520.931335449219, -20, 0.01, 28.6083488464355, -80.5997619628906, -318.23575368193, -90.9300476128895, 15, 0.13115864371384, 15, 7.27440380903116, -0.717900600121238, 9.49700622669689, 17.6951783450897, 57.4826578428866
47486.2088679132, -13.2181030841616, 520.254089355469, -20, 0.01, 28.6083469390869, -80.5997619628906, -318.23575368193, -91.1421351042007, 15, 0.170632312682521, 15, 7.5034582996812, -0.682768913171929, 9.70322634850102, 17.8041455872676, 56.9275262158072
47486.2688679132, -13.4810635185321, 519.136840820313, -20, 0.01, 28.6083469390869, -80.5997619628906, -318.23575368193, -91.1421351042007, 15, 0.209659727944151, 15, 7.29137080833605, -0.644519871977042, 9.37641050139964, 17.6322349163751, 57.810667416318
47486.3288679132, -13.7441427647999, 518.579162597656, -20, 0.01, 28.6083469390869, -80.5997619628906, -318.23575368193, -91.1421351042007, 15, 0.248736089107912, 15, 7.29137080833605, -0.603420762789211, 9.30332776538216, 17.5943736365924, 58.0106604520218
47486.3888679132, -14.0074310716842, 517.89990234375, -20, 0.01, 28.6083469390869, -80.5997619628906, -318.23575368193, -91.1421351042007, 15, 0.288619947756752, 15, 7.29137080833605, -0.560453716827675, 9.23779903720262, 17.5606090028667, 58.1907622210166
47486.4488679132, -14.2712387608843, 516.78466796875, -20, 0.01, 28.6083469390869, -80.5997619628906, -318.23575368193, -91.1421351042007, 15, 0.32902021189824, 15, 7.29137080833605, -0.514364908425139, 9.15595828413388, 17.518684216337, 58.4167341412598
47486.5088679132, -14.5357090809034, 516.225036621094, -20, 0.01, 28.6083469390869, -80.5997619628906, -318.23575368193, -91.1421351042007, 15, 0.370141665192079, 15, 7.29137080833605, -0.465283319248931, 9.07178656185674, 17.4758509520032, 58.6503455005404
47486.5688679132, -14.8005534597492, 515.10986328125, -20, 0.01, 28.6083469390869, -80.5997619628906, -318.23575368193, -91.1421351042007, 15, 0.412336564359898, 15, 7.29137080833605, -0.413412993398359, 8.98627767436824, 17.4326359732653, 58.8889188379487
47486.6288679132, -15.0655989499714, 513.994506835938, -20, 0.01, 28.6083469390869, -80.5997619628906, -318.23575368193, -91.1421351042007, 15, 0.455120431416522, 15, 7.29137080833605, -0.35951052893737, 8.90586385970926, 17.3922726892457, 59.1144279718622
47486.6888679132, -15.3310981837651, 513.317138671875, -20, 0.01, 28.6083469390869, -80.5997619628906, -318.23575368193, -91.1421351042007, 15, 0.498354114872302, 15, 7.29137080833605, -0.304117183904843, 8.82904033274707, 17.353963815762, 59.3309117347033
47486.7488679131, -15.5971014971397, 512.319702148438, -20, 0.01, 28.6083469390869, -80.5997543334961, -317.387403716685, -91.1421351042007, 15, 0.542862723102152, 15, 7.29137080833605, -0.24702922670887, 8.74811170249504, 17.3138763549683, 59.5600665226491
47486.8088679131, -15.8640046619762, 511.642333984375, -20, 0.01, 28.6083469390869, -80.5997543334961, -317.387403716685, -91.1421351042007, 15, 0.59200922919426, 15, 7.29137080833605, -0.186197059455833, 8.64215754193472, 17.2618122044295, 59.8617946117973
47486.8688679131, -16.132966904856, 510.527160644531, -20, 0.01, 28.6083469390869, -80.5997543334961, -317.387403716685, -91.1421351042007, 15, 0.649804823357794, 15, 7.29137080833605, -0.119218705972532, 8.50476800915015, 17.1950161557273, 60.2559336267046
47486.9288679131, -16.4044773841651, 509.411865234375, -20, 0.01, 28.6083469390869, -80.5997543334961, -317.387403716685, -91.1421351042007, 15, 0.713780723947463, 15, 7.29137080833605, -0.0482376548050738, 8.3839675359784, 17.1369592291095, 60.6051807608709
47486.9888679131, -16.6778182754946, 508.298400878906, -20, 0.01, 28.6083469390869, -80.5997543334961, -317.387403716685, -91.1421351042007, 15, 0.782046094305276, 15, 7.29137080833605, 0.0252093757361019, 8.27553100244673, 17.0853870336196, 60.9208328394373
47487.0488679131, -16.9520395486645, 507.183349609375, -20, 0.01, 28.6083469390869, -80.5997543334961, -317.387403716685, -91.1421351042007, 15, 0.853653620068707, 15, 7.29137080833605, 0.100464050491364, 8.17146349465068, 17.0363799612035, 61.2256794653924
47487.1088679131, -17.2273323341284, 506.506042480469, -20, 0.01, 28.6083469390869, -80.5997543334961, -317.387403716685, -91.1421351042007, 15, 0.927656727032226, 15, 7.29137080833605, 0.176495512231913, 8.07672679588488, 16.9921853985568, 61.504821116799
47487.1688679131, -17.5033042735637, 505.392822265625, -20, 0.01, 28.6083469390869, -80.5997543334961, -317.387403716685, -91.1421351042007, 15, 1.00402363072933, 15, 7.29137080833605, 0.253070896544496, 7.98362008893498, 16.9491429558527, 61.7806705909729
47487.2288679131, -17.7802543930221, 504.397277832031, -20, 0.01, 28.6083488464355, -80.5997543334961, -317.387403716685, -90.9300476128895, 15, 1.08247495612464, 15, 7.06231631768601, 0.32960565317555, 7.62135889541107, 16.7854231606191, 62.8681690500898
47487.2888679131, -18.0572295200741, 503.283935546875, -20, 0.01, 28.6083488464355, -80.5997543334961, -317.387403716685, -90.9300476128895, 15, 1.16314808715131, 15, 7.27440380903116, 0.405901328280495, 7.9829338799374, 16.9488271762497, 61.7827091946305
47487.3488679131, -18.3348657896182, 502.170654296875, -20, 0.01, 28.6083488464355, -80.5997467041016, -316.53905375144, -90.9300476128895, 15, 1.24576423410373, 15, 7.27440380903116, 0.481638047237552, 7.71097585033223, 16.8253635222733, 62.597038949886
47487.408867913, -18.6125818594926, 501.055511474609, -20, 0.01, 28.6083488464355, -80.5997467041016, -316.53905375144, -90.9300476128895, 15, 1.35871310996873, 15, 7.27440380903116, 0.582108956458845, 7.34708423349564, 16.665515390103, 63.7065227262
47487.468867913, -18.8911201014139, 499.386566162109, -20, 0.0380302479886592, 28.6083488464355, -80.5997467041016, -316.53905375144, -90.9300476128895, 15, 1.44657380029406, 15, 7.27440380903116, 0.655303649045348, 7.53598422887875, 16.7477206238633, 63.1277465610261
47487.528867913, -19.1698293148193, 498.273284912109, -20, 0.259077011605295, 28.6083488464355, -80.5997467041016, -316.53905375144, -90.9300476128895, 15, 1.53672835959124, 15, 7.27440380903116, 0.728008318020054, 7.45756669952183, 16.713390882075, 63.3672716231423
47487.588867913, -19.4458915630421, 497.160095214844, -20, 0.469441267596137, 28.6083507537842, -80.5997467041016, -316.53905375144, -90.7179601215783, 15, 1.63288190693253, 15, 7.04534931838113, 0.803192220811718, 7.0714335834762, 16.5486053399596, 64.5620065254209
47487.648867913, -19.6997026410162, 496.049072265625, -20, 0.597418670390706, 28.6083507537842, -80.5997467041016, -316.53905375144, -90.7179601215783, 15, 1.74319124329442, 14.813031229504, 7.25743680972626, 0.884742292620936, 7.16824041344322, 16.4212790403063, 63.9842862100486
47487.708867913, -19.9113528157807, 494.936187744141, -20, 0.625936524595281, 28.6083507537842, -80.5997467041016, -316.53905375144, -90.7179601215783, 15, 1.87200624898924, 14.4812733255606, 7.25743680972626, 0.975625691051434, 6.96961615576948, 16.0387980273789, 64.1150866741906
47487.768867913, -20.1159789705253, 493.705413818359, -20, 0.766571985232603, 28.6083507537842, -80.599739074707, -315.690703786196, -90.7179601215783, 15, 2.0195098796383, 14.1251710132804, 7.25743680972626, 1.07540048890299, 6.76468162591476, 15.6316878899112, 64.2346843304263
47487.828867913, -20.2155158975673, 492.156585693359, -20, 0.49655064882749, 28.6083526611328, -80.599739074707, -315.690703786196, -90.5058726302671, 15, 2.18656814843469, 13.7368427683299, 7.02838231907624, 1.18199358603275, 6.29722936102526, 15.0861725107286, 65.2073543087629
47487.888867913, -20.2712245624161, 491.045440673828, -20, 0.395837047059402, 28.6083526611328, -80.599739074707, -315.690703786196, -90.5058726302671, 15, 2.36972081958149, 13.3636937069308, 7.24046981042137, 1.29236306725737, 6.38509599626051, 14.7856402519674, 64.3051581134528
47487.948867913, -20.3163088091623, 489.936065673828, -20, 0.39743864386955, 28.6083526611328, -80.599739074707, -315.690703786196, -90.5058726302671, 15, 2.55706143207805, 13.1044713215703, 7.24046981042137, 1.39968800409894, 6.29025598496932, 14.5121185539218, 64.2079882497277
47488.0088679129, -20.368546865393, 488.826751708984, -20, 0.464180761068515, 28.6083545684814, -80.599739074707, -315.690703786196, -90.2937851389559, 15, 2.74475681744598, 12.8830422763228, 7.01141531977133, 1.50214352513921, 5.94444369203794, 14.1672592082385, 65.0854658584298
47488.0688679129, -20.4255558572675, 487.279479980469, -20, 0.526967740955476, 28.6083545684814, -80.5997314453125, -314.842353820951, -90.2937851389559, 15, 2.93545149676436, 12.6314544507321, 7.22350281111647, 1.59990801743071, 6.13191573527317, 14.0193589801573, 63.9659169873989
47488.1288679129, -20.4784499090506, 486.172058105469, -20, 0.557001865135109, 28.6083564758301, -80.5997314453125, -314.842353820951, -90.0816976476447, 15, 3.13178140514743, 12.3466272011725, 6.99444832046645, 1.69533349613263, 5.76910937684458, 13.6089938036434, 64.8216591545449
47488.1888679129, -20.520187266335, 485.064727783203, -20, 0.554763331093093, 28.6083564758301, -80.5997314453125, -314.842353820951, -90.0816976476447, 15, 3.33518533917477, 12.0388011126809, 7.20653581181158, 1.78975983982643, 5.92354416969152, 13.3978671322545, 63.6740520185293
47488.2488679129, -20.5493429764727, 483.957366943359, -20, 0.537797104303156, 28.6083583831787, -80.5997314453125, -314.842353820951, -89.8696101563335, 15, 3.54541320451277, 11.725161113234, 6.97748132116154, 1.88269143813981, 5.55516519067142, 12.9578932850626, 64.5288530855358
47488.3088679129, -20.5702125941394, 482.412017822266, -20, 0.528583127977755, 28.6083583831787, -80.599723815918, -313.994003855706, -89.8696101563335, 15, 3.76013793723583, 11.4292666773451, 7.18956881250668, 1.97389003386928, 5.72069129851872, 12.7639698297376, 63.2963126389499
47488.3688679129, -20.5854490058662, 481.306518554688, -20, 0.52375125124033, 28.6083602905273, -80.599723815918, -313.994003855706, -89.6575226650224, 15, 3.97808304814994, 11.6892090732651, 6.96051432185666, 2.06253071349853, 5.36797504535451, 12.8472423302158, 65.2148767565775
47488.4288679129, -20.5979030748838, 480.202941894531, -20, 0.526233739980323, 28.6083602905273, -80.599723815918, -313.994003855706, -89.6575226650224, 15, 4.19837478841138, 10.8630108892277, 7.17260181320179, 2.14905197366696, 5.54286284728135, 12.1802746183243, 62.8639270152636
47488.4888679129, -20.6056509893645, 478.659484863281, -20, 0.51856184274005, 28.608362197876, -80.5997161865234, -313.145653890461, -89.4454351737112, 15, 4.42064743214965, 10.58282229351, 6.94354732255175, 2.23397956193405, 5.18484681225263, 11.7716690225692, 63.8002720757418
47488.5488679129, -20.612296517537, 477.555786132813, -20, 0.52204053380286, 28.608362197876, -80.5997161865234, -313.145653890461, -89.4454351737112, 15, 4.6415531241756, 10.3376200483288, 7.15563481389689, 2.3172560672829, 5.35883385188078, 11.6306068917131, 62.5054821539109
47488.6088679129, -20.6215700114929, 476.4521484375, -20, 0.540083924947442, 28.6083641052246, -80.5997161865234, -313.145653890461, -89.2333476824, 15, 4.86284374144899, 10.0743043488798, 6.92658032324688, 2.39750553438127, 5.02065692996515, 11.2444727499581, 63.4212448874014
47488.6688679128, -20.6278809542564, 474.912475585938, -20, 0.537141151378339, 28.6083660125732, -80.5997085571289, -312.297303925217, -89.0212601910888, 15, 5.08465111097148, 9.8089171922935, 6.90961332394196, 2.47601832211151, 4.92610813620779, 10.9655708157923, 63.2497395713236
47488.7288679128, -20.6319617045009, 473.930511474609, -20, 0.534867661622021, 28.6083660125732, -80.5997085571289, -312.297303925217, -89.0212601910888, 15, 5.30628987767835, 9.5504529264742, 7.1217008152871, 2.55274435911856, 5.10915076252152, 10.8199925677174, 61.7758721512979
47488.7888679128, -20.6330099781677, 472.830657958984, -20, 0.527497055229317, 28.6083679199219, -80.5997009277344, -311.448953959972, -88.8091726997776, 15, 5.5272451295903, 9.29782542505152, 6.89264632463708, 2.62911327351758, 4.74877202237377, 10.4308198698521, 62.8693301037332
47488.8488679128, -20.6319700422604, 471.291015625, -20, 0.521600318048568, 28.6083698272705, -80.5997009277344, -311.448953959972, -88.5970852084664, 15, 5.74593163487493, 9.06364152600496, 6.87567932533217, 2.70429479138588, 4.65257059779506, 10.1791487125025, 62.7559109642652
47488.9088679128, -20.6337975167673, 470.191101074219, -20, 0.534521724919546, 28.6083698272705, -80.5996932983398, -310.600603994727, -88.5970852084664, 15, 5.96104881572314, 8.84661752406667, 7.08776681667731, 2.77783761141563, 4.83779713928432, 10.0737555635471, 61.260538760945
47488.9688679128, -20.6360208474161, 469.093139648438, -20, 0.539527972453783, 28.6083717346191, -80.5996932983398, -310.600603994727, -88.3849977171552, 15, 6.17285065762277, 8.63090499288285, 6.85871232602729, 2.85141879072535, 4.47665511865372, 9.71499288503313, 62.5203989133004
47489.0288679128, -20.6356540687386, 467.677032470703, -20, 0.532507813962065, 28.6083736419678, -80.5996856689453, -309.752254029482, -88.172910225844, 15, 6.3823643719667, 8.40754039260676, 6.84174532672238, 2.92510462809146, 4.36917511850326, 9.46779599278459, 62.4787852109158
47489.0888679128, -20.6321260727198, 466.5791015625, -20, 0.521044404225445, 28.6083755493164, -80.5996856689453, -309.752254029482, -87.9608227345329, 15, 6.58902288853542, 8.19314873674704, 6.8247783274175, 2.99882167805782, 4.26233770736441, 9.22882239827014, 62.4567062686017
47489.1488679128, -20.6260231332546, 465.043151855469, -20, 0.509456977229922, 28.608377456665, -80.5996780395508, -308.903904064238, -87.7487352432217, 15, 6.79127443812844, 7.99944178233581, 6.80781132811261, 3.07367672792958, 4.14301173005631, 9.00243871119967, 62.5640817643768
47489.2088679128, -20.619963848736, 463.947052001953, -20, 0.506614957649716, 28.608377456665, -80.5996780395508, -308.903904064238, -87.7487352432217, 15, 6.98734226831466, 7.83080517482844, 7.01989881945774, 3.14898313275011, 4.30495803380914, 8.92964679344897, 61.1477383764385
47489.2688679127, -20.6134999755013, 462.970672607422, -20, 0.501935729934246, 28.6083793640137, -80.5996704101563, -308.055554098993, -87.5366477519105, 15, 7.17348621597163, 7.71136717121815, 6.7908443288077, 3.22237116631694, 3.96335180118611, 8.66477637964514, 62.7467236352243
47489.3288679127, -20.6044404638201, 461.438415527344, -20, 0.487849313824104, 28.6083812713623, -80.5996704101563, -308.055554098993, -87.3245602605993, 15, 7.34575579993975, 7.64797985388644, 6.77387732950283, 3.29069453003797, 3.91373997370038, 8.58590981259371, 62.8485770503315
47489.3888679127, -20.5927295942553, 460.342224121094, -20, 0.471420947341505, 28.6083831787109, -80.5996627807617, -307.207204133748, -87.1124727692881, 15, 7.50091122158819, 7.63743442439884, 6.75691033019791, 3.35174966849651, 3.89483875741759, 8.56797476233569, 62.9290412029691
47489.4488679127, -20.5800009232057, 459.247924804688, -20, 0.4595853416542, 28.6083850860596, -80.5996627807617, -307.207204133748, -86.900385277977, 15, 7.63925153321226, 7.64399359979993, 6.73994333089303, 3.40758945573074, 3.86162353814679, 8.55886493489138, 63.1468030738078
47489.5088679127, -20.5671540518205, 457.835327148438, -20, 0.450615305582698, 28.6083869934082, -80.5996551513672, -306.358854168503, -86.6882977866658, 15, 7.75829078419128, 7.69850213063529, 6.72297633158812, 3.45645210153962, 3.85435929281268, 8.60427122390609, 63.3527532637495
47489.5688679127, -20.5564205497334, 456.742706298828, -20, 0.450742329890282, 28.6083889007568, -80.5996551513672, -306.358854168503, -86.4762102953546, 15, 7.85714525744017, 7.7860102529151, 6.70600933228324, 3.49738499854839, 3.86610207985007, 8.68772438182508, 63.5405453387197
47489.6288679127, -20.5462815998323, 455.330047607422, -20, 0.446251855388951, 28.6083908081055, -80.5996475219727, -305.510504203259, -86.2641228040434, 15, 7.93850295243974, 7.86758569966465, 6.68904233297833, 3.53252746373801, 3.86336894957851, 8.75959861941129, 63.7925635205411
47489.7088679127, -20.5380529429751, 454.237426757813, -20, 0.447650732212258, 28.6083927154541, -80.5996398925781, -304.662154238014, -86.0520353127322, 15, 8.00672279759169, 7.92129635030033, 6.67207533367346, 3.5650332979373, 3.83223208450225, 8.79427216251626, 64.1279444837699
47489.7688679127, -20.5326457035657, 453.144897460938, -20, 0.454327602622894, 28.6083946228027, -80.5996398925781, -304.662154238014, -85.839947821421, 15, 8.06494438452095, 7.95557406159679, 6.65510833436854, 3.59684161060448, 3.78251188549197, 8.80377549011582, 64.5157053419722
47489.8288679127, -20.5300100070029, 451.734100341797, -20, 0.463047551550067, 28.6083965301514, -80.5996322631836, -303.813804272769, -85.6278603301098, 15, 8.1149567039779, 7.98178297896155, 6.63814133506364, 3.62895066342577, 3.72241873580156, 8.8020158586705, 64.94169642113
47489.8888679126, -20.528809242074, 450.641296386719, -20, 0.468456472780005, 28.6083984375, -80.5996322631836, -303.813804272769, -85.4157728387987, 15, 8.15845607747408, 7.99881811673722, 6.62117433575878, 3.66213089427989, 3.6533057053455, 8.78867964775381, 65.3966137764649
47489.9488679126, -20.5229052792122, 449.111297607422, -20, 0.449624691882433, 28.6084003448486, -80.5996246337891, -302.965454307524, -85.2036853474875, 15, 8.19683505119431, 8.00804924500922, 6.60420733645385, 3.69703513026128, 3.57556447504979, 8.76528011033845, 65.8837208647722
47490.0088679126, -20.5134548425395, 448.138244628906, -20, 0.431783127700527, 28.6084022521973, -80.5996170043945, -302.11710434228, -84.9915978561763, 15, 8.23037043112751, 8.02030450470805, 6.58724033714897, 3.73334492569346, 3.49928906410174, 8.74586788252728, 66.3725545430506
47490.0688679126, -20.5060968218353, 446.609497070313, -20, 0.434389721498039, 28.6084041595459, -80.599609375, -301.268754377035, -84.7795103648651, 15, 8.25929619080297, 8.03573421796724, 6.57027333784406, 3.77067882353937, 3.42556672009025, 8.73100640825461, 66.8563111631924
47490.1288679126, -20.5031681748948, 445.636749267578, -20, 0.448320887684853, 28.6084060668945, -80.599609375, -301.268754377035, -84.5674228735539, 15, 8.28405601524706, 8.05171134734479, 6.55330633853918, 3.80890673585338, 3.35203932122639, 8.71734727651685, 67.3419481124294
47490.1888679126, -20.5041202985011, 444.545989990234, -20, 0.463530849290081, 28.6084079742432, -80.5996017456055, -300.42040441179, -84.3553353822427, 15, 8.30520690208871, 8.06643653502321, 6.53633933923427, 3.84800800001416, 3.27763688540179, 8.70282801009804, 67.8313991379467
47490.2488679126, -20.5055158506153, 443.137329101563, -20, 0.467641933559387, 28.6084098815918, -80.5996017456055, -300.42040441179, -84.1432478909315, 15, 8.32359950280524, 8.07595411571663, 6.51937233992941, 3.8881451951094, 3.20033127906203, 8.68304225436716, 68.3277434398791
47490.3088679126, -20.5048717893513, 442.046691894531, -20, 0.461842588654344, 28.6084117889404, -80.5995941162109, -299.572054446546, -83.9311603996204, 15, 8.34113906918123, 8.06743229603006, 6.50240534062448, 3.9300890441774, 3.11311511106169, 8.64354127702655, 68.8448436693905
47490.3688679126, -20.5023419236991, 445.629974365234, -20, 0.455039707275062, 28.6084136962891, -80.5995864868164, -298.723704481301, -83.7190729083092, 15, 8.35965720095799, 8.03940908956739, 6.4854383413196, 3.97444956926097, 3.01686191489888, 8.58334053644218, 69.3777072853297
47490.4288679126, -20.4957552132592, 440.424285888672, -20, 0.443719469182401, 28.6084156036377, -80.5995864868164, -298.723704481301, -83.506985416998, 15, 8.38057792146693, 7.99424999087762, 6.46847134201471, 4.02134553274863, 2.91634025098832, 8.50633890050944, 69.9058099593895
47490.4888679126, -20.4937070840215, 438.367218017578, -20, 0.453201765686205, 28.608419418335, -80.5995788574219, -297.875354516056, -83.0828104343756, 15, 8.40498836356604, 7.93401725143253, 6.22244985205978, 4.07062057226584, 2.53948475288999, 8.32804503482894, 72.2035973397568
47490.5488679125, -20.4931746108575, 437.279449462891, -20, 0.459307497900305, 28.6084213256836, -80.5995712280273, -297.027004550811, -82.8707229430644, 15, 8.4340250136206, 7.85685077679646, 6.41757034410001, 4.12268132460638, 2.68467624570344, 8.30014160516935, 71.0861507247552
47490.6088679125, -20.492832726343, 435.889770507813, -20, 0.461147783966231, 28.6084232330322, -80.5995712280273, -297.027004550811, -82.6586354517532, 15, 8.46877673333673, 7.76191675047154, 6.40060334479513, 4.1779243461172, 2.56753513641561, 8.17307810666342, 71.6498775520139
47490.6688679125, -20.4902092828531, 435.476043701172, -20, 0.452914460436556, 28.6084251403809, -80.5995635986328, -296.178654585567, -82.446547960442, 15, 8.510725256095, 7.64350405757442, 6.38363634549022, 4.23789389325717, 2.42923346985385, 8.01805940197732, 72.3246942589326
47490.7288679125, -20.4871532472062, 436.875091552734, -20, 0.450489117803404, 28.6084270477295, -80.5995559692383, -295.330304620322, -82.2344604691309, 15, 8.55844463057795, 7.53239722415993, 6.36666934618536, 4.29904564784361, 2.32490946493646, 7.88105532849542, 72.8047640400893
47490.7888679125, -20.4869555733686, 437.164916992188, -20, 0.46131971815276, 28.6084289550781, -80.5995483398438, -294.481954655077, -82.0223729778197, 15, 8.61144581970855, 7.41981078322572, 6.34970234688043, 4.36027354442126, 2.23150782724656, 7.74631194040042, 73.221101593319
47490.8488679125, -20.4900249612737, 436.195953369141, -20, 0.476135509171042, 28.6084327697754, -80.5995483398438, -294.481954655077, -81.5981979951973, 15, 8.67019209607133, 7.29566226400123, 6.10368085692551, 4.42174083796074, 1.86113648144565, 7.52806580141435, 75.6542430917679
47490.9088679125, -20.4927314293079, 434.66943359375, -20, 0.478569144982795, 28.608434677124, -80.5995407104492, -293.633604689832, -81.3861105038861, 15, 8.73439857616258, 7.16777181145195, 6.29880134896576, 4.48288298234723, 2.1794700858444, 7.49014246765005, 73.049498314476
47490.9688679125, -20.4933793547034, 431.723449707031, -20, 0.473705814566337, 28.6084365844727, -80.5995330810547, -292.785254724588, -81.1740230125749, 15, 8.82771922108304, 6.76834875767544, 6.28183434966087, 4.56319090805868, 1.7192581876187, 6.98230840570248, 75.7176932925401
47491.0288679125, -20.4913811254641, 430.521118164063, -20, 0.464760859100382, 28.6084384918213, -80.5995330810547, -292.785254724588, -80.9619355212638, 15, 8.90252613722231, 6.86737623046703, 6.26486735035596, 4.62156245927407, 1.84920165492449, 7.11083758232701, 74.8972423810505
47491.0888679125, -20.4871680086172, 430.657073974609, -20, 0.45546891095528, 28.6084423065186, -80.5995254516602, -291.936904759343, -80.5377605386414, 15, 8.97998301975273, 6.75154031770222, 6.01884586040104, 4.67526342873189, 1.53704667067116, 6.92350082024807, 77.1474569838899
47491.1488679124, -20.4840407928859, 429.252105712891, -20, 0.458038931134371, 28.6084442138672, -80.5995178222656, -291.088554794098, -80.3256730473302, 15, 9.06156842340793, 6.61591568100707, 6.2139663524413, 4.7261987018371, 1.73861855751414, 6.83956778540764, 75.2467969317957
47491.2088679124, -20.4828691697878, 428.163452148438, -20, 0.465068882276793, 28.6084461212158, -80.5995178222656, -291.088554794098, -80.113585556019, 15, 9.14268384674258, 6.52679136590309, 6.19699935313638, 4.77139339928467, 1.72228564156877, 6.74925410612511, 75.1893039502089
47491.2688679124, -20.4823788557758, 426.758605957031, -20, 0.468394797921669, 28.6084480285645, -80.5995101928711, -290.240204828853, -79.9014980647078, 15, 9.22360378602066, 6.43510811706316, 6.1800323538315, 4.81176657115815, 1.70251365137291, 6.65559692319285, 75.1532507558189
47491.3288679124, -20.4758069329894, 425.791595458984, -20, 0.444292651240057, 28.6084518432617, -80.5995025634766, -289.391854863609, -79.4773230820855, 15, 9.30260186261746, 6.3629474908449, 5.93401086387656, 4.84439039138646, 1.44628656790042, 6.5245872626953, 77.1701747319986
47491.3888679124, -20.4683226774069, 424.266998291016, -20, 0.436669105485266, 28.6084537506104, -80.599494934082, -288.543504898364, -79.2652355907743, 15, 9.37888753350665, 6.30190141033756, 6.12913135591681, 4.8685029141303, 1.7373654829795, 6.53607051026763, 74.559666033068
47491.4488679124, -20.4627009199978, 423.299896240234, -20, 0.439768129563458, 28.608455657959, -80.599494934082, -288.543504898364, -79.0531480994631, 15, 9.45253907827908, 6.24318929433502, 6.1121643566119, 4.88540471713513, 1.76956617339292, 6.48817179916567, 74.1477878102121
47491.5088679124, -20.4605744192054, 421.894958496094, -20, 0.451099507577802, 28.6084594726563, -80.5994873046875, -287.695154933119, -78.6289731168407, 15, 9.52349696303928, 6.18826233457099, 5.86614286665698, 4.89571998840965, 1.52840963095815, 6.3735026302414, 76.1020633770237
47491.5688679124, -20.4590982207498, 420.810119628906, -20, 0.45346351793177, 28.6084613800049, -80.599479675293, -286.846804967874, -78.4168856255295, 15, 9.59014225472368, 6.15465982996134, 6.11428523153352, 4.89697150415549, 1.91604659345261, 6.4449157967656, 72.679503880774
47491.6288679124, -20.4577232121882, 419.843078613281, -20, 0.454073980365502, 28.6084632873535, -80.5994720458984, -285.99845500263, -78.2047981342184, 15, 9.6531714370179, 6.11839400225303, 6.04429635939234, 4.89080452315736, 1.91433738663411, 6.4097965136751, 72.5979941605972
47491.6888679124, -20.4552716029871, 418.320281982422, -20, 0.449889839014492, 28.6084671020508, -80.5994644165039, -285.150105037385, -77.780623151596, 15, 9.71324693157465, 6.07901233800496, 5.7982748694374, 4.87842656504268, 1.69662682858378, 6.31047729191965, 74.3801102265987
47491.7488679123, -20.453003494382, 417.355163574219, -20, 0.450046031266513, 28.6084690093994, -80.5994644165039, -285.150105037385, -77.5685356602848, 15, 9.76958939893273, 6.05186989552806, 5.99339536147765, 4.85830020503992, 2.03308812702241, 6.38303940297192, 71.4019831483465
47491.8088679123, -20.4515478401754, 415.952117919922, -20, 0.452944332750632, 28.608470916748, -80.5994567871094, -284.30175507214, -77.3564481689736, 15, 9.82394225650469, 6.00964819895173, 5.97642836217274, 4.83341221887012, 2.09089538262418, 6.36173478475381, 70.7873460610462
47491.8688679123, -20.4497453104247, 414.867248535156, -20, 0.451695293067133, 28.6084747314453, -80.5994491577148, -283.453405106895, -76.9322731863512, 15, 9.87751012086886, 5.95629018772087, 5.73040687221784, 4.80542176703163, 1.86083778463928, 6.23920077339566, 72.6238473252723
47491.9288679123, -20.4466422936991, 413.464202880859, -20, 0.446217849983771, 28.6084766387939, -80.5994415283203, -282.605055141651, -76.72018569504, 15, 9.92998432464067, 6.03949927111024, 5.92552736425806, 4.77310805614554, 2.17768287021867, 6.4187440647375, 70.1425590924431
47491.9888679123, -20.4454165344846, 412.4990234375, -20, 0.452831017253531, 28.6084785461426, -80.5994415283203, -282.605055141651, -76.5080982037289, 15, 9.98253765843585, 5.84746893827602, 5.90856036495318, 4.73936184415897, 2.21284445555599, 6.25080468387785, 69.2437307158105
47492.0488679123, -20.4451789039609, 410.976318359375, -20, 0.457270211849545, 28.6084804534912, -80.5994338989258, -281.756705176406, -76.2960107124177, 15, 10.0362057547111, 5.7748978744902, 5.89159336564827, 4.70543234500221, 2.23574402369282, 6.1912080522333, 68.808362556993
47492.1088679123, -20.4414991268735, 410.013122558594, -20, 0.444177065678875, 28.6084842681885, -80.5994262695313, -280.908355211161, -75.8718357297953, 15, 10.0902016393848, 5.70977080791227, 5.64557187569337, 4.67011038136829, 1.99741451377789, 6.04796912239055, 70.6929758338029
47492.1688679123, -20.4366234680698, 408.610076904297, -20, 0.437600136652001, 28.6084861755371, -80.5994186401367, -280.060005245916, -75.6597482384841, 15, 10.1467330111764, 5.61949025077272, 5.8406923677336, 4.63562427480674, 2.2653069022307, 6.05754235561363, 68.0181436082258
47492.2288679123, -20.4333231430071, 407.527130126953, -20, 0.441510958501326, 28.6084880828857, -80.5994110107422, -279.211655280672, -75.4476607471729, 15, 10.2064869965717, 5.51843544005643, 5.82372536842869, 4.6041181051719, 2.25368630171253, 5.95957337340514, 67.7594199273957
47492.2888679123, -20.4321751895699, 406.126037597656, -20, 0.449063693406069, 28.608491897583, -80.5994110107422, -279.211655280672, -75.0234857645506, 15, 10.2693428597852, 5.41482802029839, 5.57770387847379, 4.57681065184831, 1.9498428305716, 5.75420916309959, 70.1727142719286
47492.3488679123, -20.4352604926127, 405.043090820313, -20, 0.466948572253442, 28.6084938049316, -80.5994033813477, -278.363305315427, -74.8113982732394, 15, 10.3345418965962, 5.31595671500733, 5.77282437051402, 4.55190134493246, 2.19062967905296, 5.7484323886377, 67.5800837087159
47492.4088679122, -20.4347812437405, 403.641937255859, -20, 0.455987677168536, 28.6084957122803, -80.5993957519531, -277.514955350182, -74.5993107819282, 15, 10.4018647898082, 5.21668956026532, 5.75585737120911, 4.53047280462369, 2.161911092921, 5.6457759461661, 67.4665992074969
47492.4688679122, -20.4320989812549, 402.678771972656, -20, 0.447794785410919, 28.6084995269775, -80.5993881225586, -276.666605384937, -74.1751357993058, 15, 10.4715809298979, 5.11181477481843, 5.50983588125421, 4.51397588100163, 1.83776296244661, 5.43130338845263, 70.2047509768304
47492.5288679122, -20.4281400823667, 401.157928466797, -20, 0.441656631871195, 28.6085014343262, -80.5993804931641, -275.818255419693, -73.9630483079946, 15, 10.542825390083, 5.01371252640522, 5.70495637329443, 4.50146133062044, 2.04782337796274, 5.41481151310409, 67.7613693478727
47492.5888679122, -20.429747036977, 400.194610595703, -20, 0.462784281668018, 28.6085033416748, -80.5993728637695, -274.969905454448, -73.7509608166835, 15, 10.6147669620507, 4.92304266204034, 5.68798937398955, 4.49411210972706, 1.98534507534106, 5.30737586253253, 68.0164704668596
47492.6488679122, -20.4340049164612, 398.675750732422, -20, 0.476329016252337, 28.6085052490234, -80.5993728637695, -274.969905454448, -73.5388733253723, 15, 10.6874226579107, 4.83130213448779, 5.67102237468464, 4.49228616555374, 1.91265028369912, 5.19528982720569, 68.3824170047539
47492.7088679122, -20.4348563768914, 397.714508056641, -20, 0.466960023545489, 28.6085090637207, -80.599365234375, -274.121555489203, -73.1146983427499, 15, 10.7591153476371, 4.75744549894466, 5.42500088472972, 4.49347353956373, 1.58642538151022, 5.01440388438767, 71.5408652153919
47492.7688679122, -20.4312182922178, 396.313293457031, -20, 0.450378060334283, 28.6085109710693, -80.5993576049805, -273.273205523959, -72.9026108514387, 15, 10.8288998884844, 4.69528819878959, 5.62012137676998, 4.49776206630723, 1.78508562811244, 5.02246207046064, 69.1656335404684
47492.8288679122, -20.4272122577806, 395.232330322266, -20, 0.447228370345464, 28.608512878418, -80.5993499755859, -272.424855558714, -72.6905233601275, 15, 10.8955235626711, 4.64941114223785, 5.60315437746506, 4.50595704150493, 1.71648509256253, 4.95548935192489, 69.7190380869768
47492.8888679122, -20.4268799472561, 393.833068847656, -20, 0.460488908145228, 28.6085166931152, -80.5993423461914, -271.576505593469, -72.2663483775052, 15, 10.9584363853961, 4.61344920775867, 5.35713288751015, 4.51810726640415, 1.3676299530887, 4.81147390503087, 73.4724537612127
47492.9488679122, -20.4259604931745, 392.752136230469, -20, 0.459074081168496, 28.6085186004639, -80.5993347167969, -270.728155628224, -72.054260886194, 15, 11.0160484392159, 4.59971280317243, 5.55225337955037, 4.53148367398073, 1.57407348949271, 4.861043078141, 71.0918205967428
47493.0088679121, -20.4231861097798, 391.352844238281, -20, 0.451941035070813, 28.6085205078125, -80.5993270874023, -269.87980566298, -71.8421733948828, 15, 11.0684852707252, 4.59089973731169, 5.53528638024549, 4.54707795526806, 1.51341414072586, 4.83341274417927, 71.7386667749919
47493.0688679121, -20.4163438368078, 390.3916015625, -20, 0.434156616276563, 28.6085224151611, -80.5993194580078, -269.031455697735, -71.6300859035716, 15, 11.1153789655451, 4.59238944305049, 5.51831938094058, 4.56547123186594, 1.44356356542186, 4.81346568667345, 72.5342472663789
47493.1288679121, -20.4120314675993, 388.87451171875, -20, 0.440375827859067, 28.6085262298584, -80.5993194580078, -269.031455697735, -71.2059109209492, 15, 11.1551651456499, 4.61802807499963, 5.27229789098566, 4.5841083276799, 1.12394798407604, 4.75254727511537, 76.3077322220653
47493.1888679121, -20.4101864710642, 387.913146972656, -20, 0.448354965622943, 28.608528137207, -80.5993118286133, -268.18310573249, -70.9938234296381, 15, 11.1876777314732, 4.65403630819901, 5.46741838302593, 4.60291671334659, 1.33432831419838, 4.84113296264128, 73.98688941187
47493.2488679121, -20.4101140102289, 386.513916015625, -20, 0.455435791318826, 28.6085300445557, -80.5993041992188, -267.334755767245, -70.7817359383269, 15, 11.2139989017075, 4.6866366604755, 5.45045138372101, 4.62325053376851, 1.27480930348136, 4.85654977568746, 74.7681759356942
47493.3288679121, -20.4044535103653, 385.434844970703, -20, 0.433493955195132, 28.6085338592529, -80.5992965698242, -266.486405802001, -70.3575609557045, 15, 11.2348863631132, 4.71816786326605, 5.2044298937661, 4.64569091018437, 0.931924747283753, 4.80911922290275, 78.8150131589789
47493.3888679121, -20.3956777774676, 384.035552978516, -20, 0.417276292093688, 28.6085357666016, -80.5992889404297, -265.638055836756, -70.1454734643933, 15, 11.2494671946999, 4.76598748324505, 5.39955038580632, 4.66766561768098, 1.14479550879014, 4.9012416050797, 76.4792218571175
47493.4488679121, -20.3903157764434, 383.076080322266, -20, 0.42553674485061, 28.6085376739502, -80.5992813110352, -264.789705871511, -69.9333859730821, 15, 11.2590653985158, 4.80654047714216, 5.38258338650144, 4.69055803521161, 1.08820232345663, 4.92790385209256, 77.2295313568561
47493.5088679121, -20.3886869808037, 381.55712890625, -20, 0.43784378723101, 28.6085414886475, -80.5992736816406, -263.941355906266, -69.5092109904597, 15, 11.2652167599703, 4.83586813695956, 5.13656189654651, 4.71572920039809, 0.740236160342361, 4.89206177817655, 81.28722718361
47493.5688679121, -20.3892376722842, 380.597625732422, -20, 0.446717010500549, 28.6085433959961, -80.5992660522461, -263.093005941022, -69.2971234991486, 15, 11.2672619251912, 4.87671554388225, 5.33168238858674, 4.74049284572409, 0.949094288730614, 4.96799337101723, 78.9744133562383
47493.628867912, -20.3892098532822, 379.200256347656, -20, 0.445934016583645, 28.6085453033447, -80.5992584228516, -262.244655975777, -69.0850360078374, 15, 11.2663769101521, 4.90931953838762, 5.31471538928188, 4.76550945147518, 0.896513881974745, 4.99030936311787, 79.6389972548415
47493.688867912, -20.3847199985814, 378.119262695313, -20, 0.428622840486641, 28.608549118042, -80.599250793457, -261.396306010532, -68.660861025215, 15, 11.264804622862, 4.92032012287201, 5.06869389932693, 4.79326852742495, 0.540717756120982, 4.94986936419466, 83.7210944317933
47493.748867912, -20.3795636900661, 376.721893310547, -20, 0.42341497202894, 28.6085529327393, -80.5992431640625, -260.547956045287, -68.2366860425926, 15, 11.2621092885814, 4.93702772834245, 5.03475990071714, 4.8208896036596, 0.468359985637316, 4.95913910772889, 84.5741396821356
47493.808867912, -20.3772964951887, 375.762451171875, -20, 0.432363484407163, 28.6085548400879, -80.599235534668, -259.699606080043, -68.0245985512814, 15, 11.2592017019085, 4.94488383525104, 5.22988039275737, 4.84854359676487, 0.669219417730575, 4.98985152755215, 82.2833743463482
47493.868867912, -20.3778608748519, 374.245422363281, -20, 0.443387152565673, 28.6085567474365, -80.599235534668, -259.699606080043, -67.8125110599703, 15, 11.258295008728, 4.92820795513555, 5.21291339345249, 4.87892083887673, 0.585374233492969, 4.96276648417813, 83.2179606190211
47493.928867912, -20.3812201365312, 373.283996582031, -20, 0.456534495706914, 28.6085605621338, -80.5992279052734, -258.851256114798, -67.3883360773479, 15, 11.2596018999915, 4.90674808003576, 4.96689190349757, 4.91111432163624, 0.233387326305369, 4.91228186682907, 87.2734847503317
47493.988867912, -20.3825143108076, 371.886779785156, -20, 0.451137789129484, 28.6085624694824, -80.5992202758789, -258.002906149553, -67.1762485860367, 15, 11.2623896936165, 4.89083627025133, 5.16201239553781, 4.94238965780088, 0.439314752948789, 4.91047939452383, 84.8610802483026
47494.048867912, -20.3818960395433, 370.807586669922, -20, 0.446492520330684, 28.6085643768311, -80.5992126464844, -257.154556184308, -66.9641610947255, 15, 11.2675914446015, 4.86269404059808, 5.1450453962329, 4.97304685356448, 0.388450322003648, 4.87814765236459, 85.4272666032665
47494.108867912, -20.3789094701665, 369.410308837891, -20, 0.437345666196342, 28.6085681915283, -80.5992050170898, -256.306206219064, -66.5399861121032, 15, 11.2767924124903, 4.81389463463972, 4.89902390627798, 5.00494006406769, 0.0425289843610849, 4.81408205268341, 89.4932301467168
47494.168867912, -20.3736210498096, 368.012939453125, -20, 0.426562956458689, 28.608570098877, -80.5991973876953, -255.457856253819, -66.327898620792, 15, 11.2887894154359, 4.77376460688284, 5.09414439831823, 5.03497775085813, 0.259219087780024, 4.78078105541793, 86.8882662841476
47494.228867912, -20.3698705368505, 366.933807373047, -20, 0.429798515695108, 28.6085739135742, -80.5991897583008, -254.609506288574, -65.9037236381696, 15, 11.3031346644345, 4.73528596675173, 4.84812290836329, 5.06240556238211, -0.0429498909183176, 4.73548030067956, 90.5202607034599
47494.2888679119, -20.3710161117656, 365.536437988281, -20, 0.448148316879078, 28.6085758209229, -80.5991821289063, -253.761156323329, -65.6916361468584, 15, 11.3207851974726, 4.68326001558706, 5.04324340040354, 5.08898584491971, 0.167746204883363, 4.68625655170364, 87.9463609460221
47494.3488679119, -20.3747115603872, 364.577026367188, -20, 0.46072838948029, 28.6085777282715, -80.5991744995117, -252.912806358085, -65.4795486555472, 15, 11.3419452311436, 4.62496780170779, 5.02627640109865, 5.11311825154738, 0.142853571757172, 4.62716867718356, 88.2289209113126
47494.4088679119, -20.3765898232388, 363.059967041016, -20, 0.457303483330289, 28.6085815429688, -80.5991668701172, -252.06445639284, -65.0553736729249, 15, 11.3670993497852, 4.55702175001515, 4.78025491114371, 5.1359766624082, -0.167275784601779, 4.56008436237318, 92.1044402906926
47494.4688679119, -20.375657532761, 362.100555419922, -20, 0.448316112446399, 28.6085834503174, -80.5991592407227, -251.216106427595, -64.8432861816137, 15, 11.3949652637044, 4.49862772137394, 4.97537540318397, 5.15478689247042, 0.13166038373586, 4.50054998824433, 88.3218939006337
47494.5288679119, -20.3709576955354, 360.703277587891, -20, 0.433110626591362, 28.6085872650146, -80.5991516113281, -250.367756462351, -64.4191111989913, 15, 11.4252582383643, 4.44015038942709, 4.72935391322903, 5.1693184953857, -0.185506610144374, 4.44401611910341, 92.39477855593
47494.5888679119, -20.3632700873031, 359.745697021484, -20, 0.418091113576455, 28.6085891723633, -80.5991516113281, -250.367756462351, -64.2070237076801, 15, 11.4700992478442, 4.24297877027963, 4.92447440526927, 5.18394351207984, 0.0299981410180455, 4.24308461946187, 89.5945513453317
47494.6488679119, -20.3567848776269, 357.802093505859, -20, 0.417981295655857, 28.6085910797119, -80.5991439819336, -249.519406497106, -63.9949362163689, 15, 11.5050151385396, 4.30242788022182, 4.90750740596439, 5.18890949237899, 0.100100088206846, 4.30358999576448, 88.6659472454431
47494.7088679119, -20.3539727091747, 356.844604492188, -20, 0.429036949769715, 28.6085948944092, -80.5991363525391, -248.671056531861, -63.5707612337466, 15, 11.5421728743887, 4.23749484193748, 4.66148591600946, 5.19038819749475, -0.162344735407442, 4.24059786788899, 92.196010115136
47494.7688679119, -20.3548510776377, 355.327484130859, -20, 0.44310598749274, 28.6085968017578, -80.5991287231445, -247.822706566616, -63.3586737424354, 15, 11.5808147428145, 4.17833478521214, 4.85660640804969, 5.18629368401872, 0.132247644773382, 4.18042342376795, 88.1855426992528
47494.8288679119, -20.3594802188904, 354.369995117188, -20, 0.4603903171187, 28.6086006164551, -80.59912109375, -246.974356601372, -62.934498759813, 15, 11.6193389521009, 4.13531072208995, 4.61058491809477, 5.17664349246331, -0.0961807676478194, 4.1364271345847, 91.3335251512479
47494.8888679118, -20.3617181228811, 352.974578857422, -20, 0.455295003805317, 28.6086025238037, -80.5991134643555, -246.126006636127, -62.7224112685018, 15, 11.6586947364741, 4.08177281313029, 4.80570541013502, 5.16252473682493, 0.199377878807296, 4.08663107765606, 87.2012011176319
47494.9488679118, -20.359665038498, 351.895538330078, -20, 0.440428236832348, 28.608606338501, -80.5991058349609, -245.277656670882, -62.2982362858795, 15, 11.69822450925, 4.03457826706741, 4.55968392018009, 5.14310935876555, -0.019933286511955, 4.0346274266722, 90.2833079859368
47495.0088679118, -20.3557604679679, 350.5, -20, 0.43220024132118, 28.6086082458496, -80.5990982055664, -244.429306705637, -62.0861487945683, 15, 11.7386192868206, 3.97941131446036, 4.75480441222032, 5.12003352006787, 0.278287779297777, 3.98911442950447, 85.9965183225185
47495.0688679118, -20.3534784125197, 349.542572021484, -20, 0.436843415807098, 28.6086101531982, -80.5990905761719, -243.580956740393, -61.8740613032571, 15, 11.7791414215746, 3.93144369606911, 4.73783741291544, 5.09270089040846, 0.333081527260827, 3.94550613585763, 85.1535691374841
47495.1288679118, -20.354310722137, 348.147094726563, -20, 0.448953412554108, 28.6086139678955, -80.5990829467773, -242.732606775148, -61.4498863206347, 15, 11.8185728135707, 3.89694230956561, 4.59785966863307, 5.06124978533983, 0.243756280233074, 3.90454668806409, 86.4180317195716
47495.1888679118, -20.3533966001048, 347.069946289063, -20, 0.443460865895538, 28.6086158752441, -80.5990753173828, -241.884256809903, -61.2377988293235, 15, 11.8565074736508, 3.8682741321477, 4.68693641500075, 5.02418167538679, 0.451097809514904, 3.89444793537396, 83.3435675264825
47495.2488679118, -20.3501769657043, 345.674438476563, -20, 0.434250648043187, 28.6086177825928, -80.5990676879883, -241.035906844658, -61.0257113380123, 15, 11.8936085891226, 3.83395207451196, 4.66996941569585, 4.98317112963075, 0.519186502264262, 3.86889398789671, 82.2824424722093
47495.3088679118, -20.3463278033774, 344.716949462891, -20, 0.430111875170101, 28.60862159729, -80.5990600585938, -240.187556879414, -60.60153635539, 15, 11.9300956557335, 3.79815002579584, 4.42394792574094, 4.93956640617079, 0.301918788425428, 3.81011351671963, 85.4517618420462
47495.3688679118, -20.3461300112077, 343.201812744141, -20, 0.443163265327307, 28.6086235046387, -80.5990524291992, -239.339206914169, -60.3894488640788, 15, 11.9650511406155, 3.77334023054316, 4.61906841778117, 4.89337890453701, 0.617151576284641, 3.82340447223529, 80.704764468892
47495.4288679118, -20.3494820976423, 342.244293212891, -20, 0.458726309450203, 28.6086273193359, -80.5990447998047, -238.490856948924, -59.9652738814564, 15, 11.9999347658296, 3.73399851610599, 4.37304692782624, 4.84613695156962, 0.388876791223037, 3.7541651430223, 84.0502371298043
47495.4888679118, -20.3510571137797, 340.848876953125, -20, 0.45511592604343, 28.6086292266846, -80.5990371704102, -237.642506983679, -59.7531863901452, 15, 12.035461039687, 3.77612781686859, 4.56816741986647, 4.79911321468597, 0.677129137617165, 3.83627177217767, 79.8268811558886
47495.5488679117, -20.349222792127, 339.773559570313, -20, 0.443331677794863, 28.6086311340332, -80.5990295410156, -236.794157018435, -59.541098898834, 15, 12.0712102096886, 3.64394144064102, 4.55120042056159, 4.75192430896048, 0.714926679407562, 3.71331927791067, 78.8927717957257
47495.6088679117, -20.3453131566627, 338.378112792969, -20, 0.434322196187255, 28.6086349487305, -80.5990219116211, -235.94580705319, -59.1169239162117, 15, 12.1074317552285, 3.59748737155552, 4.30517893060667, 4.70630092232667, 0.458553091307935, 3.62655620842655, 82.7313275672611
47495.6688679117, -20.3421067082915, 337.420562744141, -20, 0.435127314592238, 28.6086368560791, -80.5990142822266, -235.097457087945, -58.9048364249005, 15, 12.1427124500567, 3.56627341741027, 4.50029942264691, 4.66087636045607, 0.745122562205824, 3.64318494297362, 78.1915402904978
47495.7288679117, -20.34068083599, 335.907318115234, -20, 0.440943912825155, 28.6086387634277, -80.599006652832, -234.2491071227, -58.6927489335893, 15, 12.1786254680974, 3.51854738835352, 4.48333242334202, 4.61821210235483, 0.748275307255925, 3.59713603018449, 77.9870035674976
47495.7888679117, -20.3396718558448, 334.951721191406, -20, 0.442545384798087, 28.608642578125, -80.599006652832, -234.2491071227, -58.2685739509669, 15, 12.2158528531132, 3.46240134486959, 4.23731093338707, 4.57925348321215, 0.462538307159936, 3.49312242390227, 82.38647424
47495.8488679117, -20.3353202357469, 333.556335449219, -20, 0.428927916248999, 28.6086444854736, -80.5989990234375, -233.400757157456, -58.0564864596557, 15, 12.2529704333391, 3.42060651423814, 4.43243142542733, 4.54214905989741, 0.722600416722853, 3.49600912247151, 78.0651087084421
47495.9088679117, -20.3300882350276, 332.481079101563, -20, 0.422797978306927, 28.6086463928223, -80.598991394043, -232.552407192211, -57.8443989683446, 15, 12.2897896777294, 3.38103290551784, 4.41546442612244, 4.50875246678485, 0.705181654440014, 3.45370631691536, 78.2123622737838
47495.9688679117, -20.3271215366536, 331.087432861328, -20, 0.428956992036192, 28.6086502075195, -80.5989837646484, -231.704057226966, -57.4202239857222, 15, 12.3267363386538, 3.33702670526548, 4.16944293616749, 4.48038121764998, 0.393561362702056, 3.36012836075622, 83.2700198159758
47496.0288679117, -20.3267895992906, 330.010223388672, -20, 0.438454347648318, 28.6086521148682, -80.5989761352539, -230.855707261721, -57.208136494411, 15, 12.362440245901, 3.30819208919386, 4.36456342820775, 4.4551393022196, 0.62664856909247, 3.36695513030389, 79.2683144352809
47496.0888679117, -20.3284104920264, 328.616729736328, -20, 0.447245726976735, 28.6086540222168, -80.5989685058594, -230.007357296477, -56.9960490030998, 15, 12.397065779367, 3.27898694738095, 4.34759642890286, 4.43412456773774, 0.589182124929611, 3.33144291797844, 79.8082836710492
47496.1488679116, -20.3255076077098, 327.661193847656, -20, 0.430820685502624, 28.6086559295654, -80.5989608764648, -229.159007331232, -56.7839615117886, 15, 12.4313896049246, 3.24235660203395, 4.33062942959795, 4.41827645697572, 0.536120633255082, 3.28633455134665, 80.6063570387845
47496.2088679116, -20.3172018994269, 326.147918701172, -20, 0.407118311350617, 28.6086597442627, -80.5989532470703, -228.310657365987, -56.3597865291663, 15, 12.4638053032565, 3.22406075311192, 4.08460793964303, 4.40544652915658, 0.225916426104836, 3.23195793464732, 85.9896223728437
47496.2688679116, -20.3096038851838, 325.192260742188, -20, 0.404327691744221, 28.6086616516113, -80.5989456176758, -227.462307400743, -56.1476990378551, 15, 12.4934423003468, 3.21778730364532, 4.27972843168328, 4.39595367033719, 0.438012021990284, 3.24743097125271, 82.2444677023608
47496.3288679116, -20.3070781593576, 323.798828125, -20, 0.42013597362075, 28.60866355896, -80.5989379882813, -226.613957435498, -55.9356115465439, 15, 12.5208119533032, 3.20910467426722, 4.26276143237838, 4.39015763053245, 0.387562242718937, 3.23239852158282, 83.1102473752856
47496.3888679116, -20.3086809768495, 322.723327636719, -20, 0.436106081606997, 28.6086654663086, -80.5989303588867, -225.765607470253, -55.7235240552327, 15, 12.5456065820728, 3.20657399766635, 4.24579443307348, 4.38901217462387, 0.321984621029232, 3.22268252178672, 84.2629831211558
47496.4488679116, -20.3132827048121, 321.331756591797, -20, 0.450723680328465, 28.6086692810059, -80.5989227294922, -224.917257505008, -55.2993490726103, 15, 12.5663329417423, 3.22384525730493, 3.99977294311855, 4.39049148571129, -0.00149844131117478, 3.22384560517461, 90.0266450987347
47496.5088679116, -20.3156841724808, 320.256439208984, -20, 0.446257705999934, 28.6086711883545, -80.5989151000977, -224.068907539764, -55.0872615812991, 15, 12.5832846477497, 3.24269977593381, 4.19489343515879, 4.39462048201898, 0.201074665132788, 3.24892131030725, 86.4498399467211
47496.5688679116, -20.3135926120271, 318.862884521484, -20, 0.430548475062554, 28.6086730957031, -80.5989074707031, -223.220557574519, -54.875174089988, 15, 12.5962901800775, 3.26799709983518, 4.17792643585391, 4.4018912992297, 0.140436697360809, 3.27100995388996, 87.5379932847899
47496.6288679116, -20.3106522921123, 317.9072265625, -20, 0.42629897780268, 28.6086769104004, -80.5988998413086, -222.372207609274, -54.4509991073656, 15, 12.6055009623029, 3.2963283616173, 3.93190494589898, 4.41245702981454, -0.200705432283838, 3.30242621179522, 93.4862104102182
47496.6888679116, -20.3095665769472, 316.395812988281, -20, 0.432541121234622, 28.608678817749, -80.5988922119141, -221.523857644029, -54.2389116160544, 15, 12.6109642965234, 3.3286802620296, 4.12702543793922, 4.42450853642282, 0.00394110013876735, 3.32868259250068, 89.9321246393329
47496.7488679115, -20.3080753052594, 315.440246582031, -20, 0.430920474724583, 28.6086807250977, -80.5988845825195, -220.675507678785, -54.0268241247432, 15, 12.6134479007625, 3.35692916802032, 4.11005843863433, 4.43921851467694, -0.0608534854402482, 3.35748005914101, 91.0391224050349
47496.8088679115, -20.3047542783321, 313.927001953125, -20, 0.423078731884269, 28.6086826324463, -80.598876953125, -219.82715771354, -53.814736633432, 15, 12.6138262281612, 3.37895964781263, 4.09309143932943, 4.45707633927332, -0.134340128489376, 3.38162603556798, 92.2780739756865
47496.8888679115, -20.302376373299, 312.973236083984, -20, 0.425227276625905, 28.6086864471436, -80.5988693237305, -218.978807748295, -53.3905616508097, 15, 12.6108632825475, 3.41736139470799, 3.8470699493745, 4.47526985230309, -0.455131936347264, 3.44750029548977, 97.5905072837503
47496.9488679115, -20.3040395136563, 311.579742431641, -20, 0.440940058755904, 28.6086883544922, -80.5988616943359, -218.13045778305, -53.1784741594985, 15, 12.6047380968325, 3.45777117572607, 4.04219044141475, 4.49363898248203, -0.245057342730155, 3.46643356800921, 94.0562995052586
47497.0088679115, -20.3045499146699, 310.504364013672, -20, 0.438419564830928, 28.6086902618408, -80.5988540649414, -217.282107817806, -52.9663866681873, 15, 12.5967217918031, 3.48774390183273, 4.02522344210984, 4.51356056240289, -0.305141137494963, 3.50105035710015, 95.0031003482547
47497.0688679115, -20.3032399130572, 309.112762451172, -20, 0.432213274524369, 28.6086921691895, -80.5988464355469, -216.433757852561, -52.7542991768761, 15, 12.5880696356143, 3.50593215907357, 4.00825644280495, 4.53588456320497, -0.3766311233115, 3.52607915704419, 96.1353429616704
47497.1288679115, -20.298154812794, 308.157135009766, -20, 0.416455996582119, 28.6086959838867, -80.5988388061523, -215.585407887316, -52.3301241942537, 15, 12.5778358957927, 3.53548178165157, 3.76223495285004, 4.55743077134138, -0.690411551854194, 3.6021791171192, 101.056286478619
47497.1888679115, -20.294574208651, 306.643890380859, -20, 0.419490222961418, 28.6086978912354, -80.5988235473633, -213.888707956827, -52.1180367029426, 15, 12.5662358598598, 3.56452504436972, 3.95735544489027, 4.57761328963019, -0.467221239581007, 3.59497604619644, 97.4721737247412
47497.2488679115, -20.2934689942286, 305.690093994141, -20, 0.427737757476073, 28.6087017059326, -80.5988159179688, -213.040357991582, -51.6938617203202, 15, 12.5543948973228, 3.58261082851787, 3.71133395493534, 4.59714909241888, -0.779954324953597, 3.66642006151994, 102.289361724249
47497.3088679115, -20.2958197687644, 304.176818847656, -20, 0.442025799606659, 28.6087036132813, -80.5988082885742, -212.192008026337, -51.481774229009, 15, 12.5438498514918, 3.58377940654151, 3.90645444697559, 4.6177531267339, -0.581643670156165, 3.6306119155311, 99.224418256698
47497.3688679114, -20.2942732629233, 303.221252441406, -20, 0.428680480130799, 28.6087055206299, -80.5988006591797, -211.343658061092, -51.2696867376978, 15, 12.5341272431108, 3.58870168575149, 3.8894874476707, 4.63728521554035, -0.615171799462982, 3.64097804409756, 99.7331058981764
47497.4288679114, -20.2913367992951, 301.829620361328, -20, 0.422572127001271, 28.6087093353271, -80.5987930297852, -210.495308095848, -50.8455117550754, 15, 12.5262060078926, 3.58167771277692, 3.64346595771577, 4.65678553980337, -0.934088322839283, 3.70132400404187, 104.625439882734
47497.4888679114, -20.288796051203, 300.754211425781, -20, 0.422724968468439, 28.6087112426758, -80.5987854003906, -209.646958130603, -50.6334242637643, 15, 12.5198303646471, 3.5753606667228, 3.838586449756, 4.6738302789554, -0.696342714557049, 3.64245350202965, 101.027761298241
47497.5488679114, -20.2905054069509, 299.360687255859, -20, 0.437997024373215, 28.6087131500244, -80.5987777709961, -208.798608165358, -50.4213367724531, 15, 12.5148218392986, 3.56919082506634, 3.82161945045112, 4.68813653647443, -0.707005716662976, 3.63845207200824, 101.211220737392
47497.6088679114, -20.2914897732344, 298.406951904297, -20, 0.438666818294536, 28.6087169647217, -80.5987701416016, -207.950258200113, -49.9971617898307, 15, 12.5127245483589, 3.54408759537021, 3.57559796049618, 4.70183533763258, -1.01327124481496, 3.68591449616733, 105.964351959689
47497.6688679114, -20.2910843520277, 296.893737792969, -20, 0.434583109417051, 28.6087188720703, -80.598762512207, -207.101908234869, -49.7850742985195, 15, 12.5125726695773, 3.52630818472374, 3.77071845253642, 4.71211814350558, -0.757870908371802, 3.6067287567246, 102.136538908525
47497.7288679114, -20.2879563523259, 295.939971923828, -20, 0.423869317060755, 28.6087207794189, -80.5987548828125, -206.253558269624, -49.5729868072083, 15, 12.5147305059527, 3.50211279119523, 3.75375145323154, 4.71902332418965, -0.753320435586397, 3.58211931224663, 102.146604562862
47497.7888679114, -20.2811843225324, 294.546478271484, -20, 0.407148479219325, 28.6087226867676, -80.598747253418, -205.405208304379, -49.3608993158972, 15, 12.52058533919, 3.45960467148087, 3.73678445392664, 4.72453025237512, -0.766899271065576, 3.54348472945715, 102.505788037847
47497.8488679114, -20.2751462337858, 293.471130371094, -20, 0.405589917079563, 28.6087265014648, -80.5987396240234, -204.556858339134, -48.9367243332748, 15, 12.5287973458546, 3.4276612508, 3.49076296397172, 4.72582518011673, -1.02230000518557, 3.57669007013734, 106.615742706037
47497.9088679114, -20.2721420358366, 292.079498291016, -20, 0.414115954154421, 28.6087284088135, -80.5987319946289, -203.70850837389, -48.7246368419636, 15, 12.5391696201314, 3.39508834376914, 3.68588345601194, 4.72268442508604, -0.740651761551829, 3.47484498847431, 102.313141396421
47497.9688679114, -20.2732187330236, 291.004089355469, -20, 0.429399951891987, 28.6087303161621, -80.5987243652344, -202.860158408645, -48.5125493506524, 15, 12.5518638550332, 3.35810453732077, 3.66891645670706, 4.71570438175175, -0.714871298429257, 3.43326692127751, 102.02407681951
47498.0288679113, -20.2786560665556, 289.612487792969, -20, 0.449121241403069, 28.6087341308594, -80.5987167358398, -202.0118084434, -48.08837436803, 15, 12.5665686282383, 3.32181348526072, 3.42289496675214, 4.70606526848415, -0.997063770530769, 3.46806384935192, 106.715512657143
47498.0888679113, -20.2825058189619, 288.656860351563, -20, 0.447756623698159, 28.608736038208, -80.5987091064453, -201.163458478156, -47.8762868767188, 15, 12.5841134515977, 3.27380872761175, 3.61801545879237, 4.6923006244497, -0.681693087492387, 3.34395323032992, 101.768365890219
47498.1488679113, -20.2825331963578, 287.145538330078, -20, 0.435884875167074, 28.6087379455566, -80.5987014770508, -200.315108512911, -47.6641993854077, 15, 12.6114743106304, 3.14424845543609, 3.60104845948748, 4.66760412200559, -0.563739033008709, 3.19433576142005, 100.169520817751
47498.2088679113, -20.2792700593113, 285.767150878906, -20, 0.423143794231269, 28.6087398529053, -80.5986938476563, -199.466758547666, -47.4521118940965, 15, 12.6348599466126, 3.15735700680044, 3.58408146018259, 4.64556349158374, -0.584846285113958, 3.2110126351939, 100.499135024931
47498.2688679113, -20.2728968313152, 284.255889892578, -20, 0.408496932494747, 28.6087436676025, -80.5986862182617, -198.618408582421, -47.0279369114741, 15, 12.6608391364975, 3.1016499364257, 3.33805997022766, 4.61914052279283, -0.805309775144623, 3.20439113285562, 104.561198799113
47498.3288679113, -20.2679234356189, 283.300262451172, -20, 0.409988093911092, 28.6087455749512, -80.5986785888672, -197.770058617177, -46.8158494201629, 14.9732547239936, 12.6891907250162, 3.01318015105393, 3.5331804622679, 4.58863169508173, -0.494329272974125, 3.05342278982597, 99.320811643578
47498.3888679113, -20.265341759866, 281.788879394531, -20, 0.416691178400991, 28.6087474822998, -80.5986709594727, -196.921708651932, -46.6037619288517, 14.905386726774, 12.7185740399735, 2.88747339966414, 3.516213462963, 4.55531512028053, -0.447255772467357, 2.92187798887928, 98.8084508448533
47498.4488679113, -20.265947668587, 280.835144042969, -20, 0.428599029964437, 28.6087512969971, -80.5986633300781, -196.073358686687, -46.1795869462294, 14.8375187295544, 12.7494016485999, 2.75584860620493, 3.27019197300807, 4.5199384134327, -0.680178039590433, 2.83848319998391, 103.869058291798
47498.5088679113, -20.2721818108559, 279.443511962891, -20, 0.453163667708287, 28.6087532043457, -80.5986557006836, -195.225008721442, -45.9674994549182, 14.7696507323349, 12.7820682471217, 2.6180097418492, 3.46531246504832, 4.48148249609571, -0.369703945459732, 2.64396688320786, 98.0406176182294
47498.5688679113, -20.2753239143783, 278.370086669922, -20, 0.446196526445864, 28.6087551116943, -80.5986480712891, -194.376658756198, -45.755411963607, 14.7017827351153, 12.8176178461182, 2.46620912057211, 3.44834546574343, 4.44118450717096, -0.323881745460102, 2.48737251322019, 97.4839559066951
47498.6288679112, -20.2748432700977, 276.978485107422, -20, 0.434560714819432, 28.608757019043, -80.5986404418945, -193.528308790953, -45.5433244722958, 14.6339147378957, 12.8570001572612, 2.30024777781285, 3.43137846643853, 4.40059350624157, -0.293184352487625, 2.31884685085711, 97.2655244609999
47498.6888679112, -20.2707955158311, 275.905181884766, -20, 0.420244531331935, 28.6087589263916, -80.5986328125, -192.679958825708, -45.3312369809846, 14.5660467406761, 12.8990818231466, 2.14231481360972, 3.46743333996992, 4.35804767810128, -0.17984960697225, 2.14984733566214, 94.7998943961866
47498.7488679112, -20.265860532181, 274.951385498047, -20, 0.414136694728986, 28.6087627410889, -80.5986251831055, -191.831608860463, -44.9070619983623, 14.4981787434565, 12.9434569714316, 1.98562104806712, 3.16838997717871, 4.31443706348954, -0.476408668323191, 2.04195134501518, 103.494355483721
47498.8088679112, -20.2640280857106, 273.440032958984, -20, 0.423804612410826, 28.6087646484375, -80.5986175537109, -190.983258895219, -44.6949745070511, 14.430310746237, 12.9894203274636, 1.83400588094501, 3.36351046921896, 4.27027968475183, -0.18435164365821, 1.84324482687992, 95.7409731057511
47498.8688679112, -20.2649384755882, 272.486297607422, -20, 0.434470527567217, 28.6087665557861, -80.5986099243164, -190.134908929974, -44.4828870157399, 14.3624427490174, 13.0369166335869, 1.68103453168571, 3.34654346991405, 4.22672684903592, -0.159022180211324, 1.68853720539915, 95.4047376750642
47498.9288679112, -20.2668270002051, 271.094757080078, -20, 0.440042277392942, 28.6087684631348, -80.5986022949219, -189.286558964729, -44.2707995244287, 14.2945747517978, 13.086205251223, 1.52324850042911, 3.32957647060916, 4.18472390672746, -0.144991071145699, 1.53013184126702, 95.4379728908722
47498.9888679112, -20.2667899313982, 270.023193359375, -20, 0.43439434739442, 28.6087703704834, -80.5985870361328, -187.58985903424, -44.0587120331175, 13.3104887919781, 13.1352514417244, 0.286019333801106, 3.31260947130427, 4.14218089017307, -0.109396850837374, 0.306226437249835, 110.930951426274
47499.0488679112, -20.2638334551657, 268.631652832031, -20, 0.42308930868718, 28.6087741851807, -80.5985794067383, -186.741509068995, -43.6345370504951, 14.0909707601391, 13.1834995061491, 1.17322576180542, 3.06658798134934, 4.09956452566686, -0.353369307783962, 1.22528001001773, 106.763025004116
47499.1088679112, -20.2588581313095, 267.558227539063, -20, 0.413156131915808, 28.6087760925293, -80.5985717773438, -185.89315910375, -43.422449559184, 14.0231027629195, 13.2333433336207, 1.14125531794627, 3.26170847338958, 4.05781790983802, -0.0783039307779616, 1.14393810820175, 93.9252901454257
47499.1688679112, -20.2558159764294, 266.168548583984, -20, 0.41793375252859, 28.6087779998779, -80.5985641479492, -185.044809138505, -43.2103620678728, 13.9552347656999, 13.2882560052978, 0.819020691765239, 3.24474147408468, 4.02013646078097, -0.0945634957917734, 0.824461363068971, 96.5863827396655
47499.2288679112, -20.2550660931764, 265.095062255859, -20, 0.425739949630938, 28.6087799072266, -80.5985565185547, -184.196459173261, -42.9982745765616, 13.8873667684803, 13.3349536933702, 0.76402315331918, 3.2277744747798, 3.9831519990919, -0.0779656411261824, 0.767990663816219, 95.8268156550148
47499.2888679111, -20.2565006796468, 263.705352783203, -20, 0.434938686591668, 28.6087818145752, -80.5985488891602, -183.348109208016, -42.7861870852504, 13.8194987712607, 13.3726703804868, 0.727399638722612, 3.2108074754749, 3.94480123898442, -0.0390825402347961, 0.728448760930947, 93.0755766678885
47499.3488679111, -20.2540941277606, 262.633880615234, -20, 0.4209719329419, 28.6087837219238, -80.5985412597656, -182.499759242771, -42.5740995939392, 13.7516307740412, 13.4048887172069, 0.662487587202565, 3.19384047617, 3.90680727132407, -0.017845882757165, 0.662727896301134, 91.5430769140176
47499.4088679111, -20.2478588660926, 261.242248535156, -20, 0.403964934264069, 28.6087875366211, -80.5985336303711, -181.651409277526, -42.1499246113168, 13.6837627768216, 13.4312642535434, 0.607974849895796, 2.94781898621508, 3.86969609971617, -0.27791935156747, 0.668483122520739, 114.566556858575
47499.4688679111, -20.2416926996254, 260.170745849609, -20, 0.399987396525598, 28.6087894439697, -80.5985260009766, -180.803059312282, -41.9378371200057, 13.615894779602, 13.4505196379824, 0.574727535975642, 3.14293947825532, 3.83401490621078, -0.0156717551968366, 0.574941158973833, 91.561988869198
47499.5288679111, -20.2386320767728, 258.780914306641, -20, 0.408606606523664, 28.6087913513184, -80.598518371582, -179.954709347037, -41.7257496286945, 13.5480267823824, 13.4633531686381, 0.54215504453718, 3.12597247895042, 3.80109944543673, -0.024596004931535, 0.542712665891908, 92.5976011845893
47499.5888679111, -20.2392628995358, 257.709350585938, -20, 0.422133872153045, 28.608793258667, -80.5985107421875, -179.106359381792, -41.5136621373833, 13.4801587851628, 13.4702980577784, 0.511271912505129, 3.10900547964553, 3.77191425312707, -0.0476346032396497, 0.513486089116503, 95.3228841183398
47499.6488679111, -20.2396757634588, 256.317749023438, -20, 0.422456661115464, 28.6087951660156, -80.598503112793, -178.258009416548, -41.3015746460721, 13.4122907879433, 13.4706875119973, 0.494882281970045, 3.09203848034063, 3.74436278208532, -0.0516618444181558, 0.49757145497438, 95.9597182661091
47499.7088679111, -20.2371902039643, 255.246185302734, -20, 0.411518372738004, 28.6087970733643, -80.5984954833984, -177.409659451303, -41.0894871547609, 13.3444227907237, 13.4652594620832, 0.478056884539131, 3.07507148103574, 3.71920083506597, -0.0661096250010463, 0.482606222455457, 97.8734827059785
47499.7688679111, -20.2345830495864, 254.294326782227, -20, 0.409731082106402, 28.6087989807129, -80.5984878540039, -176.561309486058, -40.8773996634497, 13.4886422848492, 13.4548525077364, 0.713417940906185, 3.05810448173084, 3.69700897887799, -0.0899240477579692, 0.719062636261114, 97.1842439372068
47499.8288679111, -20.2335327234796, 252.784881591797, -20, 0.414780846962261, 28.6088008880615, -80.5984802246094, -175.712959520813, -40.6653121721385, 13.2086867962845, 13.4397147384494, 0.442806210418294, 3.04113748242595, 3.67871181989209, -0.127657372770224, 0.460839907508898, 106.081973733596
47499.888867911, -20.2336560283285, 251.831085205078, -20, 0.419492562112975, 28.6088027954102, -80.5984725952148, -174.864609555569, -40.4532246808274, 13.1408187990649, 13.4191906490545, 0.439689699006739, 3.02417048312106, 3.66418661711469, -0.168691100374599, 0.470938594875126, 110.989942366127
47499.948867911, -20.2343049420714, 250.321655273438, -20, 0.422466637580127, 28.6088047027588, -80.5984573364258, -173.167909625079, -40.2411371895162, 12.1567328392453, 13.3935974037366, -0.66055211789618, 3.00720348381616, 3.65357939275397, -0.215890440026008, 0.694935765059138, -108.099451417221
47500.008867911, -20.2319838759715, 249.369888305664, -20, 0.411405803516966, 28.6088066101074, -80.5984497070313, -172.319559659834, -40.029049698205, 12.9372148074062, 13.3669479815912, 0.318309478842971, 2.99023648451126, 3.6482369304434, -0.282882305196575, 0.425843280606419, 131.627591357972
47500.068867911, -20.2284287986086, 247.858535766602, -20, 0.405133657144907, 28.6088085174561, -80.5984420776367, -171.47120969459, -39.8169622068938, 12.8693468101866, 13.3444863566223, 0.22165877664356, 2.97326948520637, 3.64941101986441, -0.370222813914619, 0.431505343422768, 149.090203570317
47500.128867911, -20.226981328858, 246.906661987305, -20, 0.411681984039855, 28.6088123321533, -80.5984344482422, -170.622859729345, -39.3927872242714, 12.801478812967, 13.3301453615496, 0.0759028751621131, 2.72724799525144, 3.65846632121885, -0.755685813828275, 0.759487960147566, 174.26414938048
47500.188867911, -20.2280827312729, 245.397171020508, -20, 0.421743594718604, 28.608814239502, -80.5984268188477, -169.7745097641, -39.1806997329603, 12.7336108157475, 13.3114543858795, 0.0600435491428164, 2.92236848729169, 3.67105915250677, -0.572477134665028, 0.57561721441843, 174.012397271722
47500.248867911, -20.2309062605337, 244.443450927734, -20, 0.430435559729403, 28.6088161468506, -80.5984191894531, -168.926159798855, -38.9686122416491, 12.6657428185279, 13.2893494657211, 0.0388931375695592, 2.90540148798679, 3.68759066513441, -0.652531475893788, 0.65368948116137, 176.588935103077
47500.308867911, -20.2323916548472, 242.934020996094, -20, 0.42786060031938, 28.6088180541992, -80.5984115600586, -168.077809833611, -38.7565247503379, 12.5978748213083, 13.265500859972, 0.00310614809132218, 2.88843448868189, 3.70879429610741, -0.745549631572663, 0.745556101678076, 179.761285954482
47500.368867911, -20.2320853583992, 241.980285644531, -20, 0.422339516696863, 28.6088199615479, -80.5984039306641, -167.229459868366, -38.5444372590267, 12.5300068240887, 13.2411509780859, -0.044529515430858, 2.87146748937701, 3.73311034927567, -0.826730502213877, 0.827928779196232, -176.916796555383
47500.448867911, -20.2297103066085, 240.908752441406, -20, 0.414232755040739, 28.6088218688965, -80.5983963012695, -166.381109903121, -38.3323497677155, 12.4621388268691, 13.215740765348, -0.0853277094516794, 2.8545004900721, 3.75987395328977, -0.904225958736983, 0.908242697732203, -174.608999764926
47500.5088679109, -20.2261259223302, 239.397430419922, -20, 0.408012517091998, 28.6088237762451, -80.598388671875, -165.532759937876, -38.1202622764043, 12.3942708296496, 13.1892513191689, -0.124666624580611, 2.83753349076722, 3.7881899495852, -0.974659870148218, 0.982599679727015, -172.710657746451
47500.5688679109, -20.2290613860644, 238.445541381836, -20, 0.432780898949281, 28.6088256835938, -80.5983810424805, -164.684409972632, -37.9081747850931, 12.32640283243, 13.1617531002164, -0.163523840926008, 2.82056649146231, 3.81715075287243, -1.03681925373457, 1.04963388503702, -171.0368500335
47500.6288679109, -20.2340084866529, 236.934204101563, -20, 0.444146061062087, 28.6088275909424, -80.5983734130859, -163.836060007387, -37.696087293782, 12.2585348352104, 13.1327068291714, -0.195153894603839, 2.80359949215743, 3.84634181628567, -1.0951371756512, 1.11238744959542, -169.895347061423
47500.6888679109, -20.2357539825354, 235.980499267578, -20, 0.435577704027423, 28.608829498291, -80.5983657836914, -162.987710042142, -37.4839998024708, 12.1906668379908, 13.1019489481535, -0.223116703580042, 2.78663249285253, 3.87519809037652, -1.14743034986009, 1.1689186524211, -168.995516234048
47500.7488679109, -20.2325966283762, 234.471054077148, -20, 0.417406777109778, 28.6088314056396, -80.5983581542969, -162.139360076897, -37.2719123111596, 12.1227988407712, 13.0696495696931, -0.250952182100945, 2.76966549354763, 3.90296864717453, -1.19093822614542, 1.21708741929353, -168.100027482798
47500.8088679109, -20.2279952890412, 233.517349243164, -20, 0.409596407588884, 28.6088333129883, -80.5983428955078, -160.442660146408, -37.0598248198484, 11.1387128809516, 13.0362335204659, -1.38172787952653, 2.75269849424274, 3.92883321177709, -1.22398186170736, 1.84580960270553, -131.536215350741
47500.8688679109, -20.2293679763197, 232.005920410156, -20, 0.43129608338863, 28.6088371276855, -80.5983352661133, -159.594310181163, -36.635649837226, 11.9191948491125, 13.0022245506459, -0.399059365840717, 2.50667700428782, 3.95225872673072, -1.52379512013762, 1.57517059327014, -165.32311467579
47500.9288679109, -20.233544234966, 231.052215576172, -20, 0.444682960905002, 28.6088390350342, -80.5983276367188, -158.745960215918, -36.4235623459148, 11.8513268518929, 12.9681218777127, -0.439310800866784, 2.70179749632805, 3.97287137748285, -1.28701971290097, 1.35991957850468, -161.151892993182
47500.9888679109, -20.2347067503875, 229.540924072266, -20, 0.436271282741663, 28.6088409423828, -80.5983200073242, -157.897610250674, -36.2114748546037, 11.7834588546734, 12.9412553634421, -0.561568844949547, 2.68483049702316, 3.99213573117352, -1.31779874901937, 1.4324445888644, -156.917638633825
47501.0488679109, -20.2307045069276, 228.587219238281, -20, 0.416545738553986, 28.6088428497314, -80.5983123779297, -157.049260285429, -35.9993873632925, 11.7155908574538, 12.9143722850691, -0.611304375397283, 2.66786349771827, 4.01052223845293, -1.35225008805078, 1.48398246364294, -155.672370356405
47501.1088679109, -20.2241538667434, 227.513793945313, -20, 0.403483032257828, 28.6088447570801, -80.5983047485352, -156.200910320184, -35.7872998719813, 11.6477228602342, 12.8850250102176, -0.633629658739971, 2.65089649841337, 4.02419565726179, -1.34271168456931, 1.48468438125962, -154.735661846192
47501.1688679108, -20.2192305141281, 226.122100830078, -20, 0.409948357965893, 28.6088466644287, -80.5982971191406, -155.352560354939, -35.5752123806701, 11.5798548630146, 12.8549238897574, -0.672176496178414, 2.63392949910848, 4.03300511362413, -1.32584325226573, 1.486472644103, -153.114354318974
47501.2288679108, -20.2190331177238, 225.048614501953, -20, 0.422097933721232, 28.6088485717773, -80.5982894897461, -154.504210389695, -35.3631248893589, 11.511986865795, 12.8245794940599, -0.715559621208685, 2.61696249980358, 4.03711033537121, -1.30493966006909, 1.48822194271467, -151.260514804059
47501.2888679108, -20.2211051442409, 223.657012939453, -20, 0.431983613440063, 28.6088523864746, -80.5982818603516, -153.65586042445, -34.9389499067365, 11.4441188685755, 12.7938490399296, -0.75707392669056, 2.37094100984865, 4.03626987465168, -1.55069926779627, 1.72559821326691, -153.975596545429
47501.3488679108, -20.222450333417, 222.583572387695, -20, 0.431304324643831, 28.6088542938232, -80.598274230957, -152.807510459205, -34.7268624154254, 11.3762508713559, 12.7629025805455, -0.800051710579942, 2.56606150188889, 4.03036117041383, -1.25966037687227, 1.49222112034882, -147.577781415944
47501.4088679108, -20.2211162765255, 221.190078735352, -20, 0.421969607733516, 28.6088562011719, -80.5982666015625, -151.959160493961, -34.5147749241142, 11.3083828741363, 12.7323587833849, -0.849721758431586, 2.54909450258401, 4.01969096595039, -1.22048388629631, 1.48711088067084, -145.152657168649
47501.4688679108, -20.2167039910495, 220.116622924805, -20, 0.408829129375819, 28.6088581085205, -80.598258972168, -151.110810528716, -34.302687432803, 11.2405148769167, 12.7034747279616, -0.913977681873062, 2.53212750327909, 4.00615497186496, -1.19682761281623, 1.50586521127217, -142.631386226111
47501.5288679108, -20.2112039744999, 218.725036621094, -20, 0.401436957813779, 28.6088600158691, -80.5982513427734, -150.262460563471, -34.0905999414918, 11.1726468796972, 12.6752791178393, -0.969370578743127, 2.51516050397421, 3.98743729808226, -1.14379337253826, 1.49927241199298, -139.718029081115
47501.5888679108, -20.2069549316301, 217.649673461914, -20, 0.402828500579179, 28.6088619232178, -80.5982437133789, -149.414110598226, -33.8785124501806, 11.1047788824776, 12.6482296424882, -1.03074022315604, 2.49819350466932, 3.96355913808085, -1.08477433688689, 1.49634014189629, -136.462954911389
47501.6488679108, -20.2055835215804, 216.25798034668, -20, 0.411940232506117, 28.6088638305664, -80.5982360839844, -148.565760632982, -33.6664249588694, 11.036910885258, 12.6229888544394, -1.10093139396779, 2.48122650536443, 3.93529199252583, -1.09915542213205, 1.55564902281632, -134.953754931554
47501.7088679108, -20.2061580956575, 215.1845703125, -20, 0.419504979811583, 28.608865737915, -80.5982284545898, -147.717410667737, -33.4543374675582, 10.9690428880384, 12.5925370468906, -1.09469472305931, 2.46425950605952, 3.89135108687085, -0.840237524536789, 1.3799527980972, -127.508884450224
47501.7688679107, -20.2072526698353, 214.228912353516, -20, 0.42273573083237, 28.6088676452637, -80.5982208251953, -146.869060702492, -33.2422499762471, 10.9011748908188, 12.5724183970041, -1.25632826260275, 2.44729250675462, 3.85422310303343, -0.885017719641807, 1.53671452540448, -125.163786863052
47501.8288679107, -20.2038188768915, 212.293045043945, -20, 0.405505596033705, 28.6088695526123, -80.5982131958008, -146.020710737247, -33.0301624849359, 10.8333068935993, 12.5542425159721, -1.33641905194896, 2.43032550744974, 3.81355726867373, -0.822030551404182, 1.56895747519709, -121.597088941851
47501.8888679107, -20.1984572997677, 211.217681884766, -20, 0.395385758966044, 28.6088714599609, -80.5982055664063, -145.172360772003, -32.8180749936247, 10.7654388963797, 12.5375756730543, -1.4140141003206, 2.41335850814485, 3.76915245530639, -0.752528860815158, 1.60175546995995, -118.023338874194
47501.9488679107, -20.1953596061415, 209.824157714844, -20, 0.401039961210112, 28.6088733673096, -80.5981979370117, -144.324010806758, -32.6059875023135, 10.6975708991601, 12.5240349245228, -1.51156362103033, 2.39639150883994, 3.7230491954112, -0.701376877437305, 1.66632528966338, -114.893645701099
47502.0088679107, -20.1952944291015, 208.750686645508, -20, 0.411682091487521, 28.6088752746582, -80.5981903076172, -143.475660841513, -32.3939000110023, 10.6297029019405, 12.5133058925004, -1.60937770615568, 2.37942450953505, 3.67552650771672, -0.651293434573369, 1.73613598937833, -112.034705784794
47502.0688679107, -20.197907375029, 207.675399780273, -20, 0.423293246914124, 28.6088771820068, -80.5981826782227, -142.627310876268, -32.1818125196911, 10.5618349047209, 12.5052315886993, -1.70884345848683, 2.36245751023016, 3.62669802800843, -0.600760282259679, 1.81133979729252, -109.371942442454
47502.1288679107, -20.1983098728393, 206.386535644531, -20, 0.416842014389264, 28.6088790893555, -80.5981750488281, -141.778960911024, -31.9697250283799, 10.4939669075014, 12.4994318928648, -1.80727477880851, 2.34549051092526, 3.57709082575567, -0.554543773465201, 1.89041236939444, -107.060509780446
47502.1888679107, -20.1973747400895, 205.431884765625, -20, 0.412227263874795, 28.6088809967041, -80.5981674194336, -140.930610945779, -31.7576375370688, 10.4260989102818, 12.4957597795158, -1.90682746083221, 2.32852351162037, 3.5270744966768, -0.511512440065487, 1.97421866467697, -105.018703297805
47502.2488679107, -20.1958950580482, 204.164733886719, -20, 0.409816039110961, 28.6088829040527, -80.5981597900391, -140.082260980534, -31.5455500457576, 10.3582309130622, 12.4938515425049, -2.00489930884488, 2.31155651231547, 3.47740682777266, -0.476457748483389, 2.0607136050449, -103.370657811697
47502.3088679107, -20.1960501873295, 203.210037231445, -20, 0.415977664173616, 28.6088848114014, -80.5981521606445, -139.233911015289, -31.3334625544464, 10.2903629158426, 12.4931363091166, -2.0987343257065, 2.34761138584686, 3.428517512973, -0.382956807208374, 2.1333719995483, -100.34320119782
47502.3688679106, -20.1968780867546, 201.950042724609, -20, 0.419473185120567, 28.60888671875, -80.59814453125, -138.385561050045, -31.1213750631352, 10.222494918623, 12.4931341897196, -2.18866690256969, 2.27762251370569, 3.38033899345832, -0.416898813098914, 2.22799974951113, -100.787016185083
47502.4288679106, -20.1940560787082, 200.995346069336, -20, 0.405631388679108, 28.6088886260986, -80.5981369018555, -137.5372110848, -30.909287571824, 10.1546269214035, 12.4930946207369, -2.27108960121554, 2.26065551440078, 3.33289284609489, -0.388290899341167, 2.30402665545685, -99.7045388170638
47502.4888679106, -20.1891907659777, 200.040634155273, -20, 0.395495695177996, 28.6088905334473, -80.5981292724609, -136.688861119555, -30.6972000805128, 10.0867589241839, 12.4922514278638, -2.34492642302881, 2.24368851509589, 3.28657961729657, -0.365030344263254, 2.37315247657953, -98.8504854310091
47502.5488679106, -20.1875420963996, 198.773483276367, -20, 0.405461529647533, 28.6088924407959, -80.5981216430664, -135.84051115431, -30.4851125892017, 10.0188909269643, 12.4901953499713, -2.4132546586788, 2.226721515791, 3.24239752722758, -0.354293028249826, 2.4391079026979, -98.3543858149461
47502.6088679106, -20.1885806655339, 197.818740844727, -20, 0.415815589327533, 28.6088943481445, -80.5981140136719, -134.992161189066, -30.2730250978905, 9.95102292974474, 12.4863092796551, -2.47325421853254, 2.2097545164861, 3.20039376983201, -0.34662662883052, 2.49741102204757, -97.9804387113458
47502.6688679106, -20.1912204831497, 196.431884765625, -20, 0.423838599808708, 28.6088962554932, -80.5981063842773, -134.143811223821, -30.0609376065793, 9.88315493252516, 12.4800706845867, -2.54135827386335, 2.19278751718121, 3.1604308688984, -0.340020697509978, 2.56398910335173, -97.623049676738
47502.7288679106, -20.1927400322345, 195.596908569336, -20, 0.421898230735841, 28.6088981628418, -80.5980987548828, -133.295461258576, -29.8488501152681, 9.81528693530552, 12.470960667626, -2.56915054781191, 2.17582051787631, 3.12269685453358, -0.337957270931306, 2.59126862664746, -97.4963500941788
47502.7888679106, -20.1914565359112, 194.642227172852, -20, 0.412102318589574, 28.6089000701904, -80.5980911254883, -132.447111293331, -29.6367626239569, 9.747418938086, 12.4585852113494, -2.60471390354275, 2.15885351857142, 3.08734865118891, -0.340315033368467, 2.62683631885632, -97.4462230829085
47502.8488679106, -20.1896265534622, 193.375091552734, -20, 0.409385591871492, 28.6089019775391, -80.5980834960938, -131.598761328087, -29.4246751326457, 9.67955094086639, 12.4426050349646, -2.63258991991238, 2.14188651926652, 3.05475995664564, -0.349711811163219, 2.65569990043368, -97.5694245172631
47502.9088679106, -20.1889299314056, 192.420379638672, -20, 0.41317295199589, 28.6089038848877, -80.5980758666992, -130.750411362842, -29.2125876413345, 9.61168294364684, 12.4226403917888, -2.65191585131763, 2.12491951996163, 3.02506976599426, -0.363969110618426, 2.67675859654427, -97.8175879627921
47502.9688679106, -20.1886080962888, 191.033569335938, -20, 0.414730597990594, 28.6089057922363, -80.5980682373047, -129.902061397597, -29.0005001500234, 9.54381494642723, 12.3983936576957, -2.66315320511686, 2.10795252065673, 2.99827837140764, -0.381701992443042, 2.69034876281538, -98.1593265587886
47503.0288679105, -20.1862989174278, 190.198593139648, -20, 0.406817672505276, 28.6089057922363, -80.5980606079102, -129.053711432352, -29.0005001500234, 9.47594694920765, 12.3697842376355, -2.66837294040156, 2.32004001200187, 2.97452262947989, -0.129439328679474, 2.67150829568537, -92.7781676356673
47503.0888679105, -20.1836949577104, 189.243881225586, -20, 0.404302986749989, 28.608907699585, -80.5980529785156, -128.205361467108, -28.7884126587122, 9.4080789519881, 12.3371309912478, -2.67194980934284, 2.09098552135184, 2.95387012655912, -0.41107183479244, 2.70336333514471, -98.7492654270531
47503.1488679105, -20.1857897924317, 187.857040405273, -20, 0.422198872035393, 28.6089096069336, -80.5980453491211, -127.357011501863, -28.576325167401, 9.34021095476849, 12.2999945451031, -2.66577154320832, 2.07401852204694, 2.9356645774193, -0.434572100437085, 2.70093586373285, -99.2620659211424
47503.2088679105, -20.1888096365745, 186.895294189453, -20, 0.428264540998262, 28.6089115142822, -80.5980377197266, -126.508661536618, -28.3642376760898, 9.27234295754893, 12.2581608291304, -2.65183147314043, 2.05705152274205, 2.91952648799192, -0.456758874396814, 2.69085299472127, -99.7762134541354
47503.2688679105, -20.1892926031477, 185.628234863281, -20, 0.420762533499796, 28.6089134216309, -80.598030090332, -125.660311571374, -28.1521501847786, 9.20447496032934, 12.2130105834477, -2.6477325992525, 2.04008452343716, 2.90779901804435, -0.50767313312752, 2.6959296052542, -100.857725967314
47503.3288679105, -20.1851506902239, 184.673675537109, -20, 0.402588190238252, 28.6089153289795, -80.5980224609375, -124.811961606129, -27.9400626934674, 9.3486944544549, 12.1645051239538, -2.38460000319393, 2.02311752413226, 2.90018601183742, -0.56056880335065, 2.44956590049126, -103.232309150936
47503.3888679105, -20.17901878638, 183.711898803711, -20, 0.391586420454811, 28.6089172363281, -80.598014831543, -123.963611640884, -27.7279752021562, 9.06873896589019, 12.1133610127538, -2.6346139121939, 2.00615052482736, 2.89653287367009, -0.616678346527242, 2.70577430297825, -103.178162225861
47503.4488679105, -20.1753699296884, 182.437683105469, -20, 0.3974702687325, 28.6089172363281, -80.5980072021484, -123.115261675639, -27.7279752021562, 9.0008709686706, 12.0589934440042, -2.6204147243416, 2.2182380161725, 2.89644391022574, -0.398115271551626, 2.65046384126571, -98.6416880763019
47503.5088679105, -20.1760312073736, 181.483032226563, -20, 0.412894499094347, 28.6089191436768, -80.5979995727539, -122.266911710395, -27.5158877108451, 8.93300297145102, 12.0011336826148, -2.59934355935963, 1.98918352552247, 2.89959277766184, -0.70968385561594, 2.69441877398847, -105.275578190352
47503.5688679105, -20.1762530904488, 180.089233398438, -20, 0.412136116125513, 28.6089210510254, -80.5979919433594, -121.41856174515, -27.3038002195339, 8.86513497423145, 11.9427293197336, -2.6071004622554, 1.97221652621758, 2.905930849355, -0.770102211983128, 2.71838571067059, -106.461331551719
47503.6288679104, -20.1744645482324, 179.247177124023, -20, 0.404527258357022, 28.608922958374, -80.5979843139648, -120.570211779905, -27.0917127282227, 8.79726697701189, 11.8834814735104, -2.6108615387265, 1.95524952691268, 2.91452450533148, -0.823906406144514, 2.73769060002377, -107.519194744296
47503.6888679104, -20.1747323028426, 178.285400390625, -20, 0.412119981710352, 28.6089248657227, -80.5979766845703, -119.72186181466, -26.8796252369115, 8.72939897979228, 11.8249139022145, -2.63068210806235, 1.93828252760779, 2.92712223795369, -0.900018154746923, 2.7802790746369, -108.892467480498
47503.7488679104, -20.1766816581805, 176.891586303711, -20, 0.419814846714808, 28.6089267730713, -80.5979690551758, -118.873511849416, -26.6675377456003, 8.66153098257272, 11.7666180038267, -2.64674840795432, 1.92131552830288, 2.94324693170993, -0.975610956608157, 2.82071209584671, -110.239973447175
47503.8088679104, -20.1730711307294, 176.049606323242, -20, 0.398912695513518, 28.6089286804199, -80.5979614257813, -118.025161884171, -26.4554502542891, 8.59366298535312, 11.7085760703194, -2.66294828106467, 1.90434852899799, 2.96238868508914, -1.04974688015715, 2.86224884703223, -111.520540155002
47503.8688679104, -20.1672269970197, 174.648666381836, -20, 0.387293715339662, 28.6089286804199, -80.5979537963867, -117.176811918926, -26.4554502542891, 8.52579498813356, 11.651647803506, -2.68908813618216, 2.11643602034313, 2.98391777221681, -0.845470621635641, 2.81877466906756, -107.458985660865
47503.9288679104, -20.164015680448, 173.686920166016, -20, 0.393992766251996, 28.6089305877686, -80.5979537963867, -117.176811918926, -26.2433627629779, 9.37414495351409, 11.5961244923585, -1.61982294873363, 1.8873815296931, 3.0071306120255, -1.1657007944483, 1.99557577396614, -125.742311059386
47503.9888679104, -20.1647574025784, 172.489135742188, -20, 0.408257211839686, 28.6089324951172, -80.5979461669922, -116.328461953681, -26.0312752716668, 8.45792699091396, 11.541376026343, -2.66318486537639, 1.87041453038821, 3.03043662946049, -1.21565620405864, 2.92733823875802, -114.541307406951
47504.0688679104, -20.1665806856646, 171.278793334961, -20, 0.413820783551955, 28.6089344024658, -80.5979385375977, -115.480111988437, -25.8191877803556, 8.3900589936944, 11.484566253213, -2.65769836749149, 1.85344753108331, 3.0533451960011, -1.26025231272763, 2.94116596086618, -115.375977519567
47504.1288679104, -20.1663023725249, 170.068420410156, -20, 0.407091719403766, 28.6089363098145, -80.5979309082031, -114.631762023192, -25.6071002890444, 8.32219099647483, 11.4244472287221, -2.63576597489027, 1.83648053177842, 3.07700390189406, -1.31724886651171, 2.94638467123087, -116.56008643474
47504.1888679104, -20.1647443189057, 168.858093261719, -20, 0.402073707866115, 28.6089382171631, -80.5979232788086, -113.783412057947, -25.3950127977332, 8.25432299925521, 11.3663586157048, -2.66967257204188, 1.81951353247352, 3.09953962131395, -1.35419027990214, 2.99326838065525, -116.902595876831
47504.2488679103, -20.1663438769975, 167.647842407227, -20, 0.414377758341726, 28.6089401245117, -80.5979156494141, -112.935062092702, -25.182925306422, 8.18645500203564, 11.3099791455016, -2.70242434709092, 1.80254653316862, 3.12027920029786, -1.3822674090862, 3.035184248793, -117.095724043039
47504.3088679103, -20.1697316681385, 166.437362670898, -20, 0.423557963091027, 28.6089401245117, -80.5979080200195, -112.086712127458, -25.182925306422, 8.11858700481608, 11.2546601023057, -2.7299690058532, 2.01463402451376, 3.13897344630721, -1.13041678858732, 2.95459061769619, -112.499660887111
47504.3688679103, -20.1709344540545, 165.226760864258, -20, 0.417749644434221, 28.6089420318604, -80.597900390625, -111.238362162213, -24.9708378151108, 8.05071900759652, 11.2004565697958, -2.75941131290298, 1.78557953386373, 3.15546228356557, -1.40383662421365, 3.09573643331137, -116.971123188605
47504.4288679103, -20.1686329213768, 164.016357421875, -20, 0.404733255075457, 28.608943939209, -80.5978927612305, -110.390012196968, -24.7587503237996, 7.98285101037692, 11.1473795215608, -2.79032401154067, 1.76861253455884, 3.16900456143873, -1.41182239818666, 3.12691132811982, -116.844866336476
47504.4888679103, -20.1622446996248, 162.806213378906, -20, 0.38648711485651, 28.6089458465576, -80.5978851318359, -109.541662231723, -24.5466628324885, 7.91498301315733, 11.0948957269363, -2.81662553838945, 1.75164553525395, 3.17736869156105, -1.39129370987616, 3.14126057487838, -116.294349952365
47504.5488679103, -20.1564659803257, 161.596389770508, -20, 0.384365212200938, 28.6089477539063, -80.5978775024414, -108.693312266479, -24.3345753411773, 7.84711501593775, 11.0446536498095, -2.86211234066209, 1.73467853594904, 3.18277992902013, -1.38948752819161, 3.18131363121341, -115.9026280597
47504.6088679103, -20.1545009920398, 160.386856079102, -20, 0.395969161260977, 28.6089496612549, -80.5978698730469, -107.844962301234, -24.1224878498661, 7.77924701871819, 10.9968158472953, -2.91212186173416, 1.71771153664415, 3.185125385141, -1.38288510962449, 3.22353499708284, -115.409138555372
47504.6688679103, -20.1550257855443, 159.177307128906, -20, 0.405153346057649, 28.6089515686035, -80.5978622436523, -106.996612335989, -23.9104003585549, 7.71137902149861, 10.9511623199054, -2.96256584675559, 1.70074453733926, 3.18386436484744, -1.36655739218426, 3.26230146783803, -114.770338321261
47504.7288679103, -20.159778883806, 157.967483520508, -20, 0.419728374175754, 28.6089534759521, -80.5978546142578, -106.148262370744, -23.6983128672437, 7.64351102427901, 10.9076730403673, -3.01542128370447, 1.68377753803436, 3.17883431349159, -1.34408845315939, 3.30116206216164, -114.032242082611
47504.7888679103, -20.1622852054404, 156.757415771484, -20, 0.418691946893173, 28.6089553833008, -80.5978546142578, -106.148262370744, -23.4862253759325, 8.49186098965956, 10.8659488254003, -1.96640736570251, 1.66681053872947, 3.17010211669283, -1.31785073667841, 2.36702482595088, -123.83214565112
47504.8488679103, -20.1596622700802, 155.547378540039, -20, 0.399975062096673, 28.6089553833008, -80.5978469848633, -105.2999124055, -23.4862253759325, 7.57564302705946, 10.8261220741109, -3.03900174348194, 1.8788980300746, 3.15745709405596, -1.00981059695088, 3.20223243708058, -108.387957205482
47504.9088679102, -20.1557679088554, 154.337585449219, -20, 0.393088790627645, 28.6089572906494, -80.5978393554688, -104.451562440255, -23.2741378846214, 7.50777502983984, 10.7879496722953, -3.09314805749165, 1.64984353942458, 3.14092079123874, -1.22681426689144, 3.32733762490964, -111.642464964558
47504.9688679102, -20.1515630453339, 153.128067016602, -20, 0.389144581290325, 28.608959197998, -80.5978317260742, -103.60321247501, -23.0620503933102, 7.4399070326203, 10.7478853833314, -3.10957842292434, 1.63287654011968, 3.12199520532374, -1.20146460317659, 3.33340329872021, -111.133352104401
47505.0288679102, -20.1501829736886, 151.918685913086, -20, 0.397907045817414, 28.6089611053467, -80.5978240966797, -102.754862509766, -22.849962901999, 7.37203903540068, 10.7068865989743, -3.13447743296201, 1.61590954081479, 3.09738081995424, -1.13628862811235, 3.33388845921085, -109.934191860032
47505.0888679102, -20.1512213867589, 150.709259033203, -20, 0.407253056153926, 28.6089630126953, -80.5978164672852, -101.906512544521, -22.6378754106878, 7.30417103818114, 10.6686722035325, -3.19992434495247, 1.59894254150989, 3.0674833753697, -1.06882262611817, 3.37353073163366, -108.478045030562
47505.1488679102, -20.1537219780423, 149.417266845703, -20, 0.414588622492174, 28.6089649200439, -80.5978088378906, -101.058162579276, -22.4257879193766, 7.23630304096155, 10.6329043927238, -3.26494837579069, 1.58197554220499, 3.03339724442029, -1.00726365751043, 3.41663131382913, -107.15333446916
47505.2088679102, -20.1548575643268, 148.207580566406, -20, 0.411411647549057, 28.6089668273926, -80.5978088378906, -101.058162579276, -22.2137004280654, 8.08465300634208, 10.5989470084033, -2.22579239743616, 1.5650085429001, 2.9951860437817, -1.03719206262396, 2.45547916925122, -114.989263817589
47505.2688679102, -20.1485945169174, 146.998138427734, -20, 0.382184880855298, 28.6089668273926, -80.5978012084961, -100.209812614031, -22.2137004280654, 7.16843504374196, 10.5671372645976, -3.3105978864721, 1.77709603424523, 2.9536398529126, -0.604659666335728, 3.36530306250702, -100.35607093046
47505.3288679102, -20.1430503816712, 145.789077758789, -20, 0.380575097681167, 28.6089687347412, -80.5977935791016, -99.3614626487865, -22.0016129367542, 7.10056704652238, 10.5267196310164, -3.25951511662073, 1.5480415435952, 2.89556508952507, -0.64535812796737, 3.32272124970688, -101.204927857514
47505.3888679102, -20.141825263669, 144.177291870117, -20, 0.394417203219031, 28.6089706420898, -80.597785949707, -98.5131126835418, -21.7895254454431, 7.03269904930281, 10.4935016298337, -3.37516791740931, 1.53107454429031, 2.84929104407796, -0.728987781919663, 3.45290700799224, -102.194368375112
47505.4488679102, -20.1446838517806, 142.968276977539, -20, 0.410750478978518, 28.6089725494385, -80.5977783203125, -97.6647627182971, -21.5774379541319, 6.96483105208323, 10.4614758344809, -3.43219860481873, 1.51410754498542, 2.79839679425542, -0.642843611086082, 3.49181052616996, -100.614454353712
47505.5088679101, -20.1506042789974, 141.758911132813, -20, 0.426144763941188, 28.6089725494385, -80.597770690918, -96.8164127530523, -21.5774379541319, 6.89696305486365, 10.4309769482569, -3.49443103764022, 1.72619503633055, 2.74550020188955, -0.305450868295739, 3.507738986577, -94.9986293556664
47505.5688679101, -20.1549470521432, 140.549331665039, -20, 0.424824976710052, 28.6089744567871, -80.5977630615234, -95.9680627878076, -21.3653504628207, 6.82909505764408, 10.4033147012076, -3.57318886138196, 1.49714054568052, 2.69257236342652, -0.517207649038928, 3.61037885858517, -98.2413355496896
47505.6288679101, -20.1554140114277, 139.339752197266, -20, 0.412745406632122, 28.6089763641357, -80.5977630615234, -95.9680627878076, -21.1532629715095, 7.67744502302461, 10.3780681273146, -2.55065011968271, 1.48017354637562, 2.63917315868221, -0.469470739465422, 2.59346740704352, -100.43234759831
47505.6888679101, -20.1496432882821, 138.130325317383, -20, 0.387785483209929, 28.6089782714844, -80.5977554321289, -95.1197128225628, -20.9411754801983, 6.76122706042447, 10.3545030946558, -3.64080501357725, 1.46320654707074, 2.58540561000327, -0.422299960307231, 3.66518189250706, -96.6205746226537
47505.7488679101, -20.1442999778988, 136.921371459961, -20, 0.385368444045, 28.6089782714844, -80.5977478027344, -94.2713628573181, -20.9411754801983, 6.69335906320493, 10.3302185917827, -3.68809262036534, 1.67529403841587, 2.53415563928391, -0.131986102390158, 3.69045030329311, -92.0509875762099
47505.8088679101, -20.1419704281058, 135.71257019043, -20, 0.3939765841307, 28.608980178833, -80.5977401733398, -93.4230128920734, -20.7290879888871, 6.62549106598532, 10.3003674346486, -3.68025121167048, 1.44623954776583, 2.48382688742696, -0.356291729971156, 3.6974339949738, -95.5334198114065
47505.8688679101, -20.1449428246669, 134.503723144531, -20, 0.414462484370038, 28.6089820861816, -80.5977325439453, -92.5746629268286, -20.5170004975759, 6.55762306876576, 10.2745112099482, -3.77284479592092, 1.48229442129723, 2.4360532410465, -0.281820816137723, 3.78334058730922, -94.2749590403774
47505.9288679101, -20.1494785055464, 133.294647216797, -20, 0.42375041231925, 28.6089839935303, -80.5977249145508, -91.7263129615839, -20.3049130062648, 6.48975507154618, 10.2505692183462, -3.84695482213647, 1.41230554915605, 2.39005846348187, -0.328989069539184, 3.86097559186408, -94.8916345656752
47505.9888679101, -20.1505497791337, 132.085372924805, -20, 0.413511056216871, 28.6089839935303, -80.5977249145508, -91.7263129615839, -20.3049130062648, 7.33810503692671, 10.2283273869385, -2.8209804013458, 1.62439304050118, 2.34776219216483, -0.0611476383172821, 2.82164250688602, -91.2422516676689
47506.0488679101, -20.1475100568171, 130.876159667969, -20, 0.397818488852278, 28.6089859008789, -80.5977172851563, -90.8779629963391, -20.0928255149536, 6.42188707432658, 10.207521126874, -3.91210153825443, 1.39533854985115, 2.3094570657614, -0.330506795665114, 3.92601622291461, -94.832772491919
47506.1088679101, -20.1395763302068, 129.66731262207, -20, 0.375576888906288, 28.6089878082275, -80.5977096557617, -90.0296130310944, -19.8807380236424, 6.35401907710702, 10.1812595781919, -3.90977273461507, 1.37837155054626, 2.27302306787393, -0.326394473438978, 3.92335198269314, -94.7757464173069
47506.16886791, -20.1345196517199, 128.458862304688, -20, 0.381525265484868, 28.6089878082275, -80.5977020263672, -89.1812630658496, -19.8807380236424, 6.28615107988742, 10.1459015013409, -3.86013520760655, 1.59045904189139, 2.23730787924621, -0.0366074593725935, 3.86030852379612, -90.543757461572
47506.22886791, -20.1338017178802, 127.250549316406, -20, 0.395814805726076, 28.6089897155762, -80.5976943969727, -88.3329131006049, -19.6686505323312, 6.21828308266786, 10.1156701179195, -4.03526244666176, 1.36140455124136, 2.20878528794465, -0.349680140305776, 4.05036010442483, -94.9567027521325
47506.28886791, -20.1347782341577, 126.042098999023, -20, 0.402648520508909, 28.6089916229248, -80.5976943969727, -88.3329131006049, -19.45656304102, 7.06663304804839, 10.0870220790374, -2.92493206179473, 1.34443755193647, 2.18510953420768, -0.390602413830229, 2.95087533658189, -97.6096196462045
47506.34886791, -20.1355349239867, 124.032569885254, -20, 0.402927722315608, 28.6089916229248, -80.5976867675781, -87.4845631353602, -19.45656304102, 6.15041508544828, 10.0574329095282, -3.98181951792483, 1.5565250432816, 2.16469388964895, -0.144564643841031, 3.98443872505317, -92.0809484076603
47506.40886791, -20.1320231043885, 122.824401855469, -20, 0.386285971190432, 28.6089935302734, -80.5976791381836, -86.6362131701154, -19.2444755497088, 6.08254708822869, 10.0229634148309, -3.97545871885913, 1.32747055263157, 2.14789082563465, -0.435884413417615, 3.99924521039765, -96.2620567065981
47506.46886791, -20.1298633430113, 121.616325378418, -20, 0.38945461285508, 28.6089954376221, -80.5976715087891, -85.7878632048707, -19.0323880583976, 6.01467909100911, 9.97887229889177, -3.91015327988573, 1.31050355332668, 2.13271821517516, -0.454835544379957, 3.93647720396257, -96.6399605558591
47506.52886791, -20.1300519555979, 120.408248901367, -20, 0.39782357200495, 28.6089954376221, -80.5976638793945, -84.939513239626, -19.0323880583976, 5.94681109378956, 9.9379456972033, -3.97652277779654, 1.52259104467181, 2.12283530488171, -0.241728210638444, 3.98385141288814, -93.4814404477951
47506.58886791, -20.1341875478571, 119.199996948242, -20, 0.414691207366501, 28.6089973449707, -80.5976638793945, -84.939513239626, -18.8203005670865, 6.79516105917008, 9.8985865530696, -2.92880847722588, 1.29353655402178, 2.11948104179724, -0.578350522510046, 2.98531690646791, -101.175016393626
47506.64886791, -20.1342161569276, 117.991607666016, -20, 0.401426799129107, 28.6089992523193, -80.59765625, -84.0911632743812, -18.6082130757753, 5.87894309656995, 9.85784889159137, -3.96798700860118, 1.27656955471689, 2.12044253558513, -0.643528606740263, 4.01974970265197, -99.2190799493066
47506.70886791, -20.1324131488561, 116.783256530762, -20, 0.394276241644177, 28.6089992523193, -80.5976486206055, -83.2428133091365, -18.6082130757753, 5.8110750993504, 9.81053909570629, -3.92933518452093, 1.48865704606202, 2.12318403948682, -0.41049423914509, 3.95068554272972, -95.9685996264745
47506.7688679099, -20.132719772451, 115.57495880127, -20, 0.401951805393312, 28.609001159668, -80.5976409912109, -82.3944633438917, -18.3961255844641, 5.74320710213079, 9.75396855240584, -3.85269111192523, 1.25960255541199, 2.12831115046639, -0.715889457040141, 3.91853976082099, -100.533877330322
47506.8288679099, -20.134632416385, 114.366516113281, -20, 0.409239218920761, 28.609001159668, -80.5976333618164, -81.546113378647, -18.3961255844641, 5.67533910491121, 9.70003004639385, -3.8981416888277, 1.47169004675713, 2.13823309598954, -0.521639073326675, 3.93283561468008, -97.6276003978135
47506.8888679099, -20.1315691453377, 113.158164978027, -20, 0.390596926245197, 28.6090030670166, -80.5976333618164, -81.546113378647, -18.1840380931529, 6.52368907029176, 9.64577362722719, -2.81370814655765, 1.2426355561071, 2.1510570810052, -0.841458691970065, 2.93673917375913, -106.655412436216
47506.9488679099, -20.1263235430437, 111.950126647949, -20, 0.379504977548675, 28.6090049743652, -80.5976257324219, -80.6977634134022, -17.9719506018417, 5.60747110769165, 9.59084845665191, -3.84296200930913, 1.2256685568022, 2.16684878295465, -0.911011010953556, 3.94931046146968, -103.34543450499
47507.0088679099, -20.1231456554816, 110.742324829102, -20, 0.384224486906454, 28.6090049743652, -80.5976181030273, -79.8494134481575, -17.9719506018417, 5.53960311047207, 9.53214939517989, -3.81862135100329, 1.43775604814734, 2.18429049647535, -0.694384113948305, 3.88114985371858, -100.313366725607
47507.0688679099, -20.1238987307877, 109.534599304199, -20, 0.398301852906048, 28.6090068817139, -80.5976104736328, -79.0010634829128, -17.7598631105305, 5.47173511325247, 9.46669675881517, -3.75638101207822, 1.20870155749731, 2.20338539313383, -1.0092920204003, 3.88942267360313, -105.048999837782
47507.1288679099, -20.1258466074978, 108.326766967773, -20, 0.404220365444088, 28.6090087890625, -80.5976104736328, -79.0010634829128, -17.5477756192193, 6.32008507863302, 9.40299244750699, -2.68124887504101, 1.19173455819241, 2.22421476694779, -1.07261192782559, 2.88768971710718, -111.809538375479
47507.1888679099, -20.1259170828377, 107.11890411377, -20, 0.398396492396346, 28.6090087890625, -80.5976028442383, -78.152713517668, -17.5477756192193, 5.40386711603291, 9.33889398363529, -3.70221176399936, 1.40382204953755, 2.24531330169849, -0.84662168403132, 3.79764958610766, -102.88912669956
47507.2488679099, -20.1245213738444, 105.911201477051, -20, 0.392766208211265, 28.6090106964111, -80.5975952148438, -77.3043635524233, -17.3356881279082, 5.33599911881331, 9.27276912142137, -3.686401604582, 1.17476755888751, 2.26819188709498, -1.16739793634477, 3.8665868213023, -107.582028060769
47507.3088679099, -20.1272400177986, 104.70344543457, -20, 0.409037353255398, 28.6090126037598, -80.5975875854492, -76.4560135871785, -17.123600636597, 5.26813112159375, 9.20085547120177, -3.62601857552529, 1.15780055958263, 2.28970628593362, -1.20061289197204, 3.81936605178804, -108.330415586405
47507.3688679098, -20.1312272543462, 103.495506286621, -20, 0.416849466235318, 28.6090126037598, -80.5975875854492, -76.4560135871785, -17.123600636597, 6.11648108697428, 9.13151342247365, -2.55231319291484, 1.36988805092776, 2.31037318166188, -0.962997437204912, 2.72782939256042, -110.677049876699
47507.4288679098, -20.1332043880874, 102.287414550781, -20, 0.412130443702864, 28.6090145111084, -80.5975799560547, -75.6076636219338, -16.9115131452858, 5.20026312437417, 9.06470021911374, -3.5992060199457, 1.14083356027773, 2.33202603391081, -1.274420529376, 3.81789139146685, -109.508603088238
47507.4888679098, -20.1316146011243, 101.079406738281, -20, 0.399363722253139, 28.609016418457, -80.5975723266602, -74.7593136566891, -16.6994256539746, 5.13239512715459, 8.99811962382487, -3.60539641767088, 1.12386656097284, 2.35361107286497, -1.32074268904616, 3.83939337855141, -110.129564945905
47507.5488679098, -20.1306600960633, 99.8715667724609, -20, 0.401109704833232, 28.609016418457, -80.5975646972656, -73.9109636914443, -16.6994256539746, 5.06452712993501, 8.92975178246715, -3.58924327880499, 1.33595405231797, 2.37326705768685, -1.07115672769538, 3.74546962933338, -106.626316137269
47507.6288679098, -20.1305236070997, 98.6637420654297, -20, 0.404118804808489, 28.6090183258057, -80.5975646972656, -73.9109636914443, -16.4873381626634, 5.91287709531555, 8.86432783587794, -2.52392440257503, 1.10689956166794, 2.39133888012013, -1.3526373430979, 2.86332647937755, -118.193525691489
47507.6888679098, -20.1280116594462, 97.4560699462891, -20, 0.394575086029999, 28.6090183258057, -80.5975570678711, -73.0626137261996, -16.4873381626634, 4.9966591327154, 8.80107138981803, -3.57143587507378, 1.31898705301307, 2.40666226425891, -1.08968863662734, 3.73376983936709, -106.976982887142
47507.7488679098, -20.1248242708684, 96.2486038208008, -20, 0.390148178231803, 28.6090202331543, -80.5975494384766, -72.2142637609548, -16.2752506713522, 4.92879113549585, 8.73736043842405, -3.57416441830444, 1.08993256236305, 2.41842202139219, -1.34382655758205, 3.81813802389185, -110.615942655008
47507.8088679098, -20.1229710085367, 95.0413208007813, -20, 0.393481568879927, 28.6090221405029, -80.5975494384766, -72.2142637609548, -16.063163180041, 5.77714110087639, 8.66629343210247, -2.39903699437253, 1.07296556305815, 2.4252464693828, -1.32383457144569, 2.73987082546898, -118.895681395885
47507.8688679098, -20.1234920374986, 93.834098815918, -20, 0.402183172475363, 28.6090221405029, -80.597541809082, -71.3659137957101, -16.063163180041, 4.86092313827627, 8.60076452702618, -3.47748878069584, 1.28505305440328, 2.42806206396955, -1.03330556669621, 3.62758007544422, -106.557619040008
47507.9288679098, -20.1243135754886, 92.626823425293, -20, 0.404215040353981, 28.6090240478516, -80.5975341796875, -70.5175638304653, -15.8510756887299, 4.7930551410567, 8.54173369744179, -3.55532334392084, 1.05599856375325, 2.42964898011826, -1.29861266072204, 3.78477923076019, -110.075431379076
47507.9888679097, -20.1215993416474, 91.4196472167969, -20, 0.39062254520013, 28.6090259552002, -80.597526550293, -69.6692138652206, -15.6389881974187, 4.7251871438371, 8.47791134047801, -3.51451447294401, 1.03903156444836, 2.42668322173364, -1.27071999547999, 3.73691256677718, -109.888129257763
47508.0488679097, -20.1169641769232, 90.2127685546875, -20, 0.380862203007146, 28.6090278625488, -80.597526550293, -69.6692138652206, -15.4269007061075, 5.57353710921765, 8.41963504379564, -2.48373122005184, 1.02206456514346, 2.4194378927663, -1.24042871804739, 2.77608001119071, -116.543912175022
47508.1088679097, -20.1134602993719, 89.0061111450195, -20, 0.382170439107776, 28.6090278625488, -80.5975189208984, -68.8208638999759, -15.4269007061075, 4.65731914661754, 8.36975441525345, -3.60952016349745, 1.2341520564886, 2.41073445105749, -0.961604420402392, 3.73525035932536, -104.926332330686
47508.1688679097, -20.1110846038288, 87.7996215820313, -20, 0.384363743179286, 28.6090297698975, -80.5975112915039, -67.9725139347311, -15.2148132147963, 4.58945114939796, 8.32567498180641, -3.69832012528435, 1.00509756583857, 2.40006026351221, -1.20479030337866, 3.88935404935849, -108.054373591217
47508.2288679097, -20.111902814418, 86.593147277832, -20, 0.396000373870098, 28.6090316772461, -80.5975112915039, -67.9725139347311, -15.0027257234851, 5.43780111477849, 8.27555742545604, -2.56148052395055, 0.988130566533675, 2.38408190279054, -1.15377250870773, 2.80917896767478, -114.25401801209
47508.2888679097, -20.1176448013512, 85.3863830566406, -20, 0.412692141325959, 28.6090316772461, -80.5975036621094, -67.1241639694864, -15.0027257234851, 4.52158315217836, 8.2317684238508, -3.67390693576832, 1.20021805787881, 2.36941360854563, -0.895467748099588, 3.78131661747757, -103.70652435022
47508.3488679097, -20.1214508839949, 84.1793594360352, -20, 0.414433334905083, 28.6090335845947, -80.5974960327148, -66.2758140042416, -14.7906382321739, 4.4537151549588, 8.19622764632751, -3.79742734773116, 0.971163567228782, 2.35353753112779, -1.14003343662534, 3.96462193046936, -106.720905231536
47508.4088679097, -20.1219679398745, 82.9722061157227, -20, 0.404249460879896, 28.6090335845947, -80.5974960327148, -66.2758140042416, -14.7906382321739, 5.30206512033933, 8.15577704640414, -2.68348067251309, 1.18325105857391, 2.32989074593096, -0.780133210784847, 2.79450018207025, -106.215182858401
47508.4688679097, -20.1191545553525, 81.7651596069336, -20, 0.391254748921195, 28.6090354919434, -80.5974884033203, -65.4274640389969, -14.5785507408628, 4.38584715773922, 8.12443370848592, -3.83864599412758, 0.954196567923885, 2.30259001890368, -0.986507344892253, 3.96319861327693, -104.42240500843
47508.5288679097, -20.1111517934556, 80.5584487915039, -20, 0.367888070197816, 28.609037399292, -80.5974807739258, -64.5791140737522, -14.3664632495516, 4.31797916051964, 8.10133408136639, -3.97707515919978, 0.937229568618992, 2.27364956138513, -0.956543742116117, 4.09030961530704, -103.533457208117
47508.5888679097, -20.1057298558928, 79.3521118164063, -20, 0.37247045749712, 28.609037399292, -80.5974807739258, -64.5791140737522, -14.3664632495516, 5.16632912590017, 8.0715405691089, -2.85810726150956, 1.14931705996413, 2.2375497793178, -0.587778708153366, 2.91787153876582, -101.625525418061
47508.6488679096, -20.1043753075654, 78.1459197998047, -20, 0.385257908878077, 28.6090393066406, -80.5974731445313, -63.7307641085074, -14.1543757582404, 4.25011116330005, 8.0511411705757, -4.02931129365184, 0.920262569314094, 2.2016761916984, -0.822626584443148, 4.11229230911187, -101.547838779879
47508.7088679096, -20.1062797414477, 76.9396514892578, -20, 0.397963569242277, 28.6090412139893, -80.5974655151367, -62.8824141432627, -13.9422882669292, 4.18224316608048, 8.03781946916965, -4.16785716569233, 0.903295570009204, 2.16563264451722, -0.798792533618136, 4.24358068159343, -100.858488000266
47508.7688679096, -20.1109937576393, 75.7330932617188, -20, 0.411433037834408, 28.6090412139893, -80.5974655151367, -62.8824141432627, -13.9422882669292, 5.03059313146101, 8.0159407986786, -3.03980432038282, 1.11538306135434, 2.12276465528879, -0.532577414809639, 3.08606267430022, -99.9418615583454
47508.8288679096, -20.1131828920881, 74.5263214111328, -20, 0.405107621592223, 28.6090431213379, -80.5974578857422, -62.0340641780179, -13.730200775618, 4.11437516886089, 8.00184598806145, -4.20252318400489, 0.886328570704302, 2.08077316095603, -0.659364653014263, 4.25384331063954, -98.9245385369949
47508.8888679096, -20.1129905107295, 73.3194961547852, -20, 0.397354302011579, 28.6090431213379, -80.5974502563477, -61.1857142127732, -13.730200775618, 4.04650717164132, 7.98753396374434, -4.26698283056293, 1.09841606204944, 2.02434777621513, -0.193365856634936, 4.27135384629418, -92.5970759608621
47508.9488679096, -20.1116645791557, 71.7104644775391, -14.7199150065521, 1, 28.6090450286865, -80.5974502563477, -61.1857142127732, -13.5181132843068, 4.89485713702186, 7.96915894716572, -3.18812751067607, 0.869361571399415, 1.97793628519758, -0.513341538271574, 3.22914919657292, -99.1515840079927
47509.0088679096, -20.1089583029603, 70.5040435791016, -20, 0.0784725966242298, 28.6090450286865, -80.5974426269531, -60.3373642475284, -13.5181132843068, 3.97863917442174, 7.95675322498045, -4.33478201154678, 1.08144906274455, 1.9304214024487, -0.191294155447455, 4.33899282048107, -92.5292306013191
47509.0688679096, -20.0520092227724, 69.300651550293, -20, 0.01, 28.6090469360352, -80.5974349975586, -59.4890142822837, -13.3060257929956, 3.91077117720216, 7.93979056971569, -4.3527165027256, 0.852394572094516, 1.87884558916605, -0.364275133554251, 4.36790361032823, -94.7884382981374
47509.1288679096, -20.01127306384, 68.0997009277344, -20, 0.01, 28.6090469360352, -80.5974349975586, -59.4890142822837, -13.3060257929956, 4.7591211425827, 7.91639275986367, -3.2441619895337, 1.06448206343965, 1.83150452682074, -0.0957685919839311, 3.24557372957764, -91.6917992957283
47509.1888679096, -20.0305266869011, 66.8976593017578, -20, 0.0886916731290118, 28.6090488433838, -80.5974273681641, -58.640664317039, -13.0939383016845, 3.84290317998259, 7.89962928957081, -4.39228481156993, 0.835427572789621, 1.78994799459968, -0.379184155603385, 4.40858987946113, -94.9388641952624
47509.2488679095, -20.1284018937369, 65.6915893554688, -20, 0.429448990236074, 28.6090507507324, -80.5974273681641, -58.640664317039, -12.8818508103733, 4.69125314536312, 7.88118971423071, -3.33729027417114, 0.818460573484727, 1.75084886404941, -0.377759047794981, 3.35857810013948, -96.4615887235579
47509.3088679095, -20.2310426763027, 64.479606628418, -20, 0.528139996753719, 28.6090507507324, -80.5974197387695, -57.7923143517942, -12.8818508103733, 3.77503518276298, 7.85569150972899, -4.33801608605753, 1.03054806482986, 1.71005698247263, -0.0577839953714829, 4.33840018560113, -90.7638854526105
47509.3688679095, -20.3063506035179, 63.2624359130859, -20, 0.498195872486103, 28.6090526580811, -80.597412109375, -56.9439643865495, -12.6697633190621, 3.70716718554343, 7.82945408945551, -4.38305399281598, 0.801493574179835, 1.67020050565588, -0.29469688373195, 4.3929305800477, -93.8502479126906
47509.4288679095, -20.3458445600532, 62.0422248840332, -20, 0.411448669108838, 28.6090526580811, -80.597412109375, -56.9439643865495, -12.6697633190621, 4.55551715092396, 7.79542041680843, -3.24817504539354, 1.01358106552497, 1.62967733778791, 0.0147331600738218, 3.24820842295098, -89.7399787848941
47509.4888679095, -20.3605931447799, 60.8206672668457, -20, 0.341844743616313, 28.6090545654297, -80.5974044799805, -56.0956144213047, -12.4576758277509, 3.63929918832383, 7.76607054904598, -4.36173087086871, 0.784526574874935, 1.59348342992649, -0.260477513457993, 4.36948665263621, -93.4208622613451
47509.5488679095, -20.3678164949222, 59.598560333252, -20, 0.323642757928937, 28.6090545654297, -80.5973968505859, -55.24726445606, -12.4576758277509, 3.57143119110427, 7.73364868635605, -4.37604361352118, 0.996614066220072, 1.56137627477718, -0.00865032211739286, 4.37605214662211, -90.1133691828216
47509.6088679095, -20.3803604818217, 58.3758430480957, -20, 0.352554484753962, 28.6090545654297, -80.5973968505859, -55.24726445606, -12.4576758277509, 4.4197811564848, 7.69326665930786, -3.23192767031279, 0.996614066220072, 1.5313614898937, 0.00612286862697109, 3.23193346402476, -89.8913960169198
47509.6688679095, -20.3992746426945, 57.1521263122559, -20, 0.39011755062811, 28.6090564727783, -80.5973892211914, -54.3989144908153, -12.2455883364397, 3.50356319388468, 7.65924548530296, -4.35666575644459, 0.767559575570044, 1.50881624102887, -0.316828335712889, 4.36814871235074, -94.1633551503796
47509.7288679095, -20.4214594897841, 55.9270515441895, -20, 0.420032094159979, 28.6090564727783, -80.5973892211914, -54.3989144908153, -12.2455883364397, 4.35191315926522, 7.62184453440179, -3.26192884676322, 0.979647066915177, 1.48923941196809, -0.0688211046780821, 3.26265398526517, -91.2093160491909
47509.7888679095, -20.4382862501439, 54.7008399963379, -20, 0.416948072095777, 28.609058380127, -80.5973815917969, -53.5505645255705, -12.0335008451285, 3.43569519666511, 7.57596336512082, -4.22401497583533, 0.750592576265147, 1.47217155519719, -0.348727735623033, 4.23835972370384, -94.7237717220602
47509.8488679095, -20.4464050836738, 53.4739761352539, -20, 0.395755931399335, 28.609058380127, -80.5973739624023, -52.7022145603258, -12.0335008451285, 3.36782719944552, 7.52937807513457, -4.36230548314563, 0.962680067610282, 1.46071318043414, -0.13686633624842, 4.3644478817383, -91.7987869776043
47509.9088679094, -20.4489325025347, 52.2468452453613, -20, 0.380486615096026, 28.6090602874756, -80.5973739624023, -52.7022145603258, -11.8214133538173, 4.21617716482606, 7.47628579523012, -3.10099772980482, 0.733625576960252, 1.45236300468471, -0.433224746726802, 3.13108404661355, -97.9567893192411
47509.9688679094, -20.4462829715239, 51.0197830200195, -20, 0.362449339626809, 28.6090602874756, -80.5973663330078, -51.853864595081, -11.8214133538173, 3.29995920222595, 7.42996664367395, -4.21508559101577, 0.945713068305387, 1.4519211402296, -0.25757635756556, 4.22293409682006, -93.5000310952685
47510.0288679094, -20.4439252192296, 49.7928504943848, -20, 0.362867509170365, 28.6090621948242, -80.5973663330078, -51.853864595081, -11.6093258625062, 4.14830916760648, 7.38231154172038, -3.12846040766286, 0.716658577655359, 1.45516666756413, -0.573653401903236, 3.18056844696614, -100.395553315312
47510.0888679094, -20.4458820430664, 48.5659065246582, -20, 0.380152534808101, 28.6090621948242, -80.5973587036133, -51.0055146298363, -11.6093258625062, 3.23209120500636, 7.32755702465233, -4.0936796706366, 0.928746069000493, 1.46139410990689, -0.356760082011825, 4.10916954504381, -94.9848725932232
47510.1488679094, -20.4514869585249, 47.3386764526367, -20, 0.398151233458056, 28.6090641021729, -80.5973510742188, -50.1571646645916, -11.397238371195, 3.1642232077868, 7.27284712116139, -4.11238069322962, 0.699691578350461, 1.47225319791274, -0.691436370008909, 4.17000455215016, -99.5519959667879
47510.2088679094, -20.4568673987814, 46.1111335754395, -20, 0.403077937185597, 28.6090641021729, -80.5973510742188, -50.1571646645916, -11.397238371195, 4.01257317316732, 7.21293853386277, -2.97240381114577, 0.911779069695598, 1.48657028711942, -0.489036774187029, 3.01232913070401, -99.3469338291666
47510.2688679094, -20.4590150192104, 44.8833999633789, -19.9299050138476, 0.451683286373472, 28.6090660095215, -80.5973434448242, -49.3088146993468, -11.1851508798838, 3.09635521056719, 7.15962822143546, -4.07631370388287, 0.68272457904557, 1.50661492145567, -0.845725509680784, 4.16297704135286, -101.730249787476
47510.3288679094, -20.4572274191237, 43.655689239502, -19.7167805477391, 0.609856718083625, 28.6090660095215, -80.5973434448242, -49.3088146993468, -11.1851508798838, 3.94470517594774, 7.1042369878991, -2.97291077317563, 0.894812070390703, 1.53019153941939, -0.655213525584802, 3.04419412798343, -102.434125435914
47510.3888679094, -20.4448556796287, 42.4284515380859, -19.3658727259426, 0.848642068085435, 28.6090660095215, -80.5973358154297, -48.4604647341021, -11.1851508798838, 3.02848721334763, 7.04072556891581, -3.9173641140465, 0.894812070390703, 1.55493470741874, -0.696966901124312, 3.97878716537441, -100.09580620845
47510.4488679094, -20.4011120269595, 41.2031631469727, -18.8994443505856, 1, 28.6090679168701, -80.5973358154297, -48.4604647341021, -10.9730633885726, 3.87683717872817, 6.97499197618794, -2.80010099974523, 0.665757579740675, 1.58447710652771, -1.055826711655, 2.99239836868066, -110.666282634522
47510.5088679093, -20.3042795683893, 39.9826049804688, -18.3469921105148, 1, 28.6090679168701, -80.5973281860352, -47.6121147688573, -10.9730633885726, 3.17270670747319, 6.89843326940296, -3.44717141245759, 0.877845071085808, 1.6145146421283, -0.842760131421177, 3.54857410710612, -103.745622942993
47510.5688679093, -20.1471678529531, 38.7703247070313, -17.7284630577345, 1, 28.6090698242188, -80.5973205566406, -46.7637648036126, -10.7609758972614, 2.89275121890847, 6.81826362223105, -3.65316032569551, 0.648790580435776, 1.64683193264336, -1.17980264277879, 3.83870132571768, -107.908241656542
47510.6288679093, -19.9406980952982, 37.5695533752441, -17.0422015373362, 1, 28.6090698242188, -80.5973205566406, -46.7637648036126, -10.7609758972614, 3.74110118428901, 6.7286727055492, -2.43521111501853, 0.860878071780913, 1.67855428310473, -0.957905678907162, 2.61673152275768, -111.477476706704
47510.6888679093, -19.6924589823309, 36.3829460144043, -16.2810949699722, 1, 28.6090717315674, -80.5973129272461, -45.9154148383678, -10.5488884059502, 2.82488322168889, 6.64010071525267, -3.44086467613354, 0.631823581130885, 1.7096798881348, -1.26480105319329, 3.66569880771461, -110.192184730524
47510.7488679093, -19.4136069320188, 35.2125244140625, -15.4364830773197, 1, 28.6090717315674, -80.5973129272461, -45.9154148383678, -10.5488884059502, 3.67323318706943, 6.55023829010424, -2.30383166203932, 0.843911072476018, 1.73970978005245, -1.03591228197895, 2.52590106122291, -114.215558025278
47510.8088679093, -19.1107118239338, 34.0599060058594, -14.5040648645041, 1, 28.609073638916, -80.5973052978516, -45.0670648731231, -10.336800914639, 2.75701522446932, 6.4564823062997, -3.2540701302753, 0.614856581825987, 1.76664853990571, -1.31288393710876, 3.50867252763179, -111.981006873344
47510.8688679093, -18.789139416614, 32.9262962341309, -13.4791111750296, 1, 28.609073638916, -80.5973052978516, -45.0670648731231, -10.336800914639, 3.60536518984985, 6.36478429201054, -2.14824790128985, 0.826944073171123, 1.79188582715747, -1.07222793123129, 2.40085463579244, -116.528610236987
47510.9288679093, -18.4527279901596, 31.8126201629639, -12.3593500133505, 1, 28.6090755462646, -80.597297668457, -44.2187149078784, -10.1247134233279, 2.68914722724973, 6.26969520880579, -3.10184019619147, 0.597889582521095, 1.81225010259631, -1.32352894871286, 3.37215505782414, -113.115797607549
47510.9888679093, -18.1032142992035, 30.7197189331055, -11.1464538571882, 1, 28.6090755462646, -80.597297668457, -44.2187149078784, -10.1247134233279, 3.53749719263027, 6.17877516184289, -2.01799131058591, 0.809977073866229, 1.83041498772, -1.06944018084032, 2.28375091959595, -117.925004203388
47511.0488679093, -17.7469558279469, 29.6481323242188, -9.8375038146346, 1, 28.6090774536133, -80.5972900390625, -43.3703649426336, -9.91262593201667, 2.62127923003015, 6.08658704056709, -2.99622556172997, 0.580922583216201, 1.8432251169999, -1.30688754782989, 3.26860298108551, -113.573519618579
47511.1088679093, -17.3832507238275, 28.5982189178467, -8.43184246076201, 1, 28.6090774536133, -80.5972900390625, -43.3703649426336, -9.91262593201667, 3.46962919541069, 5.99997595513473, -1.93156086725342, 0.793010074561334, 1.85327097855298, -1.03743107134907, 2.19243764918194, -118.243228205886
47511.1888679092, -17.0149966322297, 27.5703411102295, -6.93256000553093, 1, 28.6090793609619, -80.597282409668, -42.5220149773889, -9.70053844070549, 2.55341123281057, 5.91332231054125, -2.92862840389642, 0.563955583911304, 1.85775306640283, -1.26281350699713, 3.18907089796566, -113.332909353833
47511.2488679092, -16.1952913901651, 26.5765361785889, -5.5895208364903, 1, 28.6090793609619, -80.597282409668, -42.5220149773889, -9.70053844070549, 3.40176119819111, 5.41396583458047, 2.81444031726502, 0.776043075256439, 1.72336866793979, 0.541049228768312, 2.86593319570016, 79.1140743050723
47511.3088679092, -13.6291253625889, 25.6964473724365, -5.84972644921568, 0.01, 28.6090812683105, -80.5972747802734, -41.6736650121441, -9.4884509493943, 2.485543235591, 3.61409311824984, 15, 0.546988584606411, 0.950297325473033, 7.58049690676347, 16.767335580139, 62.9922519695776
47511.3688679092, -8.03442494768768, 25.1288681030273, -10.336450502835, 0.01, 28.6090812683105, -80.5972747802734, -41.6736650121441, -9.4884509493943, 3.33389320097153, 3.9627293823673, -4.24134336111642, 0.759076075951544, 1.16586371136328, -2.31029912442448, 4.82873912703643, -118.593006078061
47511.4288679092, -6.83019185685776, 24.7149353027344, -11.7529606658779, 0.01, 28.6090812683105, -80.5972671508789, -40.8253150468994, -9.4884509493943, 2.41767523837142, 3.97459880472957, -1.98831395911984, 0.759076075951544, 1.17787259272354, -0.289386014341028, 2.00925435065038, -98.2824839383801
47511.4888679092, -6.62727067708027, 24.31471824646, -10.3368203386735, 0.01, 28.6090831756592, -80.5972671508789, -40.8253150468994, -9.27636345808312, 3.26602520375195, 3.96823648401942, -0.780763111825894, 0.530021585301515, 1.17500285344257, -0.412408498308711, 0.882984302549879, -117.844082818009
47511.5488679092, -6.51233359898427, 23.9224681854248, -8.76676136369203, 0.01, 28.6090831756592, -80.5972671508789, -40.8253150468994, -9.27636345808312, 3.26602520375195, 3.98832303091866, -1.06978902293729, 0.742109076646649, 1.1776859191534, -0.216912583579792, 1.09155584133297, -101.462638543103
47511.6088679092, -6.46981928826456, 23.5335311889648, -7.06033066171342, 0.01, 28.6090850830078, -80.5972595214844, -39.9769650816547, -9.06427596677193, 2.34980724115183, 4.02932915921915, -2.42866145921486, 0.51305458599662, 1.18158471113431, -0.509014903514742, 2.48139828699063, -101.840385767667
47511.6688679092, -6.48705458989611, 23.144115447998, -5.23084556977654, 1, 28.6090850830078, -80.5972595214844, -39.9769650816547, -9.06427596677193, 3.19815720653237, 4.08160085462661, -1.58655327252356, 0.725142077341755, 1.18677662734063, -0.273948436334257, 1.61002479791729, -99.7977931919928
47511.7288679092, -6.55160623907721, 22.7511749267578, -3.28969162407768, 1, 28.6090869903564, -80.5972518920898, -39.1286151164099, -8.85218847546075, 2.28193924393226, 4.1441582345028, -2.86505785959301, 0.496087586691727, 1.19077429123907, -0.542085310734349, 2.91584774195383, -100.718243631842
47511.7888679091, -0.70180628651562, 22.5915546417236, -6.30427021545605, 0.01, 28.6090869903564, -80.5972518920898, -39.1286151164099, -8.85218847546075, 3.13028920931279, 4.19656233821393, -1.80902982780017, 0.70817507803686, 1.2017569175375, -0.37090524579311, 1.84664937166922, -101.588566031559
